filename,Code,Name
PMAD001400001.jpg,PMAD001400001,اديداس ييزي سليد ابيض
PMAD001400002.jpg,PMAD001400002,اديداس ييزي سليد بيج
PMAD001400005.jpg,PMAD001400005,اديداس ييزي سليد بلك
PMAD001400006.jpg,PMAD001400006,اديداس ييزي سليد بلك مقاسات خاصة
PMAD001400007.jpg,PMAD001400007,اديداس ييزي سليد بيج مقاسات خاصة
PMAD005200001.jpg,PMAD005200001,اديداس Y-3 Qasa Sandal Black
PMAD005200002.jpg,PMAD005200002,اديداس Y-3 Qasa Sandal Core Black
PMAD007200001.jpg,PMAD007200001,اديداس Maxxclog Sandals Core Black
PMAD007200002.jpg,PMAD007200002,اديداس Maxxclog Sandals Core White
PMAD009600001.jpg,PMAD009600001,adidas Samba Mule Woven Basketweave Cream White
PMAD009600002.jpg,PMAD009600002,adidas Samba Mule Basketweave Core Black Gold Metallic accents
PMAD009600003.jpg,PMAD009600003,adidas Samba Mule White Black Gum
PMAD009600004.jpg,PMAD009600004,adidas Samba Mule Black White Gum
PMAD009600005.jpg,PMAD009600005,"Adidas Samba OG Mule Brown
Cardboard white"
PMAD009600006.jpg,PMAD009600006,"adidas Samba Mule Beige Off White
Gum"
PMAD010100001.jpg,PMAD010100001,"adidas Adilette Slides grey charcoal
brand logo printed"
PMAD010100002.jpg,PMAD010100002,"adidas Adilette Slides black white
graphic logo bandage"
PMAD010100003.jpg,PMAD010100003,"adidas Adilette Slides gray
medium-grey tone"
PMAD010100004.jpg,PMAD010100004,adidas Adilette Slides Black&Grey Striped camouflage print
PMAD010100005.jpg,PMAD010100005,"adidas Adilette Slides black three
white stripes"
PMAD010100006.jpg,PMAD010100006,"adidas Adilette Slides black Cloud
White text&logo"
PMAD010100007.jpg,PMAD010100007,"adidas Adilette Slides White black
logo&text"
PMAD010100008.jpg,PMAD010100008,adidas Adilette Slides black logo graphic print bandage strap
PMAD010100009.jpg,PMAD010100009,"adidas Adilette Slides black white
strap black 3-Stripes"
PMAD010200001.jpg,PMAD010200001,adidas Lightblaze Slides Black White
PMAD010200002.jpg,PMAD010200002,adidas Lightblaze Slides White black
PMAQ001400001.jpg,PMAQ001400001,"Alexander McQueen Arc Clogs green
silver-tone metal buckle"
PMAQ001400002.jpg,PMAQ001400002,"Alexander McQueen Arc Clogs black
silver-tone metal buckle"
PMAQ001400003.jpg,PMAQ001400003,"Alexander McQueen Arc Clogs white
silver-tone metal buckle"
PMAQ001500001.jpg,PMAQ001500001,"ALEXANDER MCQUEEN Sandal
brown metal triangle logo"
PMAQ001500002.jpg,PMAQ001500002,"ALEXANDER MCQUEEN Sandal
BLACK toe-post metal triangle logo"
PMAQ001500003.jpg,PMAQ001500003,"ALEXANDER MCQUEEN Sandal
BLACK metal triangle logo"
PMAR000600001.jpg,PMAR000600001,Amiri Ma Paisley black Sandals
PMAR000600002.jpg,PMAR000600002,"Amiri Ma Paisley LIGHT BLUE
Sandals"
PMAR000600003.jpg,PMAR000600003,"Amiri Ma Paisley Black & Off-White
Sandals"
PMAX000100001.jpg,PMAX000100001,"Alexander Wang Vy Pool Sandals
ambskin leather bla"
PMAX000100002.jpg,PMAX000100002,"Alexander Wang Vy Pool Sandals blue
cloth"
PMAY000400001.jpg,PMAY000400001,Alo Yoga Unisex It Slide triple black
PMAY000400002.jpg,PMAY000400002,Alo Yoga Unisex It Slide triple white
PMAY000400003.jpg,PMAY000400003,Alo Yoga Unisex It Slide brown
PMAY000600001.jpg,PMAY000600001,"ALO Sunset Sneaker Mule Gravel
beige white"
PMAY000600002.jpg,PMAY000600002,"Alo Yoga Sunset Sneaker Mule Black
white"
PMAY000600003.jpg,PMAY000600003,Alo Yoga Sunset Sneaker Mule Sundrenched Pink white
PMAY000600004.jpg,PMAY000600004,"Alo Yoga Sunset Sneaker Mule
Sandstone"
PMBA001300001.jpg,PMBA001300001,بلنسيجا سليبر بلك
PMBK000200001.jpg,PMBK000200001,birkenstock Arizona Softbed bs bruine
PMBK000300001.jpg,PMBK000300001,Birkenstock Catalina Birko-Flo rBlack
PMBK000300002.jpg,PMBK000300002,"Birkenstock Catalina Birko-Flor gray
metal"
PMBK000400001.jpg,PMBK000400001,"Birkenstock Milano Earthy Vegan
Faded Khaki"
PMBK000400002.jpg,PMBK000400002,Birkenstock Milano Dark Brown
PMBK000400003.jpg,PMBK000400003,Birkenstock Milano High-Shine Ecru
PMBK000500001.jpg,PMBK000500001,"Birkenstock Madrid Big Birko-Flo
White"
PMBK000500002.jpg,PMBK000500002,"Birkenstock Madrid  Big Birko-Flo Old
Rose"
PMBK000500003.jpg,PMBK000500003,"Birkenstock Madrid  Big Birko-Flo
Cognac"
PMBK000500004.jpg,PMBK000500004,"Birkenstock Madrid  Big Birko-Flo
Black Nubuck"
PMBK000500005.jpg,PMBK000500005,"Birkenstock Madrid  Big Birko-Flo
BuckleLeather"
PMBK000600001.jpg,PMBK000600001,"Birkenstock Mayari Birko-Flo Pearl
White"
PMBK000700001.jpg,PMBK000700001,"Birkenstock PIAZZA  Birko-Flo Black
Patent"
PMBK000700002.jpg,PMBK000700002,"Birkenstock PIAZZA  Birko-Flo Red
patent"
PMBK000700003.jpg,PMBK000700003,"Birkenstock PIAZZA  Birko-Flo White
Patent"
PMBK000700004.jpg,PMBK000700004,"Birkenstock PIAZZA  Birko-Flo purple
Patent"
PMBK000700005.jpg,PMBK000700005,"Birkenstock PIAZZA  Birko-Flo Silver
Patent"
PMBK000700006.jpg,PMBK000700006,"Birkenstock PIAZZA  Birko-Flo růžové
Patent"
PMBK000800001.jpg,PMBK000800001,birkenstock Arizona Softbed bs bruine
PMBK000800002.jpg,PMBK000800002,"Birkenstock Arizona Softbed  triple
black"
PMBK000800003.jpg,PMBK000800003,Birkenstock Arizona Softbed  light gray
PMBK000800004.jpg,PMBK000800004,Birkenstock Arizona Softbed  Kyoto
PMBK000800005.jpg,PMBK000800005,Birkenstock Arizona Softbed Habanna
PMBK000800006.jpg,PMBK000800006,"Birkenstock Arizona Softbed Muted
Olive Green"
PMBK000800007.jpg,PMBK000800007,Birkenstock Arizona Softbed beige
PMBK000800008.jpg,PMBK000800008,"Birkenstock Arizona Softbed dark
brown"
PMBK000800009.jpg,PMBK000800009,Birkenstock Arizona Softbed   Purple
PMBK000800010.jpg,PMBK000800010,"Birkenstock Arizona Softbed  Vegan
Berry"
PMBK000800011.jpg,PMBK000800011,"Birkenstock Arizona Softbed Olive
Green"
PMBK000800012.jpg,PMBK000800012,"birkenstock Arizona Softbed Faded
Mocha"
PMBK000800013.jpg,PMBK000800013,birkenstock Arizona Softbed Taupe
PMBK000800014.jpg,PMBK000800014,birkenstock Arizona Softbed Black
PMBK000800015.jpg,PMBK000800015,"birkenstock Arizona Softbed Dark
Brownbirkenstock"
PMBK000800016.jpg,PMBK000800016,"birkenstock Arizona Softbed Latte
Cream"
PMBK000800017.jpg,PMBK000800017,"birkenstock Arizona Softbed  Name
Brun"
PMBK000800018.jpg,PMBK000800018,"birkenstock Arizona Softbed BBrown
Cognac"
PMBK000800019.jpg,PMBK000800019,"birkenstock Arizona Softbed Habana
Oiled Leather"
PMBK000800020.jpg,PMBK000800020,"birkenstock Arizona Softbed Graceful
Taupe"
PMBK000800021.jpg,PMBK000800021,birkenstock Arizona SoftbedSELIVER
PMBK000800022.jpg,PMBK000800022,birkenstock Arizona Softbed GOLD
PMBK000900001.jpg,PMBK000900001,Birkenstock Gizeh Birko Flor Black
PMBK001000001.jpg,PMBK001000001,"Birkenstock Franca Vegan Canvas
Eggshell"
PMBk001200001.jpg,PMBk001200001,"Birkenstock Kyoto sandals BLACK
BLACK SOLE"
PMBk001200002.jpg,PMBk001200002,Birkenstock Kyoto sandals taupe
PMBk001200004.jpg,PMBk001200004,"Birkenstock Kyoto sandals PINK
BLACK SOLE"
PMBU000200003.jpg,PMBU000200003,Burberry Vintage Check Slides Archive Beige black sole
PMCD000100004.jpg,PMCD000100004,"Sandal Flat Light Black Beige   كريستيان
ديور"
PMCD000100005.jpg,PMCD000100005,كريستيان ديور Sandal Flat light blue
PMCD000100006.jpg,PMCD000100006,كريستيان ديور Sandal Flat Light Pink
PMCD000100007.jpg,PMCD000100007,"Light Grey CD DWAY SLIDES كريستيان
ديور"
PMCD000100008.jpg,PMCD000100008,Red CD DWAY SLIDES  كريستيان ديور
PMCD000100009.jpg,PMCD000100009,"Black White CD DWAY SLIDES
كريستيان ديور"
PMCD000100010.jpg,PMCD000100010,"Fuchsia CD DWAY SLIDES  كريستيان
ديور"
PMCH000400001.jpg,PMCH000400001,"Chanel Quilted Tab Loafers White
Leather"
PMCH000700001.jpg,PMCH000700001,Chanel Crochet CC Mules beige
PMCH000700002.jpg,PMCH000700002,Chanel Crochet CC Mules PINK
PMCH000700003.jpg,PMCH000700003,Chanel Crochet CC Mules BROWN
PMCH000700004.jpg,PMCH000700004,Chanel Crochet CC Mules BLACK
PMCH000800001.jpg,PMCH000800001,CHANEL Black CC Logo sandel
PMCH000800002.jpg,PMCH000800002,CHANEL GOLD CC Logo sandel
PMCH000800003.jpg,PMCH000800003,"CHANEL BEIGE BROWN CC Logo
sandel"
PMCH000800004.jpg,PMCH000800004,"CHANEL BEIGE WHITE CC Logo
sandel"
PMCH000800005.jpg,PMCH000800005,"CHANEL RED WHITE CC Logo
sandel"
PMCH000800006.jpg,PMCH000800006,"CHANEL BEIGR GOLD CC Logo
sandel"
PMCH000800007.jpg,PMCH000800007,CHANEL SELIVER CC Logo sandel
PMCH000800008.jpg,PMCH000800008,"CHANEL BLACK BEIGE CC Logo
sandel"
PMCH000800009.jpg,PMCH000800009,CHANEL GOLD CC Logo sandel
PMCH000800010.jpg,PMCH000800010,CHANEL SELIVER CC Logo sandel
PMCH000800011.jpg,PMCH000800011,CHANEL BLACK CC Logo sandel
PMCH000800013.jpg,PMCH000800013,"CHANEL BLACK GOLD CC Logo
sandel"
PMCH000800014.jpg,PMCH000800014,"CHANEL BLACK WHITE CC Logo
sandel"
PMCH000800015.jpg,PMCH000800015,"Chanel slide BLACK sandals feature a
prominent black ""CC"" logo"
PMCH000800016.jpg,PMCH000800016,"Chanel slide RED sandals feature a prominent black ""CC"" logo"
PMCH000800017.jpg,PMCH000800017,"Chanel slide BEIGE sandals feature a
prominent black ""CC"" logo"
PMCH000800018.jpg,PMCH000800018,"Chanel slide WHITE sandals feature a
prominent black ""CC"" logo"
PMCH001000001.jpg,PMCH001000001,"Chanel Crochet Velcro Dad Sandals
black"
PMCR000100001.jpg,PMCR000100001,crocs Mellow Recovery Clog cream
PMCR000100002.jpg,PMCR000100002,"crocs Mellow Recovery Clog Elephant
gray"
PMCR000100003.jpg,PMCR000100003,crocs Mellow Recovery Clog white
PMCR000100004.jpg,PMCR000100004,crocs Mellow Recovery Clog Black
PMCR000200001.jpg,PMCR000200001,Crocs Pollex Clog BIEG
PMCR000200002.jpg,PMCR000200002,Crocs Pollex Clog Niagara gray
PMCR000200003.jpg,PMCR000200003,Crocs Pollex Clog Black
PMCR000300001.jpg,PMCR000300001,"Crocs Crocband Clog navy blue white
midsole red stripe"
PMCR000300002.jpg,PMCR000300002,"Crocs Crocband Clog white black
stripe midsole"
PMCR000300003.jpg,PMCR000300003,"Crocs Crocband Clog white navy blue
White Accent Line"
PMCR000300004.jpg,PMCR000300004,Crocs Crocband Clog Solid Black&accent stripe White
PMCR000300005.jpg,PMCR000300005,"Crocs Crocband Clog Black Gray
croos text"
PMCR000300006.jpg,PMCR000300006,"Crocs Crocband Clog black white
graphic pattern"
PMCR000300007.jpg,PMCR000300007,"Crocs Crocband Clog white black embossed crocs logo Crocs crocodile
emblem"
PMCR000300008.jpg,PMCR000300008,Crocs Crocband Clog Crocs Classic Clog A Bathing Ape ABC Camo Black
PMCR000300009.jpg,PMCR000300009,Crocs Crocband Clog Crocs Classic Clog A Bathing Ape ABC Camo Green
PMCR000300010.jpg,PMCR000300010,"Crocs Crocband Clog black white
Grey Outsole"
PMCR000300011.jpg,PMCR000300011,"Crocs Crocband Clog navy blue white
orange Outsole"
PMCR000300012.jpg,PMCR000300012,"Crocs Crocband Clog white orange
Outsole"
PMCR000300013.jpg,PMCR000300013,Crocs Crocband Clog black dark gray
PMCR000300014.jpg,PMCR000300014,"Crocs Crocband Clog black white white pattern leaves botanical
elements"
PMCR000300015.jpg,PMCR000300015,"Crocs Crocband Clog black pink white
Paint Splatter"
PMCR000400001.jpg,PMCR000400001,Crocs Echo Clog Black / Flame
PMCR000400002.jpg,PMCR000400002,Crocs Echo Clog camouflage pattern slate grey charcoal bone white
PMCR000400003.jpg,PMCR000400003,"Crocs Echo Clog camouflage pattern
Black/Camo Brown"
PMDR000600003.jpg,PMDR000600003,"Dior Sandal black CD logo crossover
straps"
PMDR000600004.jpg,PMDR000600004,"Dior Alias Sandal Navy Blue Dior
Gravity Outline"
PMDR000600005.jpg,PMDR000600005,Dior Alias Sandal black leatherdiamond-shaped metal logo
PMDR000600006.jpg,PMDR000600006,Dior Alias Sandal black wide crossover straps white sole
PMDR000600007.jpg,PMDR000600007,Dior Alias Sandals Oblique Grey
PMDR000600008.jpg,PMDR000600008,"Dior Aqua Sandal Oblique Jacquard
black beige"
PMDR000600009.jpg,PMDR000600009,"Dior Aqua sandals navy blue textured
leather black"
PMDR001400001.jpg,PMDR001400001,ديور Alias Sandal بلك
PMDR001700001.jpg,PMDR001700001,Dior Dway Slide Black gold
PMDR002600001.jpg,PMDR002600001,Dior Aqua slides black beige Dior Oblique jacquard pattern
PMEA001300001.jpg,PMEA001300001,Emporio Armani sandals BLACK
PMGU001000001.jpg,PMGU001000001,"GUCCI Moritz Raffia Effect Slide
Sandals Brown Wic"
PMGU001300001.jpg,PMGU001300001,"Gucci Web Slide Sandal Black Green
Red"
PMGU001300002.jpg,PMGU001300002,"Gucci Web Slide Sandal Black GG Supreme pattern beige brown green
red"
PMGU001300003.jpg,PMGU001300003,"Gucci Web Slide Sandal White black
red logo black sole"
PMHC000100001.jpg,PMHC000100001,هيرميس شيبر Sandal Flat Blue Brown
PMHC000100003.jpg,PMHC000100003,هيرميس شيبر Sandal Flat White
PMHC000100004.jpg,PMHC000100004,هيرميس شيبر Sandal Flat Black
PMHC000100009.jpg,PMHC000100009,"هيرميس شيبر Sandal Flat FUR  ECRU
WHITE"
PMHC000100010.jpg,PMHC000100010,هيرميس شيبر Sandal Flat FUR PINK
PMHC000100011.jpg,PMHC000100011,هيرميس شيبر Sandal Flat FUR ORANGE
PMHC000100012.jpg,PMHC000100012,هيرميس شيبر Sandal Flat FUR BLACK
PMHC000100013.jpg,PMHC000100013,"HERMES CHYPRE Sandal Flat
distinctive moldy"
PMHC000100014.jpg,PMHC000100014,"HERMES CHYPRE Sandal Flat
Honey"
PMHC000100015.jpg,PMHC000100015,HERMES CHYPRE Sandal Flat nude
PMHC000100016.jpg,PMHC000100016,"HERMES CHYPRE Sandal Flat Pink
Orange"
PMHC000100017.jpg,PMHC000100017,HERMES CHYPRE Sandal Flat Green
PMHC000100018.jpg,PMHC000100018,"HERMES CHYPRE Sandal Flat Bleu
Suede"
PMHC000100019.jpg,PMHC000100019,"Hermes Chypre sandal soft pink black
OUTSOLE"
PMHC000100020.jpg,PMHC000100020,Hermes Chypre Sandal Gold Noir Leopard Print Moire black sole
PMHC000100021.jpg,PMHC000100021,"Hermes Chypre Sandals burgundy
beige"
PMHC000100022.jpg,PMHC000100022,"Hermes Chypre Sandals white black
outsole"
PMHC000100023.jpg,PMHC000100023,Hermes Chypre Sandals rose black
PMHG001300001.jpg,PMHG001300001,"HUGO BOSS Darrel Slide Black
Brown"
PMHM001300001.jpg,PMHM001300001,"Hermes Infra sandal black white sole
black H logo"
PMHM001300002.jpg,PMHM001300002,"""Hermes Infra sandal black white sole"
PMHM001300003.jpg,PMHM001300003,Hermès Chypre sandals featuring BROWN suede straps and a white
PMHM001300004.jpg,PMHM001300004,Hermès Chypre sandals featuring black suede straps and a white
PMHM001700001.jpg,PMHM001700001,Hermès Miss sandals SELIVER
PMHM001700002.jpg,PMHM001700002,Hermès Miss sandals black
PMHM001700003.jpg,PMHM001700003,Hermès Miss sandals RED
PMHO000100005.jpg,PMHO000100005,Sandals leather flat Blue هيرميس وهران
PMHO000100006.jpg,PMHO000100006,"Sandals leather flat Orange   هيرميس
وهران"
PMHO000100007.jpg,PMHO000100007,Sandals leather flat Blackهيرميس وهران
PMHO000100008.jpg,PMHO000100008,"Sandals leather flat Brilliant Black
هيرميس وهرا"
PMHO000100009.jpg,PMHO000100009,"Sandals leather flat Brilliant REDهيرميس
وهران"
PMHO000100010.jpg,PMHO000100010,Sandals leather flat Brown هيرميس وهران
PMHO000100012.jpg,PMHO000100012,"Sandals leather flat jeans Blue  هيرميس
وهران"
PMHO000100013.jpg,PMHO000100013,Sandals inlaid flat Black هيرميس وهران
PMHO000100014.jpg,PMHO000100014,"HERMES ORAN Sandals flat jeans
bleu clair"
PMHO000100015.jpg,PMHO000100015,HERMES ORAN Sandals Metallic
PMHO000100016.jpg,PMHO000100016,HERMES ORAN Sandals Beige
PMHO000100017.jpg,PMHO000100017,"""HERMES ORAN Sandals Burgundy
"""
PMHO000100018.jpg,PMHO000100018,HERMES ORAN  Sandals flat Purple
PMHO000100019.jpg,PMHO000100019,"HERMES ORAN  Sandals flat vert
émeraude"
PMHO000100020.jpg,PMHO000100020,"HERMES ORAN  Sandals flat Green
Cactus"
PMHO000100021.jpg,PMHO000100021,"HERMES ORAN  Sandals flat blue
green"
PMHO000100022.jpg,PMHO000100022,"HERMES ORAN  Sandals flat
greenMetallic"
PMHO000100023.jpg,PMHO000100023,"HERMES ORAN  Sandals flat SILVER
BLACK"
PMHO000100024.jpg,PMHO000100024,"HERMES ORAN  Sandals flat Vert
Cactus"
PMHO000100025.jpg,PMHO000100025,"HERMES ORAN  Sandals flat Yellow
Imperial"
PMHO000100026.jpg,PMHO000100026,"HERMES ORAN  Sandals flat
BrownMetallic"
PMHO000100027.jpg,PMHO000100027,هيرميس وهران gold brown
PMHO000100029.jpg,PMHO000100029,"Hermes Oran Sandal Rose Pale
Epsome"
PMHO000100030.jpg,PMHO000100030,"HERMES ORAN  Sandals flat Vert
Embrun"
PmHO000100031.jpg,PmHO000100031,HERMES ORAN  Sandals flat SILVER BLACK Light brown sole edge
PMHO000100032.jpg,PMHO000100032,Hermès Miss sandals SELIVER
PMHO000100033.jpg,PMHO000100033,Hermès Miss sandals BLUE
PMHO000100034.jpg,PMHO000100034,"HERMES ORAN Sandals flat white
brown SOLE"
PMHO000300001.jpg,PMHO000300001,"HERMES ORAN Jackso Noir
Blackclip"
PMHO000300002.jpg,PMHO000300002,Hermes Jackson Noir silver clip
PMHO000300003.jpg,PMHO000300003,Hermes Jackson marine silver clip
PMHO000300004.jpg,PMHO000300004,"Hermes Jackson BRUN FUMÉ silver
clip"
PMHO000300005.jpg,PMHO000300005,Hermes Jackson Étoupe silver clip
PMHO000300006.jpg,PMHO000300006,Hermes Jackson Beige Lin silver clip
PMHO000300007.jpg,PMHO000300007,"Hermes Jackson WhiteBlack silver
clip"
PMHO000300008.jpg,PMHO000300008,Hermes Jackson green silver clip
PMHO000400001.jpg,PMHO000400001,HERMES Gabriel Golden brown
PMHO000400002.jpg,PMHO000400002,HERMES Gabriel lit brwon Khaki Kelly
PMHO000400003.jpg,PMHO000400003,HERMES Gabriel Gold Black
PMHO000400004.jpg,PMHO000400004,"هيرميس وهران  Sandals leather flat Glitter
BROWN BEIGE S"
PMHS000100001.jpg,PMHS000100001,هيرميس slipper burgundy
PMHS000100003.jpg,PMHS000100003,هيرميس slipper Black
PMLP000300001.jpg,PMLP000300001,"Loro Piana Babouche Charms walk
light beige"
PMLP000300002.jpg,PMLP000300002,"Loro Piana Babouche Charms walk
Black"
PMLP000300003.jpg,PMLP000300003,"Loro Piana Babouche Charms walk
Green"
PMLP000300004.jpg,PMLP000300004,"Loro Piana Babouche Charms walk
Pink Sand"
PMLP000300005.jpg,PMLP000300005,"Loro Piana Babouche Charms walk
sky blue"
PMLP000300006.jpg,PMLP000300006,"Loro Piana Babouche Charms walk
RED white"
PMLP000300007.jpg,PMLP000300007,"Loro Piana Babouche Charms walk
navy blue"
PMLP000300008.jpg,PMLP000300008,"Loro Piana Babouche Charms walk
brown"
PMLP000300009.jpg,PMLP000300009,Loro Piana Babouche Charms walk burgundy color gold-toned charms
PMLP000300010.jpg,PMLP000300010,Loro Piana Babouche Charms walk PINK color silver-toned charms
PMLP000300011.jpg,PMLP000300011,"Loro Piana Babouche Charms walk
BEIGE"
PMLP000900001.jpg,PMLP000900001,"Loro Piana Summer Charms slide
sandals GRAY"
PMLP000900002.jpg,PMLP000900002,"Loro Piana Summer Charms slide
sandals BLACK"
PMLP000900003.jpg,PMLP000900003,"Loro Piana Summer Charms slide
sandals BROWN"
PMLP000900004.jpg,PMLP000900004,"Loro Piana Summer Charms slide
sandals BEIGE"
PMLP000900005.jpg,PMLP000900005,"Loro Piana Summer Charms slide
sandals Precious Rose"
PMLP001000001.jpg,PMLP001000001,Loro Piana sandals black pebbled leather crisscross straps white sole
PMLP001000002.jpg,PMLP001000002,Loro Piana sandals NAVY   pebbled leather crisscross straps white sole
PMLP001000003.jpg,PMLP001000003,Loro Piana sandals BROWN   pebbled leather crisscross straps white sole
PMLP001000004.jpg,PMLP001000004,"Loro Piana sandals LIGHT BROWN pebbled leather crisscross straps
white sole"
PMLP001000005.jpg,PMLP001000005,Loro Piana sandals NAVY pebbled leather crisscross straps white sole
PMLP001000006.jpg,PMLP001000006,"Loro Piana sandals LIGHT BEIGE pebbled leather crisscross straps
white sole"
PMLP001000007.jpg,PMLP001000007,Loro Piana sandals BLACK pebbled leather crisscross straps white sole
PMLP001000008.jpg,PMLP001000008,Loro Piana sandals LIGHT BROWN pebbled leather crisscross straps
PMLP001000009.jpg,PMLP001000009,"Loro Piana sandals BLACK pebbled
leather crisscross straps"
PMLV001400003.jpg,PMLV001400003,"LOUIS VUITTONFeel slides brown FF
motif pattern black"
PMLV002200001.jpg,PMLV002200001,Louis Vuitton oasis  black
PMMU000100001.jpg,PMMU000100001,Miu Miu Buckle slingback bright red
PMMU000100002.jpg,PMMU000100002,Miu Miu Buckle slingback black
PMMU000100003.jpg,PMMU000100003,Miu Miu Buckle slingback sepia brown
PMMU000100004.jpg,PMMU000100004,Miu Miu Buckle slingback dark green
PMMU000100005.jpg,PMMU000100005,Miu Miu Buckle slingback white beige
PMMU000200001.jpg,PMMU000200001,Miu Miu Patent leather clogs Orange
PMMU000200002.jpg,PMMU000200002,Miu Miu Patent leather clogs red
PMMU000200003.jpg,PMMU000200003,"Miu Miu Patent leather clogs pink,
brown"
PMMU000200004.jpg,PMMU000200004,"Miu Miu Patent leather clogs white,
brown"
PMMU000200005.jpg,PMMU000200005,Miu Miu Patent leather clogs brown
PMMU000200006.jpg,PMMU000200006,"Miu Miu Patent leather clogs Beige
Black"
PMMU000200007.jpg,PMMU000200007,Miu Miu Patent leather clogs Black
PMMU000300001.jpg,PMMU000300001,MIU MIU Logo Raffia Slides Beige
PMNB002300001.jpg,PMNB002300001,"نيوبالنس Miu Miu Cinnamon 530SL
Mule"
PMNB002300002.jpg,PMNB002300002,نيوبالنس Miu Miu Ecru 530SL Mule
PMNB002300003.jpg,PMNB002300003,نيوبالنس Miu Miu White 530SL Mule
PMNB002300004.jpg,PMNB002300004,"New Balance x Miu Miu 530 SL black
mules"
PMNB002300005.jpg,PMNB002300005,"New Balance x Miu Miu 530 SL
Blue/Off White"
PMNF000800001.jpg,PMNF000800001,نيكد وولف سليبر بلك وايت بلو
PMNF000800002.jpg,PMNF000800002,نيكد وولف سليبر بلك وايت
PMNF000800003.jpg,PMNF000800003,Army Green نيكد وولف سليبر بلك
PMNI004700001.jpg,PMNI004700001,BLACK نايك كالم سليد
PMNI004700002.jpg,PMNI004700002,SESAME نايك كالم سليد
PMNI004700003.jpg,PMNI004700003,SAIL نايك كالم سليد
PMNI006300001.jpg,PMNI006300001,Calm Mule Black Strap نايك
PMNI006300002.jpg,PMNI006300002,Calm Mule White Strap نايك
PMNI006300003.jpg,PMNI006300003,Calm Mule Oil Green Strap نايك
PMNI007800001.jpg,PMNI007800001,نايك ReactX Rejuven8 Sandals Black
PMNI007800002.jpg,PMNI007800002,"نايك ReactX Rejuven8 Sandals Green
Strike"
PMNI010300001.jpg,PMNI010300001,Nike Mind 001 Slide Black Chrome bright orange OUTSOLE
PMNI010300002.jpg,PMNI010300002,Nike Mind 001 Slide White Speed Red
PMNI010300003.jpg,PMNI010300003,"Nike Mind 001 Slide Light Bone Hyper
Crimson"
PMNI010300004.jpg,PMNI010300004,"Nike Mind 001 Slide Team Red
University Red"
PMNI010300005.jpg,PMNI010300005,Nike Mind 001 Slide Solar Red
PMNI010300006.jpg,PMNI010300006,"Nike Mind 001 Slide White Speed Red
مقاسات خاصة"
PMNI010300007.jpg,PMNI010300007,Nike Mind 001 Slide Black Chrome bright orange OUTSOLE مقاسات خاصة
PMNI010300008.jpg,PMNI010300008,"Nike Mind 001 Slide Blackened Blue
Game Royal"
PMNI010300009.jpg,PMNI010300009,Nike Mind 001 Slide Pearl Pink
PMNI010300010.jpg,PMNI010300010,"Nike Mind 001 Slide black Fragment
reflective"
PMNI010300011.jpg,PMNI010300011,"Nike Mind 001 Slide White Speed Red
seliver logo"
PMNI010700001.jpg,PMNI010700001,"Nike Jordan Play Slide White Photon
Dust"
PMNI010700002.jpg,PMNI010700002,"Nike Jordan Play Slide Black
University Red"
PMNI010800001.jpg,PMNI010800001,"Nike Jordan Hydro slide black seliver
logo"
PMNI010900001.jpg,PMNI010900001,"Jordan Jumpman Slide Midnight Navy
Cement Grey White"
PMNI010900002.jpg,PMNI010900002,Jordan Jumpman Slide black White
PMNI011000001.jpg,PMNI011000001,Nike Victori One Slide many colors
PMOE000200001.jpg,PMOE000200001,LOEWE Petal Anagram  black
PMOE000200002.jpg,PMOE000200002,LOEWE Petal Anagram camel
PMOE000200003.jpg,PMOE000200003,LOEWE Petal Anagram white
PMOK000300001.jpg,PMOK000300001,"Mexico 66 Sabot Cream Beige اونيتسوكا
تايجر"
PMOK000300002.jpg,PMOK000300002,"Mexico 66 Sabot Black Cream  اونيتسوكا
تايجر"
PMOK000300003.jpg,PMOK000300003,"Mexico 66 Sabot Cream Mako Blue
اونيتسوكا تايجر"
PMOK000300004.jpg,PMOK000300004,"Mexico 66 Sabot Cream Green Red
اونيتسوكا تايجر"
PMOK000300005.jpg,PMOK000300005,"Mexico 66 Sabot Pure Silver Cream
اونيتسوكا تايجر"
PMOK000300006.jpg,PMOK000300006,"Onitsuka Tiger Mexico 66 Sabot Dark
Brown"
PMOK000300007.jpg,PMOK000300007,"Onitsuka Tiger Mexico 66 Sabot Beige
Green"
PMOK000300008.jpg,PMOK000300008,"Onitsuka Tiger Mexico 66 Sabot white
orange OUTSOLE"
PMOK000300009.jpg,PMOK000300009,"Onitsuka Tiger Mexico 66 Sabot
Oatmeal Habanero"
PMOK000300010.jpg,PMOK000300010,"Onitsuka Tiger Mexico 66 Sabot Iron
Navy Cream"
PMOK000300011.jpg,PMOK000300011,"Onitsuka Tiger Mexico 66 Sabot
yellow black white"
PMOK000300012.jpg,PMOK000300012,Onitsuka Tiger Mexico 66 Sabot Cream Mustard yellow blue
PMOK000300013.jpg,PMOK000300013,"Onitsuka Tiger Mexico 66 Sabot
Pink/Light Blue cream"
PMPR000600001.jpg,PMPR000600001,Sandals Black برادا
PMPR000600002.jpg,PMPR000600002,Sandals White برادا
PMPR000600004.jpg,PMPR000600004,prada Sandals nam  black
PMPR000700001.jpg,PMPR000700001,برادا Pam Slippers بلك
PMPR001500001.jpg,PMPR001500001,Prada  Padded Nappa Logo Black
PMPR001600001.jpg,PMPR001600001,"Prada Soft Padded Nappa EUC mules
Black"
PMPR001600002.jpg,PMPR001600002,"Prada Soft Padded Nappa EUC mules
white"
PMPR001700001.jpg,PMPR001700001,"Prada Padded Quilted Nappa CLSiC
Noir"
PMPR001700002.jpg,PMPR001700002,"Prada Padded Quilted Nappa
CLSiC dark brown"
PMPR001700003.jpg,PMPR001700003,"Prada  Padded Quilted Nappa Logo
Black"
PMPR001800001.jpg,PMPR001800001,Prada Crochet Flatform Beige
PMPR002800001.jpg,PMPR002800001,Prada Espadrille Buckle Sandal black Beige dark metallic Buckles
PMVN001400001.jpg,PMVN001400001,Valentino V Logo Slide Black
PMXS000100001.jpg,PMXS000100001,xVESSEL Noah s ark Black
PMXS000100002.jpg,PMXS000100002,xVESSEL Noah s ark White
PMZG000300001.jpg,PMZG000300001,"Zegna Slipper Triple Stitch Off-White
Burgundy Gum Sole"
PMZG000300002.jpg,PMZG000300002,Zegna Slipper Triple Stitch Off-BROWN BEIGE Gum Sole
PMZG000300003.jpg,PMZG000300003,Zegna Slipper Triple Stitch LIGHT BROWN BEIGE Gum Sole
PMZG000300004.jpg,PMZG000300004,"Zegna Slipper Triple Stitch  DARK
BEIGE Gum Sole"
PMZG000300005.jpg,PMZG000300005,"Zegna Slipper Triple Stitch  WHITE
BEIGE Gum Sole"
PMZG000300007.jpg,PMZG000300007,Zegna Slipper Triple Stitch LIGHT BLACK BEIGE Gum Sole
PWAD001400001.jpg,PWAD001400001,اديداس ييزي سليد ابيض
PWAD001400002.jpg,PWAD001400002,اديداس ييزي سليد بيج
PWAD001400005.jpg,PWAD001400005,اديداس ييزي سليد بلك
PWAD007200001.jpg,PWAD007200001,اديداس Maxxclog Sandals Core Black
PWAD007200002.jpg,PWAD007200002,اديداس Maxxclog Sandals Core White
PWAD009600001.jpg,PWAD009600001,adidas Samba Mule Woven Basketweave Cream White
PWAD009600002.jpg,PWAD009600002,adidas Samba Mule Basketweave Core Black Gold Metallic accents
PWAD009600003.jpg,PWAD009600003,adidas Samba Mule White Black Gum
PWAD009600004.jpg,PWAD009600004,adidas Samba Mule Black White Gum
PWAD009600005.jpg,PWAD009600005,"Adidas Samba OG Mule Brown
Cardboard white"
PWAD009600006.jpg,PWAD009600006,"adidas Samba Mule Beige Off White
Gum"
PWAD010100001.jpg,PWAD010100001,"adidas Adilette Slides grey charcoal
brand logo printed"
PWAD010100002.jpg,PWAD010100002,"adidas Adilette Slides black white
graphic logo bandage"
PWAD010100003.jpg,PWAD010100003,"adidas Adilette Slides gray
medium-grey tone"
PWAD010100004.jpg,PWAD010100004,adidas Adilette Slides Black&Grey Striped camouflage print
PWAD010100005.jpg,PWAD010100005,"adidas Adilette Slides black three
white stripes"
PWAD010100006.jpg,PWAD010100006,"adidas Adilette Slides black Cloud
White text&logo"
PWAD010100007.jpg,PWAD010100007,"adidas Adilette Slides White black
logo&text"
PWAD010100008.jpg,PWAD010100008,adidas Adilette Slides black logo graphic print bandage strap
PWAD010100009.jpg,PWAD010100009,"adidas Adilette Slides black white
strap black 3-Stripes"
PWAD010200001.jpg,PWAD010200001,adidas Lightblaze Slides Black White
PWAD010200002.jpg,PWAD010200002,adidas Lightblaze Slides White black
PWAQ001400001.jpg,PWAQ001400001,"Alexander McQueen Arc Clogs green
silver-tone metal buckle"
PWAQ001400002.jpg,PWAQ001400002,"Alexander McQueen Arc Clogs black
silver-tone metal buckle"
PWAQ001400003.jpg,PWAQ001400003,"Alexander McQueen Arc Clogs white
silver-tone metal buckle"
PWAQ001500001.jpg,PWAQ001500001,"ALEXANDER MCQUEEN Sandal
brown metal triangle logo"
PWAQ001500002.jpg,PWAQ001500002,"ALEXANDER MCQUEEN Sandal
BLACK toe-post metal triangle logo"
PWAQ001500003.jpg,PWAQ001500003,"ALEXANDER MCQUEEN Sandal
BLACK metal triangle logo"
PWAR000600001.jpg,PWAR000600001,Amiri Ma Paisley black Sandals
PWAR000600002.jpg,PWAR000600002,"Amiri Ma Paisley LIGHT BLUE
Sandals"
PWAR000600003.jpg,PWAR000600003,"Amiri Ma Paisley Black & Off-White
Sandals"
PWAX000100001.jpg,PWAX000100001,"Alexander Wang Vy Pool Sandals
ambskin leather bla"
PWAX000100002.jpg,PWAX000100002,"Alexander Wang Vy Pool Sandals blue
cloth"
PWAY000400001.jpg,PWAY000400001,Alo Yoga Unisex It Slide triple black
PWAY000400002.jpg,PWAY000400002,Alo Yoga Unisex It Slide triple white
PWAY000400003.jpg,PWAY000400003,Alo Yoga Unisex It Slide brown
PWAY000600001.jpg,PWAY000600001,"ALO Sunset Sneaker Mule Gravel
beige white"
PWAY000600002.jpg,PWAY000600002,"Alo Yoga Sunset Sneaker Mule Black
white"
PWAY000600003.jpg,PWAY000600003,Alo Yoga Sunset Sneaker Mule Sundrenched Pink white
PWAY000600004.jpg,PWAY000600004,"Alo Yoga Sunset Sneaker Mule
Sandstone"
PWBK000200001.jpg,PWBK000200001,birkenstock Arizona Softbed bs bruine
PWBK000300001.jpg,PWBK000300001,Birkenstock Catalina Birko-Flo rBlack
PWBK000300002.jpg,PWBK000300002,"Birkenstock Catalina Birko-Flor gray
metal"
PWBK000400001.jpg,PWBK000400001,"Birkenstock Milano Earthy Vegan
Faded Khaki"
PWBK000400002.jpg,PWBK000400002,Birkenstock Milano Dark Brown
PWBK000400003.jpg,PWBK000400003,Birkenstock Milano High-Shine Ecru
PWBK000500001.jpg,PWBK000500001,"Birkenstock Madrid Big Birko-Flo
White"
PWBK000500002.jpg,PWBK000500002,"Birkenstock Madrid  Big Birko-Flo Old
Rose"
PWBK000500003.jpg,PWBK000500003,"Birkenstock Madrid  Big Birko-Flo
Cognac"
PWBK000500004.jpg,PWBK000500004,"Birkenstock Madrid  Big Birko-Flo
Black Nubuck"
PWBK000500005.jpg,PWBK000500005,"Birkenstock Madrid  Big Birko-Flo
BuckleLeather"
PWBK000600001.jpg,PWBK000600001,"Birkenstock Mayari Birko-Flo Pearl
White"
PWBK000700001.jpg,PWBK000700001,"Birkenstock PIAZZA  Birko-Flo Black
Patent"
PWBK000700002.jpg,PWBK000700002,"Birkenstock PIAZZA  Birko-Flo Red
patent"
PWBK000700003.jpg,PWBK000700003,"Birkenstock PIAZZA  Birko-Flo White
Patent"
PWBK000700004.jpg,PWBK000700004,"Birkenstock PIAZZA  Birko-Flo purple
Patent"
PWBK000700005.jpg,PWBK000700005,"Birkenstock PIAZZA  Birko-Flo Silver
Patent"
PWBK000700006.jpg,PWBK000700006,"Birkenstock PIAZZA  Birko-Flo růžové
Patent"
PWBK000800001.jpg,PWBK000800001,birkenstock Arizona Softbed bs bruine
PWBK000800002.jpg,PWBK000800002,"Birkenstock Arizona Softbed  triple
black"
PWBK000800003.jpg,PWBK000800003,Birkenstock Arizona Softbed  light gray
PWBK000800004.jpg,PWBK000800004,Birkenstock Arizona Softbed  Kyoto
PWBK000800005.jpg,PWBK000800005,Birkenstock Arizona Softbed Habanna
PWBK000800006.jpg,PWBK000800006,"Birkenstock Arizona Softbed Muted
Olive Green"
PWBK000800007.jpg,PWBK000800007,Birkenstock Arizona Softbed beige
PWBK000800008.jpg,PWBK000800008,"Birkenstock Arizona Softbed dark
brown"
PWBK000800009.jpg,PWBK000800009,Birkenstock Arizona Softbed   Purple
PWBK000800010.jpg,PWBK000800010,"Birkenstock Arizona Softbed  Vegan
Berry"
PWBK000800011.jpg,PWBK000800011,"Birkenstock Arizona Softbed Olive
Green"
PWBK000800012.jpg,PWBK000800012,"birkenstock Arizona Softbed Faded
Mocha"
PWBK000800013.jpg,PWBK000800013,birkenstock Arizona Softbed Taupe
PWBK000800014.jpg,PWBK000800014,birkenstock Arizona Softbed Black
PWBK000800015.jpg,PWBK000800015,"birkenstock Arizona Softbed Dark
Brownbirkenstock"
PWBK000800016.jpg,PWBK000800016,"birkenstock Arizona Softbed Latte
Cream"
PWBK000800017.jpg,PWBK000800017,"birkenstock Arizona Softbed  Name
Brun"
PWBK000800018.jpg,PWBK000800018,"birkenstock Arizona Softbed BBrown
Cognac"
PWBK000800019.jpg,PWBK000800019,"birkenstock Arizona Softbed Habana
Oiled Leather"
PWBK000800020.jpg,PWBK000800020,"birkenstock Arizona Softbed Graceful
Taupe"
PWBK000800021.jpg,PWBK000800021,birkenstock Arizona SoftbedSELIVER
PWBK000800022.jpg,PWBK000800022,birkenstock Arizona Softbed GOLD
PWBK000900001.jpg,PWBK000900001,Birkenstock Gizeh Birko Flor Black
PWBK001000001.jpg,PWBK001000001,"Birkenstock Franca Vegan Canvas
Eggshell"
PWBk001200001.jpg,PWBk001200001,"Birkenstock Kyoto sandals BLACK
BLACK SOLE"
PWBk001200002.jpg,PWBk001200002,Birkenstock Kyoto sandals taupe
PWBk001200004.jpg,PWBk001200004,"Birkenstock Kyoto sandals PINK
BLACK SOLE"
PWBU000200001.jpg,PWBU000200001,Black Gold Slippers BURBERRY
PWBU000200002.jpg,PWBU000200002,WHITE Gold Slippers BURBERRY
PWBU000200003.jpg,PWBU000200003,Burberry Vintage Check Slides Archive Beige black sole
PWCD000100004.jpg,PWCD000100004,"Sandal Flat Light Black Beige  كريستيان
ديور"
PWCD000100005.jpg,PWCD000100005,كريستيان ديور Sandal Flat light blue
PWCD000100006.jpg,PWCD000100006,كريستيان ديور Sandal Flat Light Pink
PWCD000100007.jpg,PWCD000100007,"Light Grey CD DWAY SLIDES   كريستيان
ديور"
PWCD000100008.jpg,PWCD000100008,Red CD DWAY SLIDES  كريستيان ديور
PWCD000100009.jpg,PWCD000100009,"Black White CD DWAY SLIDES
كريستيان ديور"
PWCD000100010.jpg,PWCD000100010,"Fuchsia  CD DWAY SLIDES  كريستيان
ديور"
PWCH000200001.jpg,PWCH000200001,بلك وايت sandal كلوي وودي
PWCH000200002.jpg,PWCH000200002,وايت بلك sandal كلوي وودي
PWCH000400001.jpg,PWCH000400001,"Chanel Quilted Tab Loafers White
Leather"
PWCH000700001.jpg,PWCH000700001,Chanel Crochet CC Mules beige
PWCH000700002.jpg,PWCH000700002,Chanel Crochet CC Mules PINK
PWCH000700003.jpg,PWCH000700003,Chanel Crochet CC Mules BROWN
PWCH000700004.jpg,PWCH000700004,Chanel Crochet CC Mules BLACK
PWCH000800001.jpg,PWCH000800001,CHANEL Black CC Logo sandel
PWCH000800002.jpg,PWCH000800002,CHANEL GOLD CC Logo sandel
PWCH000800003.jpg,PWCH000800003,"CHANEL BEIGE BROWN CC Logo
sandel"
PWCH000800004.jpg,PWCH000800004,"CHANEL BEIGE WHITE CC Logo
sandel"
PWCH000800005.jpg,PWCH000800005,"CHANEL RED WHITE CC Logo
sandel"
PWCH000800006.jpg,PWCH000800006,"CHANEL BEIGR GOLD CC Logo
sandel"
PWCH000800007.jpg,PWCH000800007,CHANEL SELIVER CC Logo sandel
PWCH000800008.jpg,PWCH000800008,"CHANEL BLACK BEIGE CC Logo
sandel"
PWCH000800009.jpg,PWCH000800009,CHANEL GOLD CC Logo sandel
PWCH000800010.jpg,PWCH000800010,CHANEL SELIVER CC Logo sandel
PWCH000800011.jpg,PWCH000800011,CHANEL BLACK CC Logo sandel
PWCH000800013.jpg,PWCH000800013,"CHANEL BLACK GOLD CC Logo
sandel"
PWCH000800014.jpg,PWCH000800014,"CHANEL BLACK WHITE CC Logo
sandel"
PWCH000800015.jpg,PWCH000800015,"Chanel slide BLACK sandals feature a
prominent black ""CC"" logo"
PWCH000800016.jpg,PWCH000800016,"Chanel slide RED sandals feature a prominent black ""CC"" logo"
PWCH000800017.jpg,PWCH000800017,"Chanel slide BEIGE sandals feature a
prominent black ""CC"" logo"
PWCH000800018.jpg,PWCH000800018,"Chanel slide WHITE sandals feature a
prominent black ""CC"" logo"
PWCH001000001.jpg,PWCH001000001,"Chanel Crochet Velcro Dad Sandals
black"
PWCR000100001.jpg,PWCR000100001,crocs Mellow Recovery Clog cream
PWCR000100002.jpg,PWCR000100002,"crocs Mellow Recovery Clog Elephant
gray"
PWCR000100003.jpg,PWCR000100003,crocs Mellow Recovery Clog white
PWCR000100004.jpg,PWCR000100004,crocs Mellow Recovery Clog Black
PWCR000200001.jpg,PWCR000200001,Crocs Pollex Clog white
PWCR000200002.jpg,PWCR000200002,Crocs Pollex Clog Niagara gray
PWCR000200003.jpg,PWCR000200003,Crocs Pollex Clog Black
PWCR000300001.jpg,PWCR000300001,"Crocs Crocband Clog navy blue white
midsole red stripe"
PWCR000300002.jpg,PWCR000300002,"Crocs Crocband Clog white black
stripe midsole"
PWCR000300003.jpg,PWCR000300003,"Crocs Crocband Clog white navy blue
White Accent Line"
PWCR000300005.jpg,PWCR000300005,"Crocs Crocband Clog Black Gray
croos text"
PWCR000300006.jpg,PWCR000300006,"Crocs Crocband Clog black white
graphic pattern"
PWCR000300007.jpg,PWCR000300007,"Crocs Crocband Clog white black embossed crocs logo Crocs crocodile
emblem"
PWCR000300008.jpg,PWCR000300008,Crocs Crocband Clog Crocs Classic Clog A Bathing Ape ABC Camo Black
PWCR000300009.jpg,PWCR000300009,Crocs Crocband Clog Crocs Classic Clog A Bathing Ape ABC Camo Green
PWCR000300010.jpg,PWCR000300010,"Crocs Crocband Clog black white
Grey Outsole"
PWCR000300011.jpg,PWCR000300011,"Crocs Crocband Clog navy blue white
orange Outsole"
PWCR000300012.jpg,PWCR000300012,"Crocs Crocband Clog white orange
Outsole"
PWCR000300013.jpg,PWCR000300013,Crocs Crocband Clog black dark gray
PWCR000300014.jpg,PWCR000300014,"Crocs Crocband Clog black white white pattern leaves botanical
elements"
PWCR000300015.jpg,PWCR000300015,"Crocs Crocband Clog black pink white
Paint Splatter"
PWCR000400001.jpg,PWCR000400001,Crocs Echo Clog Black / Flame
PWCR000400002.jpg,PWCR000400002,Crocs Echo Clog camouflage pattern slate grey charcoal bone white
PWCR000400003.jpg,PWCR000400003,"Crocs Echo Clog camouflage pattern
Black/Camo Brown"
PwDG001300001.jpg,PwDG001300001,LOGO دولسي سليبر بلك وايت
PWDR000600003.jpg,PWDR000600003,"Dior Sandal black CD logo crossover
straps"
PWDR000600004.jpg,PWDR000600004,"Dior Alias Sandal Navy Blue Dior
Gravity Outline"
PWDR000600005.jpg,PWDR000600005,Dior Alias Sandal black leatherdiamond-shaped metal logo
PWDR000600006.jpg,PWDR000600006,Dior Alias Sandal black wide crossover straps white sole
PWDR000600007.jpg,PWDR000600007,Dior Alias Sandals Oblique Grey
PWDR000600008.jpg,PWDR000600008,"Dior Aqua Sandal Oblique Jacquard
black beige"
PWDR000600009.jpg,PWDR000600009,"Dior Aqua sandals navy blue textured
leather black"
PWDR001400001.jpg,PWDR001400001,ديور Alias Sandal بلك
PWDR001700001.jpg,PWDR001700001,Dior Dway Slide Black gold
PWDR002600001.jpg,PWDR002600001,Dior Aqua slides black beige Dior Oblique jacquard pattern
PWEA001300001.jpg,PWEA001300001,Emporio Armani sandals BLACK
PWGU000500001.jpg,PWGU000500001,"جوتشى Marmont slide sandals BLACK
GOLD"
PWGU001000001.jpg,PWGU001000001,"GUCCI Moritz Raffia Effect Slide
Sandals Brown Wic"
PWGU001300001.jpg,PWGU001300001,"Gucci Web Slide Sandal Black Green
Red"
PWGU001300002.jpg,PWGU001300002,"Gucci Web Slide Sandal Black GG Supreme pattern beige brown green
red"
PWGU001300003.jpg,PWGU001300003,"Gucci Web Slide Sandal White black
red logo black sole"
PWHC000100001.jpg,PWHC000100001,هيرميس شيبر Sandal Flat Blue Brown
PWHC000100003.jpg,PWHC000100003,هيرميس شيبر Sandal Flat White
PWHC000100004.jpg,PWHC000100004,هيرميس شيبر Sandal Flat Black
PWHC000100009.jpg,PWHC000100009,"هيرميس شيبر Sandal Flat FUR  ECRU
WHITE"
PWHC000100010.jpg,PWHC000100010,هيرميس شيبر Sandal Flat FUR PINK
PWHC000100011.jpg,PWHC000100011,هيرميس شيبر Sandal Flat FUR ORANGE
PWHC000100012.jpg,PWHC000100012,هيرميس شيبر Sandal Flat FUR BLACK
PWHC000100013.jpg,PWHC000100013,"HERMES CHYPRE Sandal Flat
distinctive moldy"
PWHC000100014.jpg,PWHC000100014,"HERMES CHYPRE Sandal Flat
Honey"
PWHC000100015.jpg,PWHC000100015,HERMES CHYPRE Sandal Flat nude
PWHC000100016.jpg,PWHC000100016,"HERMES CHYPRE Sandal Flat Pink
Orange"
PWHC000100017.jpg,PWHC000100017,HERMES CHYPRE Sandal Flat Green
PWHC000100018.jpg,PWHC000100018,"HERMES CHYPRE Sandal Flat Bleu
Suede"
PWHC000100019.jpg,PWHC000100019,"Hermes Chypre sandal soft pink black
OUTSOLE"
PWHC000100020.jpg,PWHC000100020,Hermes Chypre Sandal Gold Noir Leopard Print Moire black sole
PWHC000100021.jpg,PWHC000100021,"Hermes Chypre Sandals burgundy
beige"
PWHC000100022.jpg,PWHC000100022,"Hermes Chypre Sandals white black
outsole"
PWHC000100023.jpg,PWHC000100023,Hermes Chypre Sandals rose black
PWHC000100024.jpg,PWHC000100024,"Hermes Chypre white Himalaya
Niloticus Crocodile"
PWHG001300001.jpg,PWHG001300001,"HUGO BOSS Darrel Slide Black
Brown"
PWHM001300001.jpg,PWHM001300001,Hermes Chypre Sandal BLACK
PWHM001300002.jpg,PWHM001300002,"""Hermes Infra sandal black white sole"
PWHM001300003.jpg,PWHM001300003,Hermès Chypre sandals featuring BROWN suede straps and a white
PWHM001300004.jpg,PWHM001300004,Hermès Chypre sandals featuring black suede straps and a white
PWHM001700001.jpg,PWHM001700001,Hermès Miss sandals SELIVER
PWHM001700002.jpg,PWHM001700002,Hermès Miss sandals black
PWHM001700003.jpg,PWHM001700003,Hermès Miss sandals RED
PWHO000100001.jpg,PWHO000100001,Sandals flat Pink هيرميس وهران
PWHO000100003.jpg,PWHO000100003,Sandals flat mink mules هيرميس وهران
PWHO000100005.jpg,PWHO000100005,Sandals leather flat Blue هيرميس وهران
PWHO000100006.jpg,PWHO000100006,"Sandals leather flat Orange  هيرميس
وهران"
PWHO000100007.jpg,PWHO000100007,Sandals leather flat Blackهيرميس وهران
PWHO000100008.jpg,PWHO000100008,"Sandals leather flat Brilliant Black
هيرميس وهرا"
PWHO000100009.jpg,PWHO000100009,"Sandals leather flat Brilliant RED
هيرميس وهران"
PWHO000100010.jpg,PWHO000100010,Sandals leather flat Brown هيرميس وهران
PWHO000100012.jpg,PWHO000100012,"Sandals leather flat jeans Blue   هيرميس
وهران"
PWHO000100013.jpg,PWHO000100013,Sandals inlaid flat Black هيرميس وهران
PWHO000100014.jpg,PWHO000100014,"HERMES ORAN Sandals flat jeans
bleu clair"
PWHO000100015.jpg,PWHO000100015,HERMES ORAN Sandals Metallic
PWHO000100016.jpg,PWHO000100016,HERMES ORAN Sandals Beige
PWHO000100017.jpg,PWHO000100017,HERMES ORAN Sandals Burgundy
PWHO000100018.jpg,PWHO000100018,HERMES ORAN  Sandals flat Purple
PWHO000100019.jpg,PWHO000100019,"HERMES ORAN  Sandals flat vert
émeraude"
PWHO000100020.jpg,PWHO000100020,"HERMES ORAN  Sandals flat Green
Cactus"
PWHO000100021.jpg,PWHO000100021,"HERMES ORAN  Sandals flat blue
green"
PWHO000100022.jpg,PWHO000100022,"HERMES ORAN  Sandals flat
greenMetallic"
PWHO000100023.jpg,PWHO000100023,"HERMES ORAN  Sandals flat SILVER
BLACK"
PWHO000100024.jpg,PWHO000100024,"HERMES ORAN  Sandals flat Vert
Cactus"
PWHO000100025.jpg,PWHO000100025,"HERMES ORAN  Sandals flat Yellow
Imperial"
PWHO000100026.jpg,PWHO000100026,"HERMES ORAN  Sandals flat
BrownMetallic"
PWHO000100027.jpg,PWHO000100027,هيرميس وهران gold brown
PWHO000100029.jpg,PWHO000100029,"Hermes Oran Sandal Rose Pale
Epsome"
PWHO000100030.jpg,PWHO000100030,"HERMES ORAN  Sandals flat Vert
Embrun"
PWHO000100031.jpg,PWHO000100031,HERMES ORAN  Sandals flat SILVER BLACK Light brown sole edge
PWHO000100032.jpg,PWHO000100032,Hermès Miss sandals SELIVER
PWHO000100033.jpg,PWHO000100033,Hermès Miss sandals BLUE
PWHO000100034.jpg,PWHO000100034,"HERMES ORAN Sandals flat white
brown SOLE"
PWHO000200001.jpg,PWHO000200001,"هيرميس وهران  Sandals leather flat Glitter
beige S"
PWHO000300001.jpg,PWHO000300001,"HERMES ORAN Jackso Noir
Blackclip"
PWHO000300002.jpg,PWHO000300002,Hermes Jackson Noir silver clip
PWHO000300003.jpg,PWHO000300003,Hermes Jackson marine silver clip
PWHO000300004.jpg,PWHO000300004,"Hermes Jackson BRUN FUMÉ silver
clip"
PWHO000300005.jpg,PWHO000300005,Hermes Jackson Étoupe silver clip
PWHO000300006.jpg,PWHO000300006,Hermes Jackson Beige Lin silver clip
PWHO000300007.jpg,PWHO000300007,"Hermes Jackson WhiteBlack silver
clip"
PwHO000300008.jpg,PwHO000300008,Hermes Jackson green silver clip
PWHO000400001.jpg,PWHO000400001,HERMES Gabriel Golden brown
PWHO000400002.jpg,PWHO000400002,HERMES Gabriel lit brwon Khaki Kelly
PWHO000400003.jpg,PWHO000400003,HERMES Gabriel Gold Black
PWHO000400004.jpg,PWHO000400004,"هيرميس وهران  Sandals leather flat Glitter
BROWN BEIGE S"
PWHS000100001.jpg,PWHS000100001,هيرميس slipper burgundy
PWHS000100002.jpg,PWHS000100002,هيرميس slipper White
PWHS000100003.jpg,PWHS000100003,هيرميس slipper Black
PWLP000300001.jpg,PWLP000300001,"Loro Piana Babouche Charms walk
light beige"
PWLP000300002.jpg,PWLP000300002,"Loro Piana Babouche Charms walk
Black"
PWLP000300003.jpg,PWLP000300003,"Loro Piana Babouche Charms walk
Green"
PWLP000300004.jpg,PWLP000300004,"Loro Piana Babouche Charms walk
Pink Sand"
PWLP000300005.jpg,PWLP000300005,"Loro Piana Babouche Charms walk
sky blue"
PWLP000300006.jpg,PWLP000300006,"Loro Piana Babouche Charms walk
RED white"
PWLP000300007.jpg,PWLP000300007,"Loro Piana Babouche Charms walk
navy blue"
PWLP000300008.jpg,PWLP000300008,"Loro Piana Babouche Charms walk
brown"
PWLP000300009.jpg,PWLP000300009,Loro Piana Babouche Charms walk burgundy color gold-toned charms
PWLP000300010.jpg,PWLP000300010,Loro Piana Babouche Charms walk PINK color silver-toned charms
PWLP000300011.jpg,PWLP000300011,"Loro Piana Babouche Charms walk
BEIGE"
PWLP000900001.jpg,PWLP000900001,"Loro Piana Summer Charms slide
sandals GRAY"
PWLP000900002.jpg,PWLP000900002,"Loro Piana Summer Charms slide
sandals BLACK"
PWLP000900003.jpg,PWLP000900003,"Loro Piana Summer Charms slide
sandals BROWN"
PWLP000900004.jpg,PWLP000900004,"Loro Piana Summer Charms slide
sandals BEIGE"
PWLP000900005.jpg,PWLP000900005,"Loro Piana Summer Charms slide
sandals Precious Rose"
PWLP001000001.jpg,PWLP001000001,Loro Piana sandals black pebbled leather crisscross straps white sole
PWLP001000002.jpg,PWLP001000002,Loro Piana sandals NAVY   pebbled leather crisscross straps white sole
PWLP001000003.jpg,PWLP001000003,Loro Piana sandals BROWN   pebbled leather crisscross straps white sole
PWLP001000004.jpg,PWLP001000004,"Loro Piana sandals LIGHT BROWN pebbled leather crisscross straps
white sole"
PWLP001000005.jpg,PWLP001000005,Loro Piana sandals NAVY pebbled leather crisscross straps white sole
PWLP001000006.jpg,PWLP001000006,"Loro Piana sandals LIGHT BEIGE pebbled leather crisscross straps
white sole"
PWLP001000007.jpg,PWLP001000007,Loro Piana sandals BLACK pebbled leather crisscross straps white sole
PWLP001000008.jpg,PWLP001000008,Loro Piana sandals LIGHT BROWN pebbled leather crisscross straps
PWLP001000009.jpg,PWLP001000009,"Loro Piana sandals BLACK pebbled
leather crisscross straps"
PWLV001400001.jpg,PWLV001400001,لويس فيتون سليبر براون
PWLV001400002.jpg,PWLV001400002,لويس فيتون سليبر بلك
PWLV001400003.jpg,PWLV001400003,"LOUIS VUITTONFeel slides brown FF
motif pattern black"
PWLV002200001.jpg,PWLV002200001,Louis Vuitton oasis  black
PWMU000100001.jpg,PWMU000100001,Miu Miu Buckle slingback bright red
PWMU000100002.jpg,PWMU000100002,Miu Miu Buckle slingback black
PWMU000100003.jpg,PWMU000100003,Miu Miu Buckle slingback sepia brown
PWMU000100004.jpg,PWMU000100004,Miu Miu Buckle slingback dark greenٍٍٍٍٍٍٍٍٍٍٍٍٍٍ
PWMU000100005.jpg,PWMU000100005,Miu Miu Buckle slingback white beige
PWMU000200001.jpg,PWMU000200001,Miu Miu Patent leather clogs Orange
PWMU000200002.jpg,PWMU000200002,Miu Miu Patent leather clogs red
PWMU000200003.jpg,PWMU000200003,"Miu Miu Patent leather clogs pink,
brown"
PWMU000200004.jpg,PWMU000200004,"Miu Miu Patent leather clogs white,
brown"
PWMU000200005.jpg,PWMU000200005,Miu Miu Patent leather clogs brown
PWMU000200006.jpg,PWMU000200006,"Miu Miu Patent leather clogs  Beige
Black"
PWMU000200007.jpg,PWMU000200007,Miu Miu Patent leather clogs Black
PWMU000300001.jpg,PWMU000300001,MIU MIU Logo Raffia Slides Beige
PWNB002300001.jpg,PWNB002300001,"نيوبالنس Miu Miu Cinnamon 530SL
Mule"
PWNB002300002.jpg,PWNB002300002,نيوبالنس Miu Miu Ecru 530SL Mule
PWNB002300003.jpg,PWNB002300003,نيوبالنس Miu Miu White 530SL Mule
PWNB002300004.jpg,PWNB002300004,"New Balance x Miu Miu 530 SL black
mules"
PWNB002300005.jpg,PWNB002300005,"New Balance x Miu Miu 530 SL
Blue/Off White"
PWNI004700001.jpg,PWNI004700001,BLACK نايك كالم سليد
PWNI004700002.jpg,PWNI004700002,SESAME نايك كالم سليد
PWNI004700003.jpg,PWNI004700003,SAIL نايك كالم سليد
PWNI006300001.jpg,PWNI006300001,Calm Mule Black Strap نايك
PWNI006300002.jpg,PWNI006300002,Calm Mule White Strap نايك
PWNI006300003.jpg,PWNI006300003,Calm Mule Oil Green Strap نايك
PWNI007800001.jpg,PWNI007800001,نايك ReactX Rejuven8 Sandals Black
PWNI007800002.jpg,PWNI007800002,"نايك ReactX Rejuven8 Sandals Green
Strike"
PWNI010300001.jpg,PWNI010300001,Nike Mind 001 Slide Black Chrome bright orange OUTSOLE
PWNI010300002.jpg,PWNI010300002,Nike Mind 001 Slide White Speed Red
PWNI010300003.jpg,PWNI010300003,"Nike Mind 001 Slide Light Bone Hyper
Crimson"
PWNI010300004.jpg,PWNI010300004,"Nike Mind 001 Slide Team Red
University Red"
PWNI010300005.jpg,PWNI010300005,Nike Mind 001 Slide Solar Red
PWNI010300006.jpg,PWNI010300006,"Nike Mind 001 Slide White Speed Red
مقاسات خاصة"
PWNI010300007.jpg,PWNI010300007,Nike Mind 001 Slide Black Chrome bright orange OUTSOLE مقاسات خاصة
PWNI010300008.jpg,PWNI010300008,"Nike Mind 001 Slide Blackened Blue
Game Royal"
PWNI010300009.jpg,PWNI010300009,Nike Mind 001 Slide Pearl Pink
PWNI010300010.jpg,PWNI010300010,"Nike Mind 001 Slide black Fragment
reflective"
PWNI010300011.jpg,PWNI010300011,"Nike Mind 001 Slide White Speed Red
seliver logo"
PWNI010700001.jpg,PWNI010700001,"Nike Jordan Play Slide White Photon
Dust"
PWNI010700002.jpg,PWNI010700002,"Nike Jordan Play Slide Black
University Red"
PWNI010800001.jpg,PWNI010800001,"Nike Jordan Hydro slide black seliver
logo"
PWNI010900001.jpg,PWNI010900001,"Jordan Jumpman Slide Midnight Navy
Cement Grey White"
PWNI010900002.jpg,PWNI010900002,Jordan Jumpman Slide black White
PWNI011000001.jpg,PWNI011000001,Nike Victori One Slide many colors
PWOE000200001.jpg,PWOE000200001,LOEWE Petal Anagram  black
PWOE000200002.jpg,PWOE000200002,LOEWE Petal Anagram camel
PWOE000200003.jpg,PWOE000200003,LOEWE Petal Anagram white
PWOK000300001.jpg,PWOK000300001,"Mexico 66 Sabot Cream Beige اونيتسوكا
تايجر"
PWOK000300002.jpg,PWOK000300002,"Mexico 66 Sabot Black Cream  اونيتسوكا
تايجر"
PWOK000300003.jpg,PWOK000300003,"Mexico 66 Sabot Cream Mako Blue
اونيتسوكا تايجر"
PWOK000300004.jpg,PWOK000300004,"Mexico 66 Sabot  Cream Green Red
اونيتسوكا تايجر"
PWOK000300005.jpg,PWOK000300005,"Mexico 66 Sabot Pure Silver Cream
اونيتسوكا تايجر"
PWOK000300006.jpg,PWOK000300006,"Onitsuka Tiger Mexico 66 Sabot Dark
Brown"
PWOK000300007.jpg,PWOK000300007,"Onitsuka Tiger Mexico 66 Sabot Beige
Green"
PWOK000300008.jpg,PWOK000300008,"Onitsuka Tiger Mexico 66 Sabot white
orange OUTSOLE"
PWOK000300009.jpg,PWOK000300009,"Onitsuka Tiger Mexico 66 Sabot
Oatmeal Habanero"
PWOK000300010.jpg,PWOK000300010,"Onitsuka Tiger Mexico 66 Sabot Iron
Navy Cream"
PWOK000300011.jpg,PWOK000300011,"Onitsuka Tiger Mexico 66 Sabot
yellow black white"
PWOK000300012.jpg,PWOK000300012,Onitsuka Tiger Mexico 66 Sabot Cream Mustard yellow blue
PWOK000300013.jpg,PWOK000300013,"Onitsuka Tiger Mexico 66 Sabot
Pink/Light Blue cream"
PWPR000600001.jpg,PWPR000600001,Sandals Black برادا
PWPR000600002.jpg,PWPR000600002,Sandals White برادا
PWPR000600004.jpg,PWPR000600004,prada Sandals nam  black
PWPR001500001.jpg,PWPR001500001,Prada  Padded Nappa Logo Black
PWPR001600001.jpg,PWPR001600001,"Prada Soft Padded Nappa EUC mules
Black"
PWPR001600002.jpg,PWPR001600002,"Prada Soft Padded Nappa EUC mules
white"
PWPR001700001.jpg,PWPR001700001,"Prada Padded Quilted Nappa CLSiC
Noir"
PWPR001700002.jpg,PWPR001700002,"Prada Padded Quilted Nappa
CLSiC dark brown"
PWPR001700003.jpg,PWPR001700003,"Prada  Padded Quilted Nappa Logo
Black"
PWPR001800001.jpg,PWPR001800001,Prada Crochet Flatform Beige
PWPR002800001.jpg,PWPR002800001,Prada Espadrille Buckle Sandal black Beige dark metallic Buckles
PWVN001400001.jpg,PWVN001400001,Valentino V Logo Slide Black
PWXS000100001.jpg,PWXS000100001,xVESSEL Noah s ark Black
PWXS000100002.jpg,PWXS000100002,xVESSEL Noah s ark White
PWZG000300001.jpg,PWZG000300001,"Zegna Slipper Triple Stitch Off-White
Burgundy Gum Sole"
PWZG000300002.jpg,PWZG000300002,Zegna Slipper Triple Stitch Off-BROWN BEIGE Gum Sole
PWZG000300003.jpg,PWZG000300003,Zegna Slipper Triple Stitch LIGHT BROWN BEIGE Gum Sole
PWZG000300004.jpg,PWZG000300004,"Zegna Slipper Triple Stitch  DARK
BEIGE Gum Sole"
PWZG000300005.jpg,PWZG000300005,"Zegna Slipper Triple Stitch  WHITE
BEIGE Gum Sole"
PWZG000300007.jpg,PWZG000300007,Zegna Slipper Triple Stitch LIGHT BLACK BEIGE Gum Sole
SKAD000100006.jpg,SKAD000100006,اديداس سوبر ستار وايت بلك ستربس
SKAD000100007.jpg,SKAD000100007,Dumbo اديداس سوبر ستار
SKAD000100016.jpg,SKAD000100016,Hello Kitty اديداس سوبر ستار
SKAD000100025.jpg,SKAD000100025,وايت بلك Kevin Lyons اديداس سوبر ستار
SKAD000200040.jpg,SKAD000200040,"اديداس جازيل Night Indigo Wonder Taupe
Gum"
SKAD000200041.jpg,SKAD000200041,"اديداس جازيل Collegiate Green Preloved
Red Gum"
SKAD000300001.jpg,SKAD000300001,اديداس ايزي 350 ابيض سادة
SKAD000300002.jpg,SKAD000300002,اديداس ايزي 350 اسود سادة
SKAD000300028.jpg,SKAD000300028,اديداس ايزي 350 بيلوجا ريفليكتف
SKAD000400003.jpg,SKAD000400003,اديداس سامبا كلود وايت كور بلك
SKAD000400007.jpg,SKAD000400007,اديداس سامبا White Wonder Clay Gum
SKAD000400009.jpg,SKAD000400009,اديداس سامبا Black White Gum
SKAD000400010.jpg,SKAD000400010,اديداس سامبا Vegan Black Gum
SKAD000400011.jpg,SKAD000400011,اديداس سامبا White Halo Blue
SKAD000400021.jpg,SKAD000400021,اديداس سامبا Wales Bonner Pony Leo
SKAD000400040.jpg,SKAD000400040,اديداس سامبا purple white
SKAD000400060.jpg,SKAD000400060,اديداس سامبا COMME des GARÇONS
SKAD000400072.jpg,SKAD000400072,اديداس سامبا White Lucid Pink
SKAD000400079.jpg,SKAD000400079,اديداس سامبا OG Silver Pink PR
SKAD000400084.jpg,SKAD000400084,"اديداس سامبا  Vegan Pink Cloud White
Brown"
SKAD000400091.jpg,SKAD000400091,اديداس سامبا purple Turquoise white
SKAD001800001.jpg,SKAD001800001,اديداس فورام تريبل وايت
SKAD001800003.jpg,SKAD001800003,اديداس فورام وايت رويال بلو
SKAD001800006.jpg,SKAD001800006,اديداس فورام وايت بلك
SKAD002500001.jpg,SKAD002500001,كور بلك Campus 00s اديداس
SKAD002500002.jpg,SKAD002500002,جراي وايت Campus 00s اديداس
SKAD002500003.jpg,SKAD002500003,دارك جرين كلود وايت Campus 00s اديداس
SKAD002500004.jpg,SKAD002500004,كريستال وايت دارك جرين Campus 00s اديداس
SKAD002500008.jpg,SKAD002500008,اديداس Campus 00s Wonder White
SKAD002500013.jpg,SKAD002500013,"اديداس Campus 00s Crystal White Core
Black"
SKAD002500054.jpg,SKAD002500054,Adidas Campus 00s Wonder Beige/Footwear White
SKAD004000002.jpg,SKAD004000002,"اديداس Handball Spezial Aluminum Core
Black"
SKAD004000003.jpg,SKAD004000003,اديداس Handball Spezial NAVY GUM
SKAD004000004.jpg,SKAD004000004,اديداس Handball Spezial Black Gum
SKAD004000011.jpg,SKAD004000011,اديداس Handball Spezial Brown
SKAD005400003.jpg,SKAD005400003,اديداس SambaE Hello Kitty
SKAD006000002.jpg,SKAD006000002,اديداس Adizero Evo SL White Black
SKAD006000007.jpg,SKAD006000007,Adidas Adizero Evo SL core black
SKAD006000008.jpg,SKAD006000008,"Adidas Adizero Evo SL white silver
pink accents"
SKAD006000009.jpg,SKAD006000009,"Adidas Adizero Evo SL Lucid Pink /
Core Black"
SKAD006000020.jpg,SKAD006000020,Adidas Adizero Evo SL blue white red
SKAD007500010.jpg,SKAD007500010,"adidas Samba Jane Balle Disney
Cinderella Crystal Sky"
SKAD007600006.jpg,SKAD007600006,adidas Supernova Ease triple black
SKAD007600008.jpg,SKAD007600008,"Adidas Supernova black white midsole
black assents"
SKAD007600009.jpg,SKAD007600009,"adidas Supernova black pink
turquoise accents"
SKAS000100005.jpg,SKAS000100005,"اسيكس GEL-KAYANO 14 CREAM
BLACK"
SKAS000700002.jpg,SKAS000700002,"اسيكس Gel-NYC Pink Cream Pure
Silver"
SKAS000700004.jpg,SKAS000700004,اسيكس Gel-NYC Graphite Grey Black
SKAS000700007.jpg,SKAS000700007,اسيكس Gel-NYC Cream Cloud Grey
SKAS000700008.jpg,SKAS000700008,"اسيكس Gel-NYC CREAM/OYSTER
GREY"
SKAS000700013.jpg,SKAS000700013,"اسيكس Gel-NYC Cream Mineral Beige
Pink"
SKAS000700025.jpg,SKAS000700025,ASICS Gel-NYC White/Oyster Grey
SKAS000700031.jpg,SKAS000700031,ASICS Gel-NYC white gray Midnight
SKAS000700032.jpg,SKAS000700032,"ASICS Gel-NYC Cream Sweet Pink
brown"
SKAS000700035.jpg,SKAS000700035,"ASICS Gel-NYC cream mineral beige
brown"
SKAS001300002.jpg,SKAS001300002,Asics Gel-1130 GS White Midnight
SKAS001300003.jpg,SKAS001300003,Asics Gel-1130 GS triple black
SKAS001300004.jpg,SKAS001300004,ASICS Gel-1130 White/Pure Silver
SKAY000200001.jpg,SKAY000200001,Alo Yoga Runner triple white
SKAY000200002.jpg,SKAY000200002,Alo Yoga Runner triple Black
SKAY000200007.jpg,SKAY000200007,Alo Yoga Runner Smoky Quartz
SKAY000200008.jpg,SKAY000200008,Alo Yoga Runner Sweet Pink
SKAY000200009.jpg,SKAY000200009,Alo Yoga Runner triple gray
SKGG000300032.jpg,SKGG000300032,"WHITE STAR جولدن جوس سوبر ستار
BLACK"
SKGG000300039.jpg,SKGG000300039,"جولدن جوس سوبر ستار White Old School
Buckle"
SKGG000300040.jpg,SKGG000300040,جولدن جوس سوبر ستار White Grafitty Rose
SKGG000300041.jpg,SKGG000300041,جولدن جوس سوبر ستار White Grafitty Black
SKGG000300042.jpg,SKGG000300042,جولدن جوس سوبر ستار White Silver Glitter
SKGG000300043.jpg,SKGG000300043,White  Rose جولدن جوس سوبر ستار
SKGG000300044.jpg,SKGG000300044,جولدن جوس سوبر ستار White Tiger Glitter
SKGG000300045.jpg,SKGG000300045,جولدن جوس سوبر ستار White Gold Glitter
SKLV000900027.jpg,SKLV000900027,"لويس فيتون LV Trainer White Black
Panda Modest lev"
SKLV000900028.jpg,SKLV000900028,"لويس فيتون LV Trainer Modest level  وايت
بلو"
SKLV000900029.jpg,SKLV000900029,"لويس فيتون LV Trainer White Green
Modest level"
SKLV000900054.jpg,SKLV000900054,"لويس فيتون LV Trainer Pink MODEST
LEVEL"
SKLV000900069.jpg,SKLV000900069,"LV Trainer MODEST LEVEl red and
white"
SKNB000200006.jpg,SKNB000200006,نيوبالنس 530 تريبل وايت
SKNB000200007.jpg,SKNB000200007,نيوبالنس 530 بلك وايت
SKNB000200009.jpg,SKNB000200009,نيوبالنس 530 وايت سيلفر
SKNB000200011.jpg,SKNB000200011,نيوبالنس 530 ايفوري
SKNB000200025.jpg,SKNB000200025,530 نيوبالنس Stone Pink
SKNB000200037.jpg,SKNB000200037,"New Balance 530 white NAVY metallic
silver gray"
SKNB000200038.jpg,SKNB000200038,"New Balance 530 white base mint
green orange accents"
SKNB000200039.jpg,SKNB000200039,"New Balance 530 white blue accents
hook loop closure"
SKNB000200040.jpg,SKNB000200040,New Balance 530 off-white silver metallic accents hook loop closure
SKNB000200041.jpg,SKNB000200041,New Balance 530 white mint pink accents hook loop closure
SKNB000200042.jpg,SKNB000200042,"New Balance 530 black white hook
loop closure"
SKNB000900001.jpg,SKNB000900001,نيوبالنس 9060 بيبي شاور بلو
SKNB000900017.jpg,SKNB000900017,9060 نيوبالنس DECEMBER SKY PINK
SKNB000900022.jpg,SKNB000900022,9060 نيوبالنس Triple Black
SKNB000900023.jpg,SKNB000900023,9060 نيوبالنس Black Castlerock Grey
SKNB000900031.jpg,SKNB000900031,9060 نيوبالنس Triple White
SKNB000900039.jpg,SKNB000900039,"New Balance 9060 ASOS Exclusive
Pink Overdye"
SKNB000900043.jpg,SKNB000900043,"New Balance 9060 Moonrock Linen
beige gray navy blue"
SKNB001300001.jpg,SKNB001300001,"327 نيوبالنس Moonbeam Classic
Burgundy"
SKNB001300002.jpg,SKNB001300002,"327 نيوبالنس Moonbeam Classic  جراي
نيفي"
SKNI000300002.jpg,SKNI000300002,نايك ايرفورس 1 ابيض سادة
SKNI000300017.jpg,SKNI000300017,نايك ايرفورس 1 اسود سادة
SKNI000700002.jpg,SKNI000700002,نايك جوردن 1 بلك توي
SKNI000700003.jpg,SKNI000700003,نايك جوردن 1 اكس ديور
SKNI000700005.jpg,SKNI000700005,نايك جوردن 1 سموك جراي
SKNI000700009.jpg,SKNI000700009,نايك جوردن 1 يوني بلو
SKNI000700010.jpg,SKNI000700010,نايك جوردن 1 ليت سموك جراي
SKNI000700028.jpg,SKNI000700028,نايك جوردن 1 بلك وايت
SKNI000700048.jpg,SKNI000700048,نايك جوردن 1 كاندي
SKNI000700055.jpg,SKNI000700055,نايك جوردن 1 مالتي كلر سووش فانتوم
SKNI000700068.jpg,SKNI000700068,M&M نايك جوردن 1
SKNI000700074.jpg,SKNI000700074,Rose نايك جوردن 1
SKNI000700079.jpg,SKNI000700079,"1 نايك جوردن Hello Kitty White Rose
Green"
SKNI000700080.jpg,SKNI000700080,1 نايك جوردن Barely Grape White Purple
SKNI000700081.jpg,SKNI000700081,"1 نايك جوردن White True Red
Aquamarine Black"
SKNI000700082.jpg,SKNI000700082,1 نايك جوردن Black Grey White
SKNI000800003.jpg,SKNI000800003,نايك جوردن 1 فلت ترافي سكوت موكا
SKNI000800008.jpg,SKNI000800008,نايك جوردن 1 فلت كارولينا بلو
SKNI000800013.jpg,SKNI000800013,نايك جوردن 1 فلت ترافي سكوت ريفيرز موكا
SKNI000800014.jpg,SKNI000800014,نايك جوردن 1 فلت ترافي سكوت بلك فانتوم
SKNI000800039.jpg,SKNI000800039,نايك جوردن 1 فلت SE All-Star
SKNI000800050.jpg,SKNI000800050,نايك جوردن 1 فلت Multi-Color Black Toe
SKNI000800051.jpg,SKNI000800051,نايك جوردن 1 فلت Island Green
SKNI000800052.jpg,SKNI000800052,"نايك جوردن 1 فلت Black Dark Powder
Blue"
SKNI000800053.jpg,SKNI000800053,نايك جوردن ا فلت travis scott’s x tiffany
SKNI000800054.jpg,SKNI000800054,جوردن 1 فلت University White Red
SKNI000800055.jpg,SKNI000800055,جوردن 1 فلت Digital Pink
SKNI000800056.jpg,SKNI000800056,جوردن 1 فلت Shadow Toe
SKNI000800057.jpg,SKNI000800057,جوردن 1 فلت OG Mocha Black White
SKNI000900001.jpg,SKNI000900001,نايك جوردن 4 وايت اوريو
SKNI000900005.jpg,SKNI000900005,نايك جوردن 4 بيور ماني
SKNI000900009.jpg,SKNI000900009,نايك جوردن 4 بلك كات
SKNI000900010.jpg,SKNI000900010,نايك جوردن 4 بريد 2019
SKNI000900013.jpg,SKNI000900013,نايك جوردن 4 يونيفرستي بلو
SKNI000900034.jpg,SKNI000900034,نايك جوردن 4 ميليتري بلك
SKNI000900044.jpg,SKNI000900044,بين جرين SB نايك جوردن 4
SKNI000900066.jpg,SKNI000900066,نايك جوردن 4 ميليتري بلو
SKNI000900067.jpg,SKNI000900067,4 نايك جوردن Royalty Black Metallic Gold
SKNI000900068.jpg,SKNI000900068,4 نايك جوردن Thunder Black Yellow
SKNI000900069.jpg,SKNI000900069,4 نايك جوردن Motorsports 2017
SkNI001300009.jpg,SkNI001300009,نايك بليزر هاف باسيفك بلو
SkNI001300016.jpg,SkNI001300016,نايك بليزر هاف وايت بلك
SkNI001300029.jpg,SkNI001300029,نايك بليزر هاف وايت ارتيك بانش
SkNI001300031.jpg,SkNI001300031,"Nike Blazer Mid 77 Vintage Summit
White Pink renbow"
SKNI001500002.jpg,SKNI001500002,فلت باندا SB نايك
SKNI001500007.jpg,SKNI001500007,فلت سيراكيوز 2020 SB نايك
SKNI001500023.jpg,SKNI001500023,فلت نكست ناتشر وايت منت SB نايك
SKNI001500027.jpg,SKNI001500027,فلت بيجون بينك SB نايك
SKNI001500051.jpg,SKNI001500051,فلت وايت جم SB نايك
SKNI001500152.jpg,SKNI001500152,"نايك SB دانك لو Midnight Navy University
Blue"
SKNI001500153.jpg,SKNI001500153,نايك SB دانك لو Reverse UNC
SKNI001500154.jpg,SKNI001500154,نايك SB دانك لو J-Pack Chicago
SKNI001500155.jpg,SKNI001500155,نايك SB 520 دانك لو Pack Pink
SKNI001600024.jpg,SKNI001600024,نايك دانك لو Triple Pink
SKNI002300002.jpg,SKNI002300002,تمبو بلك وايت UP نايك
SKNI002300003.jpg,SKNI002300003,تمبو وايت بلك UP نايك
SKNI002300007.jpg,SKNI002300007,تمبو وايت مالتي كلر UP نايك
SKNI002300019.jpg,SKNI002300019,Black White University Red تمبو UP نايك
SKNI002800001.jpg,SKNI002800001,نايك ايرماكس بلس تريبل بلك
SKNI002800004.jpg,SKNI002800004,نايك ايرماكس بلس جراي ريفليكتف لوجو
SKNI002800008.jpg,SKNI002800008,BLACK WHITE نايك ايرماكس بلس
SKNI002800009.jpg,SKNI002800009,Patta - FC Barcelona نايك ايرماكس بلس
SKNI002800012.jpg,SKNI002800012,أيرماكس بلس Red Black Magma
SKNI002800013.jpg,SKNI002800013,أيرماكس بلس Neptune Green Blue
SKNI002800014.jpg,SKNI002800014,أيرماكس بلس Retro Blue volte
SKNI002800015.jpg,SKNI002800015,ايرماكس بلس Multicolor Pink Blue
SKNI002800017.jpg,SKNI002800017,25  نايك ايرماكس بلسth Anniversary
SKNI002800019.jpg,SKNI002800019,ايرماكس بلس WhiteTeal Green Blue
SKNI008500007.jpg,SKNI008500007,"Nike Vomero 18 White/Electric
Green/Volt/Black"
SKNI008500008.jpg,SKNI008500008,"Nike Vomero 18 Summit White/Dusty
Cactus/Geode Teal/Black"
SKNI008600002.jpg,SKNI008600002,Nike Vomero Plus black white
SKOK000100009.jpg,SKOK000100009,"Mexico 66 White Dark Blue Red Gold
اونيتسوكا تايجر"
SKOK000100017.jpg,SKOK000100017,"Mexico 66 white black Green Sole
اونيتسوكا تايجر"
SKOK000100018.jpg,SKOK000100018,"Mexico 66 white Red Blue Sole اونيتسوكا
تايجر"
SKOK000100019.jpg,SKOK000100019,"Mexico 66 White Blue Pink Sole
اونيتسوكا تايجر"
SKOK000100020.jpg,SKOK000100020,"Mexico 66 White Gold Silver  اونيتسوكا
تايجر"
SKON000200004.jpg,SKON000200004,اون  رانينج On Cloud Monster All Black
SKON000200007.jpg,SKON000200007,"On Running On Cloudmonster light
beige Moon Fawn"
SKON000200008.jpg,SKON000200008,"On Running On Cloudmonster White
& Lima"
SKON000200009.jpg,SKON000200009,"On Running On Cloudmonster White
Frost"
SKON000200018.jpg,SKON000200018,"On Running On Cloud Monster
Black/White"
SKON000200019.jpg,SKON000200019,"On Running On Cloud Monster
Black/Magnet white"
SKON000300032.jpg,SKON000300032,"Cloudtilt 2 x LOEWE WHITE PINK  اون
رانينج"
SKON000800001.jpg,SKON000800001,اون رانينج Cloud X 4 Ivory Black
SKON000800002.jpg,SKON000800002,On Running Cloud X 4 Black
SKON000800003.jpg,SKON000800003,On Running Cloud X 4 Black white
SKON000800004.jpg,SKON000800004,On Running Cloud X 4 white red
SKON001000004.jpg,SKON001000004,On Running Cloudswift 3 black white
SKON001000005.jpg,SKON001000005,"On Cloudswift 3 white pink orange
accents"
SKON001000006.jpg,SKON001000006,On Cloudswift 3 triple white
SKON001000007.jpg,SKON001000007,On Cloudswift 3 triple black
SKON001900001.jpg,SKON001900001,On Running Cloudtilt Black Eclipse
SKON002000001.jpg,SKON002000001,"On Running CLOUD PLAY WHITE
WITH Velcro Strap"
SKON002000002.jpg,SKON002000002,On Running CLOUD PLAY BLACK
SKON002000003.jpg,SKON002000003,On Running CLOUD PLAY BLACK WHITE WITH Velcro Stra
SKON002000004.jpg,SKON002000004,"On Running CLOUD PLAY BLACK
WITH Velcro Strap"
SKPU001600001.jpg,SKPU001600001,بوما SUEDE XL For All Time Red
SKPU001600008.jpg,SKPU001600008,بوما SUEDE XL Black White
SKPU001600017.jpg,SKPU001600017,بوما SUEDE XL Pink Brown
SKPU001600020.jpg,SKPU001600020,بوما SUEDE XL Granola Warm White
SKPU001700001.jpg,SKPU001700001,بوما SUEDE Fat Lace Up Green
SMAD000100001.jpg,SMAD000100001,اديداس سوبر ستار سنيكرز اسود
SMAD000100003.jpg,SMAD000100003,اديداس سوبر ستار فلور امبرويدري وايت بلك
SMAD000100004.jpg,SMAD000100004,اديداس سوبر ستار ميكي دراوينج
SMAD000100006.jpg,SMAD000100006,اديداس سوبر ستار وايت بلك ستربس
SMAD000100007.jpg,SMAD000100007,اديداس سوبر ستار وايت هولوجرافيك ستربس
SMAD000100016.jpg,SMAD000100016,Hello Kitty اديداس سوبر ستار
SMAD000100019.jpg,SMAD000100019,White Brown اديداس سوبر ستار
SMAD000100027.jpg,SMAD000100027,Green Red اديداس سوبر ستار
SMAD000100028.jpg,SMAD000100028,اديداس سوبر ستار Foundation White Grey
SMAD000100029.jpg,SMAD000100029,"اديداس سوبر ستار Feifei Ruan Chinese
New Year Pack"
SMAD000100030.jpg,SMAD000100030,اديداس سوبر ستار Grey Pack Suede Black
SMAD000100031.jpg,SMAD000100031,"اديداس سوبر ستار
ShelltoeTeenageMutantNinjaTurtShr"
SMAD000100032.jpg,SMAD000100032,"اديداس سوبر ستار SUPEREARTH by Sean
Wotherspoon"
SMAD000100033.jpg,SMAD000100033,"اديداس سوبر ستار BLIORA ALMBLU
ALMYEL"
SMAD000100034.jpg,SMAD000100034,ديداس سوبر ستار Hello Kitty Flowers
SMAD000100035.jpg,SMAD000100035,اديداس سوبر ستارWhite Black White
SMAD000100036.jpg,SMAD000100036,اديداس سوبر ستار وايت بلك ستربس
SMAD000100037.jpg,SMAD000100037,"اديداس سوبر ستار Core Black Cloud White
Gold"
SMAD000100038.jpg,SMAD000100038,ديداس سوبر ستارKoRn 30th Anniversary
SMAD000100039.jpg,SMAD000100039,اديداس سوبر ستار Black white  gray lace
SMAD000100040.jpg,SMAD000100040,اديداس سوبر ستار x RC Beige gray suede
SMAD000100041.jpg,SMAD000100041,اديداس سوبر ستار x RC White Black
SMAD000100042.jpg,SMAD000100042,"اديداس سوبر ستار Gray Suede Cloud
White"
SMAD000100043.jpg,SMAD000100043,White Black اديداس  سوبر ستار
SMAD000100044.jpg,SMAD000100044,Black White GS اديداس  سوبر ستار
SMAD000100045.jpg,SMAD000100045,"اديداس  سوبر ستار Cld White core Black
UNIVER lv"
SMAD000100046.jpg,SMAD000100046,"اديداس  سوبر ستار atmos Denim Pack
Core Black"
SMAD000100047.jpg,SMAD000100047,Adidas Superstar Black Monogram
SMAD000100048.jpg,SMAD000100048,"اديداس  سوبر ستار White Mountaineering
Core Black"
SMAD000100049.jpg,SMAD000100049,"اديداس  سوبر ستارWhite Lowtop X Wales
Bnr"
SMAD000100050.jpg,SMAD000100050,"اديداس  سوبر ستار Olive Strata/Mesa/Night
Red"
SMAD000100051.jpg,SMAD000100051,"XLG Cloud White Core Blackاديداس سوبر
ستار"
SMAD000100052.jpg,SMAD000100052,"اديداس  سوبر ستار  White White Core
Black"
SMAD000100053.jpg,SMAD000100053,"ديداس سوبر ستار  XLG Nanzuka Wars
R2-D2 And C-3PO"
SMAD000100056.jpg,SMAD000100056,"adidas Superstar Caroline White
Black"
SMAD000100057.jpg,SMAD000100057,"adidas Superstar Caroline BLACK
WHITE"
SMAD000100058.jpg,SMAD000100058,adidas Superstar Caroline Sandy Pink
SMAD000100059.jpg,SMAD000100059,"adidas Superstar Core Black/Grey
white"
SMAD000100060.jpg,SMAD000100060,Adidas Superstar core black cloud white stripes&writting gold lace lock
SMAD000100061.jpg,SMAD000100061,Adidas Originals Superstar white metallic silver accents star lace jewel
SMAD000100062.jpg,SMAD000100062,Adidas Superstar Core Black Lucid Pink stripes unique paw print detail
SMAD000100063.jpg,SMAD000100063,"Adidas Superstar Dior White tonal
grey"
SMAD000100064.jpg,SMAD000100064,adidas Superstar White Silver Metallic
SMAD000100065.jpg,SMAD000100065,"adidas Superstar x Neighborhood
black white skull"
SMAD000100066.jpg,SMAD000100066,adidas Superstar white purple
SMAD000100067.jpg,SMAD000100067,"adidas Superstar II Rhinestone Black
Silver Crystal"
SMAD000100068.jpg,SMAD000100068,"adidas Superstar II Cream White
Earth Strata"
SMAD000100069.jpg,SMAD000100069,Adidas Superstar  Liberty London Tana Lawn floral pattern
SMAD000200001.jpg,SMAD000200001,اديداس جازيل اسود × ابيض
SMAD000200002.jpg,SMAD000200002,اديداس جازيل كحلي × ابيض
SMAD000200003.jpg,SMAD000200003,اديداس جازيل احمر × ابيض
SMAD000200004.jpg,SMAD000200004,"اديداس جازيل x Gucci Green GG
Monogram"
SMAD000200011.jpg,SMAD000200011,اديداس جازيل Bliss Pink Purple
SMAD000200012.jpg,SMAD000200012,"اديداس جازيل Collegiate Green White
Lucid Pink"
SMAD000200013.jpg,SMAD000200013,اديداس جازيل Indoor pink fashion
SMAD000200014.jpg,SMAD000200014,اديداس جازيل RED WHITE GUM
SMAD000200015.jpg,SMAD000200015,اديداس جازيل BLUE WHITE GUM
SMAD000200016.jpg,SMAD000200016,اديداس جازيل Cream White
SMAD000200017.jpg,SMAD000200017,اديداس جازيل WHITE PRELOVED INK
SMAD000200018.jpg,SMAD000200018,GREY WOLF اديداس جازيل
SMAD000200019.jpg,SMAD000200019,اديداس جازيل Black White Gum
SMAD000200021.jpg,SMAD000200021,اديداس جازيل Maroon Burgundy
SMAD000200023.jpg,SMAD000200023,اديداس جازيل x Gucci White Navy Red
SMAD000200024.jpg,SMAD000200024,"اديداس جازيل x Gucci Beige Brown White
Gum"
SMAD000200025.jpg,SMAD000200025,"اديداس جازيل ORG x Gucci White Navy
Red"
SMAD000200026.jpg,SMAD000200026,اديداس جازيل Bad Bunny San Juan
SMAD000200027.jpg,SMAD000200027,اديداس جازيل Green White Gum
SMAD000200028.jpg,SMAD000200028,اديداس جازيل CLOT x Gazelle Halo Ivory
SMAD000200029.jpg,SMAD000200029,اديداس جازيل x Gucci Metallic Gold
SMAD000200030.jpg,SMAD000200030,"اديداس جازيل x Gucci Green GG
Monogram ORG"
SMAD000200031.jpg,SMAD000200031,"اديداس جازيل x Gucci Beige Brown White
Gum ORG"
SMAD000200032.jpg,SMAD000200032,اديداس جازيل Indoor Light Blue Floral
SMAD000200033.jpg,SMAD000200033,اديداس جازيل Indoor Wonder Clay
SMAD000200034.jpg,SMAD000200034,اديداس جازيل Off White Preloved Yellow
SMAD000200035.jpg,SMAD000200035,اديداس جازيل Bad Bunny Benite White
SMAD000200036.jpg,SMAD000200036,اديداس جازيل Bad Bunny Benito Black
SMAD000200037.jpg,SMAD000200037,اديداس جازيل Bad Bunny Benito Brown
SMAD000200038.jpg,SMAD000200038,"اديداس جازيل Carved Comfort Versatile
Non□Slip"
SMAD000200039.jpg,SMAD000200039,اديداس Gazelle Indoor Hello Kitty
SMAD000200042.jpg,SMAD000200042,"اديداس جازيل Indoor Earth Strata Magic
Beige Gaze"
SMAD000200043.jpg,SMAD000200043,اديداس جازيل Focus Olive Indoor
SMAD000200044.jpg,SMAD000200044,"اديداس جازيل Maroon Cloud White Prlvd
Crimson"
SMAD000200045.jpg,SMAD000200045,"اديداس Gazelle Indoor Crew Navy
Burgundy"
SMAD000200046.jpg,SMAD000200046,اديداس Gazelle Indoor Pink Velvet
SMAD000200047.jpg,SMAD000200047,"adidas Gazelle Indoor Black brown
Green"
SMAD000200048.jpg,SMAD000200048,adidas Gazelle Indoor beige purple
SMAD000200049.jpg,SMAD000200049,"adidas Gazelle Indoor white silver
metallic"
SMAD000200050.jpg,SMAD000200050,"Adidas Gazelle Cream White BLACK
LACE"
SMAD000200051.jpg,SMAD000200051,"Adidas Gazelle Liberty London Floral
Embroidery"
SMAD000200052.jpg,SMAD000200052,adidas Gazelle 85 Preloved Brown
SMAD000200053.jpg,SMAD000200053,"adidas Gazelle Indoor Earth Strata
White Gold Metallic"
SMAD000200054.jpg,SMAD000200054,"adidas Gazelle Indoor Sandy Pink
Cloud White Gum"
SMAD000200055.jpg,SMAD000200055,adidas Gazelle Indoor Cardboard Brown Sandy Pink Gum
SMAD000200056.jpg,SMAD000200056,adidas Gazelle Indoor Brown Velvet Dark Brown / Glow Pink / Court Green
SMAD000300001.jpg,SMAD000300001,اديداس ايزي 350 ابيض سادة
SMAD000300002.jpg,SMAD000300002,اديداس ايزي 350 اسود سادة
SMAD000300005.jpg,SMAD000300005,اديداس ايزي 350 تايل ليت
SMAD000300007.jpg,SMAD000300007,اديداس ايزي 350 ستاتيك
SMAD000300009.jpg,SMAD000300009,"Adidas yeezy boost 350 cloud GRAY
white reflective"
SMAD000300012.jpg,SMAD000300012,"adidas Yeezy Boost 350 V2 Black
Reflective"
SMAD000300013.jpg,SMAD000300013,اديداس ايزي 350 اسود ريفليكتيف ليسنج
SMAD000300027.jpg,SMAD000300027,اديداس ايزي 350 زيبرا
SMAD000300028.jpg,SMAD000300028,اديداس ايزي 350 بيلوجا ريفليكتف
SMAD000300029.jpg,SMAD000300029,اديداس ايزي 350 اسود مقاسات خاصة
SMAD000300030.jpg,SMAD000300030,اديداس ايزي 350 ابيض مقاسات خاصة
SMAD000300031.jpg,SMAD000300031,اديداس ايزي 350 تايل ليت مقاسات خاصة
SMAD000300032.jpg,SMAD000300032,اديداس ايزي 350 زيبرا مقاسات خاصة
SMAD000300033.jpg,SMAD000300033,اديداس ايزي 350 بيلوجا ريفليكتف مقاسات خاصة
SMAD000300034.jpg,SMAD000300034,اديداس ايزي 350جراى ريفليكتيف ليسنج
SMAD000300035.jpg,SMAD000300035,اديداس ايزي 350 ستاتيك مقاسات خاصة
SMAD000400001.jpg,SMAD000400001,اديداس سامبا اسود × ابيض شبك
SMAD000400002.jpg,SMAD000400002,اديداس سامبا اسود × ابيض جلد
SMAD000400003.jpg,SMAD000400003,اديداس سامبا كلود وايت كور بلك
SMAD000400007.jpg,SMAD000400007,اديداس سامبا White Wonder Clay Gum
SMAD000400008.jpg,SMAD000400008,اديداس سامبا White Green
SMAD000400009.jpg,SMAD000400009,اديداس سامبا Black White Gum
SMAD000400010.jpg,SMAD000400010,اديداس سامبا Vegan Black Gum
SMAD000400011.jpg,SMAD000400011,اديداس سامبا White Halo Blue
SMAD000400016.jpg,SMAD000400016,اديداس سامبا Wales Bonner Silver
SMAD000400017.jpg,SMAD000400017,اديداس سامبا Collegiate Green
SMAD000400018.jpg,SMAD000400018,اديداس سامبا White Better Scarlet
SMAD000400019.jpg,SMAD000400019,"اديداس سامبا Alumina Chalk White
Wonder Beige"
SMAD000400022.jpg,SMAD000400022,"اديداس سامبا  Wales Bonner Pony Cream
White"
SMAD000400023.jpg,SMAD000400023,اديداس سامبا  Wales Bonner Pony BLACK
SMAD000400026.jpg,SMAD000400026,اديداس سامبا wales bonner NYLON
SMAD000400029.jpg,SMAD000400029,اديداس سامبا cream white sand strata
SMAD000400034.jpg,SMAD000400034,اديداس سامبا  NIGHT NAVY GUM
SMAD000400036.jpg,SMAD000400036,Collegiate Green/White اديداس سامبا
SMAD000400037.jpg,SMAD000400037,"اديداس سامبا Cardboard Beige Brown
Cream White"
SMAD000400038.jpg,SMAD000400038,اديداس سامبا White Silver Green
SMAD000400039.jpg,SMAD000400039,"اديداس سامبا Wales Bonner Studded
Black"
SMAD000400040.jpg,SMAD000400040,اديداس سامبا purple white
SMAD000400042.jpg,SMAD000400042,اديداس سامبا  Wales Bonner brown white
SMAD000400043.jpg,SMAD000400043,اديداس سامبا SILVER GREEN GUM
SMAD000400044.jpg,SMAD000400044,اديداس سامبا white green 2022
SMAD000400045.jpg,SMAD000400045,"اديداس سامبا Wales Bonner Brown
Leather"
SMAD000400048.jpg,SMAD000400048,ORG اديداس سامبا كلود وايت كور بلك
SMAD000400049.jpg,SMAD000400049,"اديداس سامبا  Wales Bonner Studded
Cream White"
SMAD000400052.jpg,SMAD000400052,"اديداس سامبا Lionel Messi Argentina Pink
Blue Miam"
SMAD000400053.jpg,SMAD000400053,اديداس سامبا Janes Cloud White
SMAD000400057.jpg,SMAD000400057,اديداس سامبا White Halo Grey
SMAD000400058.jpg,SMAD000400058,اديداس سامبا White PURPLE
SMAD000400059.jpg,SMAD000400059,اديداس سامبا Wonder Gold Metallic
SMAD000400060.jpg,SMAD000400060,اديداس سامبا COMME des GARCONS
SMAD000400061.jpg,SMAD000400061,اديداس سامبا White Beige GUM
SMAD000400064.jpg,SMAD000400064,اديداس سامبا Neighborhood Leopard
SMAD000400065.jpg,SMAD000400065,اديداس سامبا Beige Brown Cream
SMAD000400066.jpg,SMAD000400066,"Black Wonder Quartz Ribbon  اديداس
سامبا"
SMAD000400067.jpg,SMAD000400067,اديداس سامبا Team Argentina
SMAD000400068.jpg,SMAD000400068,"اديداس سامبا Wales Bonner Nylon Desert
White"
SMAD000400069.jpg,SMAD000400069,اديداس سامبا Chalky Brown Gum OG
SMAD000400070.jpg,SMAD000400070,اديداس سامبا Collegiate Green Gum OG
SMAD000400071.jpg,SMAD000400071,"اديداس سامبا Cream White Preloved
Brown"
SMAD000400072.jpg,SMAD000400072,اديداس سامبا White Lucid Pink
SMAD000400073.jpg,SMAD000400073,"اديداس سامبا Silver Metallic Core Black
Gum"
SMAD000400074.jpg,SMAD000400074,"Silver Green Putty Mauve OG  اديداس
سامبا"
SMAD000400075.jpg,SMAD000400075,"white with blue denim jeans OG  اديداس
سامبا"
SMAD000400076.jpg,SMAD000400076,Hazy Green OG اديداس سامبا
SMAD000400077.jpg,SMAD000400077,"اديداس سامبا OG 75th Anniversary Pack
Black"
SMAD000400078.jpg,SMAD000400078,اديداس سامبا OG beige white
SMAD000400079.jpg,SMAD000400079,اديداس سامبا OG Silver Pink PR
SMAD000400080.jpg,SMAD000400080,اديداس سامبا Blue Burst LT
SMAD000400081.jpg,SMAD000400081,اديداس سامبا OG Lace Flower
SMAD000400082.jpg,SMAD000400082,اديداس سامبا  Inter Miami CF Messi Black
SMAD000400083.jpg,SMAD000400083,اديداس سامبا  Consortium Cup END. Past
SMAD000400084.jpg,SMAD000400084,"اديداس سامبا  Vegan Pink Cloud White
Brown"
SMAD000400085.jpg,SMAD000400085,اديداس سامبا OG J BLANCO NEGRO
SMAD000400086.jpg,SMAD000400086,اديداس سامبا OG Metallic Purple Gum
SMAD000400087.jpg,SMAD000400087,اديداس سامبا OG Wonder White Maroon
SMAD000400088.jpg,SMAD000400088,اديداس سامبا Wales Bonner Navy Croc
SMAD000400089.jpg,SMAD000400089,اديداس سامبا Wales Bonner Brown Croc
SMAD000400090.jpg,SMAD000400090,"اديداس سامبا OG White Light Beige Coral
Pink"
SMAD000400091.jpg,SMAD000400091,اديداس سامبا purple Turquoise white
SMAD000400092.jpg,SMAD000400092,اديداس سامبا Tonal Color Pack Linen
SMAD000400093.jpg,SMAD000400093,اديداس سامبا White Beige Gum
SMAD000400094.jpg,SMAD000400094,"اديداس سامبا Cloud White Off White Core
Black"
SMAD000400095.jpg,SMAD000400095,اديداس سامبا White Burgundy Gum
SMAD000400096.jpg,SMAD000400096,اديداس سامبا White Floral Embroidery
SMAD000400097.jpg,SMAD000400097,اديداس سامبا OG Wonder Quartz
SMAD000400098.jpg,SMAD000400098,اديداس سامبا Cloud White
SMAD000400099.jpg,SMAD000400099,اديداس سامبا Off White Dark Blue
SMAD000400100.jpg,SMAD000400100,اديداس سامبا White Victory Red  Indigo
SMAD000400101.jpg,SMAD000400101,اديداس سامبا Off White Violet Tone
SMAD000400102.jpg,SMAD000400102,اديداس سامبا Wonder Taupe
SMAD000400103.jpg,SMAD000400103,اديداس سامبا Earth Strata Gum
SMAD000400104.jpg,SMAD000400104,اديداس سامبا Mineral Green Crystal Sand
SMAD000400105.jpg,SMAD000400105,اديداس سامبا Cream White Preloved Fig
SMAD000400106.jpg,SMAD000400106,اديداس سامبا beje bordeaux
SMAD000400107.jpg,SMAD000400107,"اديداس سامبا Silver Metallic Cracked
Leather"
SMAD000400108.jpg,SMAD000400108,ORG اديداس سامبا Wonder Gold Metallic
SMAD000400109.jpg,SMAD000400109,"Adidas Samba OG Clover Desert light
gray"
SMAD000400110.jpg,SMAD000400110,"Adidas Samba OG Preloved Red
Leopard"
SMAD000400111.jpg,SMAD000400111,"Adidas Samba OG Black Green
Leopard"
SMAD000400112.jpg,SMAD000400112,"Adidas Samba OG Gold Metallic
Cracked white"
SMAD000400113.jpg,SMAD000400113,"Adidas Samba OG Night Indigo/Crew
White"
SMAD000400114.jpg,SMAD000400114,"اديداس سامبا Silver Metallic Cracked
Leather ORG"
SMAD000400115.jpg,SMAD000400115,"Adidas Samba OG Black Green
Leopard ORG"
SMAD000400116.jpg,SMAD000400116,اديداس سامبا Black White Gum ORG
SMAD000400117.jpg,SMAD000400117,adidas Samba OG Brown Putty Grey
SMAD000400118.jpg,SMAD000400118,adidas Samba Espadrille CLOT By Edison Chen White Black
SMAD000400119.jpg,SMAD000400119,"adidas Samba OG Rhinestone Black
Silver"
SMAD000400120.jpg,SMAD000400120,"adidas Samba OG Valentine s Day
Cream White Scarlet"
SMAD000400121.jpg,SMAD000400121,"adidas Samba OG Liberty London
Floral Embroidery"
SMAD000400122.jpg,SMAD000400122,adidas Samba OG White Sand Strata leopard print Stripes gum sole
SMAD000400123.jpg,SMAD000400123,"adidas Samba LT Earth Strata White
Gum"
SMAD000400124.jpg,SMAD000400124,adidas Samba OG Basketweave Cream White Earth Strata
SMAD000400125.jpg,SMAD000400125,adidas Samba OG Off White Gum
SMAD000400127.jpg,SMAD000400127,adidas Samba OG Pink Spark Shadow Red gum SOLE
SMAD000400128.jpg,SMAD000400128,"adidas Samba OG Molly-Mae Matcha
Gum"
SMAD000500001.jpg,SMAD000500001,اديداس توبانجا اسود جلد
SMAD000500002.jpg,SMAD000500002,اديداس توبانجا جملي جلد مقلوب
SMAD000500003.jpg,SMAD000500003,اديداس توبانجا بترولي جلد مقلوب
SMAD000600001.jpg,SMAD000600001,اديداس لوكاس اسود سادة × علمة ابيض
SMAD000600002.jpg,SMAD000600002,اديداس لوكاس اسود سادة × احمر
SMAD000600003.jpg,SMAD000600003,اديداس لوكاس رمادي سادة × علمة اسود
SMAD000600004.jpg,SMAD000600004,اديداس لوكاس اسود × رمادي × علمة ابيض
SMAD000700001.jpg,SMAD000700001,اديداس ستان سميث وايت
SMAD000700002.jpg,SMAD000700002,اديداس ستان سميث وايت بلك
SMAD000700003.jpg,SMAD000700003,اديداس ستان سميث وايت جرين
SMAD000700004.jpg,SMAD000700004,adidas Stan Smith CLOT By Edison Chen Espadrille White Green
SMAD000800001.jpg,SMAD000800001,اديداس زداكس وايت فيوليت بلو
SMAD000800002.jpg,SMAD000800002,اديداس زداكس بوب كورن ابيض
SMAD000900004.jpg,SMAD000900004,21 اديداس الترا بوست Argentina National
SMAD000900005.jpg,SMAD000900005,21 اديداس الترا بوست Teaser Shadow Navy
SMAD001800001.jpg,SMAD001800001,اديداس فورام تريبل وايت
SMAD001800003.jpg,SMAD001800003,اديداس فورام وايت رويال بلو
SMAD001800004.jpg,SMAD001800004,اديداس فورام وايت ليت بينك
SMAD001800006.jpg,SMAD001800006,اديداس فورام وايت بلك
SMAD001800007.jpg,SMAD001800007,اديداس فورام وايت جرين
SMAD001800008.jpg,SMAD001800008,اديداس فورام كلود وايت كوربلك جم
SMAD001800010.jpg,SMAD001800010,اديداس فورام كلود وايت ليت جراي
SMAD001800011.jpg,SMAD001800011,Off White اديداس فورام كلود
SMAD001800012.jpg,SMAD001800012,اديداس فورام وايت ريد
SMAD001800015.jpg,SMAD001800015,اديداس فورام White Clear Blue
SMAD001800017.jpg,SMAD001800017,اديداس فورام Blue Denim Gum
SMAD001800018.jpg,SMAD001800018,adidas Forum Low Off White Brown
SMAD001800019.jpg,SMAD001800019,"adidas Forum Low ADV Carbon Grey
Grey Two"
SMAD001800020.jpg,SMAD001800020,"adidas Forum 84 Low CL White Black
Gum"
SMAD001800021.jpg,SMAD001800021,adidas Forum 84 Low Off White Subtle hints Halo Blush
SMAD002200003.jpg,SMAD002200003,"20 اديداس الترا بوست Dash Grey Blue
Metallic"
SMAD002200006.jpg,SMAD002200006,Core Black اديداس الترا بوست 20
SMAD002200007.jpg,SMAD002200007,"20 اديداس الترا بوست James Bond 007
Black"
SMAD002200008.jpg,SMAD002200008,Marble Black اديداس الترا بوست 20
SMAD002200009.jpg,SMAD002200009,20 اديداس الترا بوست Football Blue
SMAD002200010.jpg,SMAD002200010,Dash Grey Blue اديداس الترا بوست 20 مقاسات خاصةMetallic
SMAD002200011.jpg,SMAD002200011,007 James Bond اديداس الترا بوست 20 مقاسات خاصة Black
SMAD002200012.jpg,SMAD002200012,"Marbleاديداس الترا بوست 20  مقاسات خاصة
Black"
SMAD002200013.jpg,SMAD002200013,مقاسات  Core Black اديداس الترا بوست 20 خاصة
SMAD002300001.jpg,SMAD002300001,باك تو سكول Bad Bunny اديداس
SMAD002400002.jpg,SMAD002400002,اديداس Retropy E5 White Crystal White
SMAD002400003.jpg,SMAD002400003,"اديداس Retropy E5 Aluminium Dark
Green"
SMAD002400005.jpg,SMAD002400005,اديداس Retropy E5 Matcha Green
SMAD002400006.jpg,SMAD002400006,اديداس Retropy E5 White Gray
SMAD002400008.jpg,SMAD002400008,اديداس Retropy E5 Gray White
SMAD002400009.jpg,SMAD002400009,"Retropy E5 Green Oxide/Core Black/
Off White"
SMAD002400010.jpg,SMAD002400010,اديداس Retropy E5 Cream Gray
SMAD002400011.jpg,SMAD002400011,اديداس Retropy E5 Solid Grey
SMAD002400012.jpg,SMAD002400012,اديداس Retropy E5 Beige White
SMAD002400013.jpg,SMAD002400013,اديداس Retropy E5 Grey Black Gum
SMAD002400014.jpg,SMAD002400014,اديداس Retropy E5 Mint Green
SMAD002400015.jpg,SMAD002400015,"اديداس Retropy E5 Wonder
Beige/Collegiate"
SMAD002400016.jpg,SMAD002400016,اديداس Retropy E5 black white
SMAD002400017.jpg,SMAD002400017,اديداس Retropy E5 Triple Black
SMAD002400018.jpg,SMAD002400018,اديداس Retropy E5 Grey Suede White
SMAD002400019.jpg,SMAD002400019,اديداس Retropy E5 Black Gum
SMAD002400020.jpg,SMAD002400020,"اديداس Retropy E5 Dark Grey Cloud
White"
SMAD002400021.jpg,SMAD002400021,Adidas Retropy E5 Chalk White Grey
SMAD002400022.jpg,SMAD002400022,Adidas Retropy E5 grey white beige
SMAD002400023.jpg,SMAD002400023,Adidas Retropy E5 Beige/Brown
SMAD002400024.jpg,SMAD002400024,Adidas Retropy E5 Blue green Cream
SMAD002400025.jpg,SMAD002400025,"Adidas Retropy E5 Core Black gum
outsole"
SMAD002400026.jpg,SMAD002400026,"adidas Retropy E5 Branch/Legend
Green/Chalk White"
SMAD002400027.jpg,SMAD002400027,Adidas Retropy E5 white beige green
SMAD002400028.jpg,SMAD002400028,"adidas Retropy E5 Off White Blue red
heel tab"
SMAD002400029.jpg,SMAD002400029,"adidas Retropy E5 White Tint/Grey
One/Legend Ink"
SMAD002400030.jpg,SMAD002400030,"adidas Retropy E5 off-white light pink
purple accents"
SMAD002400031.jpg,SMAD002400031,adidas Retropy E5 triple white
SMAD002400032.jpg,SMAD002400032,adidas Retropy E5 Leopard Print white
SMAD002400033.jpg,SMAD002400033,"Adidas Retropy E5 off-white/cream
burgundy"
SMAD002500001.jpg,SMAD002500001,كور بلك Campus 00s اديداس
SMAD002500002.jpg,SMAD002500002,جراي وايت Campus 00s اديداس
SMAD002500003.jpg,SMAD002500003,دارك جرين كلود وايت Campus 00s اديداس
SMAD002500004.jpg,SMAD002500004,كريستال وايت دارك جرين Campus 00s اديداس
SMAD002500005.jpg,SMAD002500005,داست كارجو كلير بينك Campus 00s اديداس
SMAD002500008.jpg,SMAD002500008,اديداس Campus 00s Wonder White
SMAD002500011.jpg,SMAD002500011,اديداس Campus 00s Spice Yellow
SMAD002500013.jpg,SMAD002500013,"اديداس Campus 00s Crystal White Core
Black"
SMAD002500015.jpg,SMAD002500015,اديداس Campus 00s KORN
SMAD002500016.jpg,SMAD002500016,اديداس Campus 00s CARBON BLACK
SMAD002500017.jpg,SMAD002500017,اديداس Campus 00s GREY
SMAD002500019.jpg,SMAD002500019,اديداس Campus 00s Pink Fusion
SMAD002500020.jpg,SMAD002500020,"اديداس Campus 00s Core Black True
Pink"
SMAD002500021.jpg,SMAD002500021,ادايداس CAMPUS 00S CARBON SOLAR GREEN BLACK
SMAD002500022.jpg,SMAD002500022,اديداس Campus 00s Bliss Lilac Black
SMAD002500023.jpg,SMAD002500023,اديداس Campus 00s Leopard skin
SMAD002500024.jpg,SMAD002500024,"اديداس CAMPUS 00S WHITE BLACK
SOL"
SMAD002500025.jpg,SMAD002500025,"اديداس Campus 00S Core Black Cloud
White"
SMAD002500026.jpg,SMAD002500026,اديداس CAMPUS 00S Red White Gum
SMAD002500028.jpg,SMAD002500028,اديداس CAMPUS 00S Maroon Burgundy
SMAD002500029.jpg,SMAD002500029,اديداس Campus 00s Wonder Blue
SMAD002500030.jpg,SMAD002500030,اديداس Campus 00s Bark
SMAD002500031.jpg,SMAD002500031,Campus 00s Blue White Gum اديداس
SMAD002500032.jpg,SMAD002500032,"Campus 00s Collegiate Green Core
Black Gum اديداس"
SMAD002500033.jpg,SMAD002500033,Campus 00s Core Black Floral اديداس
SMAD002500034.jpg,SMAD002500034,"CAMPUS 00S Preloved Blue / Cloud
White  اديداس"
SMAD002500035.jpg,SMAD002500035,"اديداس Campus 00s Putty Grey
Preloved Blue"
SMAD002500036.jpg,SMAD002500036,"اديداس Campus 00s Aluminum Cloud
White"
SMAD002500037.jpg,SMAD002500037,"اديداس Campus 00s Aluminum Off
White Aluminium"
SMAD002500038.jpg,SMAD002500038,"اديداس Campus 00s Glow in the Dark
Beige"
SMAD002500039.jpg,SMAD002500039,"اديداس Campus 00s Collegiate Core
White Green"
SMAD002500040.jpg,SMAD002500040,اديداس Campus 00s Black Leopard
SMAD002500041.jpg,SMAD002500041,اديداس Campus 00s Collegiate Green
SMAD002500042.jpg,SMAD002500042,"اديداس Campus 00s Olive Strata Dark
Brown"
SMAD002500043.jpg,SMAD002500043,"Campus 00s Ice Cream Cone Pink
White اديداس"
SMAD002500044.jpg,SMAD002500044,Campus 00s Rose Tone اديداس
SMAD002500045.jpg,SMAD002500045,Campus 00s Grey Blue Fashion اديداس
SMAD002500046.jpg,SMAD002500046,"اديداس Campus 00s Preloved Green
Solar Yellow"
SMAD002500047.jpg,SMAD002500047,"اديداس CAMPUS 00S Crystal White
Preloved Ruby"
SMAD002500048.jpg,SMAD002500048,"اديداس Campus 00s Burgundy Light
Grey"
SMAD002500049.jpg,SMAD002500049,"اديداس Campus 01s Shadow Red Off
White"
SMAD002500050.jpg,SMAD002500050,"اديداس Campus 00S Quartz Wonder
Mauve Pink"
SMAD002500051.jpg,SMAD002500051,"Adidas Campus 00s Silver Pebble
grey Olive white"
SMAD002500052.jpg,SMAD002500052,Adidas Campus 00s White Brown
SMAD002500053.jpg,SMAD002500053,Adidas Campus 00s Wonder Quartz
SMAD002500054.jpg,SMAD002500054,Adidas Campus 00s Semi Pink Spark
SMAD002500055.jpg,SMAD002500055,"adidas Campus 00s Grey White Gum
Oversized Logo"
SMAD002500056.jpg,SMAD002500056,"adidas Campus 00s Black White Gum
Oversized Logo"
SMAD002500057.jpg,SMAD002500057,"adidas Campus 00s  Wonder Quartz / Cream White / Wonder Mauve
pinkish-brown"
SMAD002500058.jpg,SMAD002500058,"adidas Campus 00s Collegiate Navy
white Gum sole"
SMAD002500059.jpg,SMAD002500059,"adidas Campus 00s Core Black /
Silver Metallic strass"
SMAD002500060.jpg,SMAD002500060,adidas Campus 00s brown white
SMAD002500061.jpg,SMAD002500061,adidas Campus 00s Grey Clear Sky
SMAD002700001.jpg,SMAD002700001,تريبل بلك ADI‏2000 اديداس
SMAD002800003.jpg,SMAD002800003,اديداس الترا بوست 22 كلود وايت كربون بربل رش
SMAD002800009.jpg,SMAD002800009,"اديداس الترا بوست 22 وايت بلك سولر ريد
ORG"
SMAD002800010.jpg,SMAD002800010,Black White اديداس الترا بوست 22
SMAD002800011.jpg,SMAD002800011,"22 اديداس الترا بوست Core Black Solar
Green"
SMAD002800012.jpg,SMAD002800012,White اديداس الترا بوست 22
SMAD002800013.jpg,SMAD002800013,Grey Lilac اديداس الترا بوست 22
SMAD003300001.jpg,SMAD003300001,وايت بلك جم XLG اديداس سامبا
SMAD003300002.jpg,SMAD003300002,بلك وايت جم XLG اديداس سامبا
SMAD003300003.jpg,SMAD003300003,وايت جرين جم XLG اديداس سامبا
SMAD003300004.jpg,SMAD003300004,اديداس Samba XLG Chinese New Year
SMAD003300005.jpg,SMAD003300005,"اديداس سامبا XLG Cloud White Core
Black"
SMAD003600001.jpg,SMAD003600001,اديداس Sambarose Cloud White
SMAD003600004.jpg,SMAD003600004,اديداس Sambarose Valentine 2020
SMAD003600006.jpg,SMAD003600006,Sambarose White Gold اديداس
SMAD003600007.jpg,SMAD003600007,اديداس Sambarose White Silver Striped
SMAD003600008.jpg,SMAD003600008,اديداس Sambarose White gold Striped
SMAD003700001.jpg,SMAD003700001,اديداس X PLRBOOST black white
SMAD003700002.jpg,SMAD003700002,اديداس X PLRBOOST white multicolour
SMAD003700003.jpg,SMAD003700003,"اديداس X PLRBOOST Core Black Cloud
White"
SMAD003800004.jpg,SMAD003800004,"اديداس Solarboost 5 BLACK WONBLU
LUCLEM"
SMAD003900004.jpg,SMAD003900004,"اديداس PUREBOOST 22 White Grey
Lucid Fuchsia"
SMAD003900005.jpg,SMAD003900005,"اديداس PUREBOOST 22 Black White
Pink"
SMAD003900008.jpg,SMAD003900008,اديداس PUREBOOST 22 Navy White
SMAD003900009.jpg,SMAD003900009,"اديداس PUREBOOST 22 White Core
Black Red"
SMAD003900010.jpg,SMAD003900010,اديداس PUREBOOST 22 White Gry
SMAD003900011.jpg,SMAD003900011,"اديداس PUREBOOST 22 White Black
Fuchsia"
SMAD003900012.jpg,SMAD003900012,"اديداس PUREBOOST 22  gray black
pink"
SMAD003900013.jpg,SMAD003900013,اديداس PUREBOOST 22 White Pink
SMAD004000001.jpg,SMAD004000001,اديداس Handball Spezial Clear Pink
SMAD004000002.jpg,SMAD004000002,"اديداس Handball Spezial Aluminum Core
Black"
SMAD004000003.jpg,SMAD004000003,اديداس Handball Spezial NAVY GUM
SMAD004000004.jpg,SMAD004000004,اديداس Handball Spezial Black Gum
SMAD004000005.jpg,SMAD004000005,"اديداس Handball Spezial Silver Green
Magic Mauve"
SMAD004000006.jpg,SMAD004000006,اديداس Handball Spezial Yellow White
SMAD004000007.jpg,SMAD004000007,"اديداس Handball Spezial Green Lucid
Pink Gum"
SMAD004000008.jpg,SMAD004000008,"اديداس Handball Spezial ""Black/Pink"
SMAD004000009.jpg,SMAD004000009,"اديداس Handball Spezial Preloved
Green"
SMAD004000010.jpg,SMAD004000010,"اديداس Handball Spezial LIGHT BLUE
WHITE GUM"
SMAD004000011.jpg,SMAD004000011,اديداس Handball Spezial Brown
SMAD004000012.jpg,SMAD004000012,اديداس Handball Spezial green gum
SMAD004000014.jpg,SMAD004000014,"اديداس Handball Spezial beige White
Gum"
SMAD004000015.jpg,SMAD004000015,"اديداس Handball Spezial Wonder beige
Black"
SMAD004000016.jpg,SMAD004000016,"اديداس Handball Spezial Shadow Brown
Alumina"
SMAD004000017.jpg,SMAD004000017,اديداس HANDBALL SPEZIAL Grey white
SMAD004000018.jpg,SMAD004000018,"اديداس Handball Spezial Shadow Brown
Gum"
SMAD004000019.jpg,SMAD004000019,اديداس Handball Spezial Scarlet Gum
SMAD004000020.jpg,SMAD004000020,"اديداس Handball Spezial LIGHT GREY
GUM"
SMAD004000021.jpg,SMAD004000021,"اديداس Handball Spezial Sporty & Rich
Pink"
SMAD004000022.jpg,SMAD004000022,"اديداس Handball Spezial Black Wonder
Leopard"
SMAD004000023.jpg,SMAD004000023,"Adidas Handball Spezial Night Indigo
cream-white accents gum"
SMAD004000024.jpg,SMAD004000024,"Adidas Handball Spezial Wonder
Mauve/Alumina/Gum"
SMAD004000025.jpg,SMAD004000025,"Adidas Handball Spezial Shadow Red
white heel tab"
SMAD004000026.jpg,SMAD004000026,"Adidas Handball Spezial Wonder
White Black"
SMAD004000027.jpg,SMAD004000027,"Adidas Handball Spezial Cream
White/Beige"
SMAD004000028.jpg,SMAD004000028,"adidas Handball Spezial Black Icy
Pink"
SMAD004000029.jpg,SMAD004000029,"adidas Handball Spezial Valentine s Day Cream White / Better Scarlet /
Sandy Pink"
SMAD004000030.jpg,SMAD004000030,"adidas Handball Spezial Grey Four Off
White"
SMAD004000031.jpg,SMAD004000031,"adidas Handball Spezial Black Cream
White Lace gum SOLE"
SMAD004000032.jpg,SMAD004000032,adidas Handball Spezial grey white floral-inspired design gum SOLE
SMAD004000033.jpg,SMAD004000033,"adidas Handball Spezial LT Leopard
Print Wonder Beige"
SMAD004000034.jpg,SMAD004000034,"adidas Handball Spezial Core Black
Silver Metallic"
SMAD004000035.jpg,SMAD004000035,"adidas Handball Spezial Alumina
Wonder Beige Gum"
SMAD004000036.jpg,SMAD004000036,"adidas Handball Spezial Chalky Brown
Clear Pink"
SMAD004000037.jpg,SMAD004000037,"adidas Handball Spezial Chalky Brown
Cow Print"
SMAD004000038.jpg,SMAD004000038,"adidas Handball Spezial Sandy Pink
Aurora Coffee"
SMAD004000039.jpg,SMAD004000039,adidas Handball Spezial Off White/Collegiate Burgundy Gum sole
SMAD004000040.jpg,SMAD004000040,"adidas Handball Spezial Brown/ Core
White/ Earth Strata"
SMAD004000041.jpg,SMAD004000041,"adidas Handball Spezial navy pink
gum"
SMAD004000042.jpg,SMAD004000042,"adidas Handball Spezial pink off white
gum"
SMAD004000043.jpg,SMAD004000043,adidas Handball Spezial Preloved Brown Orange Tint Gum
SMAD004100001.jpg,SMAD004100001,اديداس Equipment Plus Legend Ink
SMAD004100002.jpg,SMAD004100002,"اديداس Equipment Plus Black White
Green"
SMAD004100004.jpg,SMAD004100004,اديداس Equipment Plus White Blue
SMAD004100005.jpg,SMAD004100005,"اديداس Equipment Plus White Yellow
Core Black"
SMAD004100006.jpg,SMAD004100006,اديداس Equipment Plus Beige Grey
SMAD004100007.jpg,SMAD004100007,"اديداس Equipment Plus White Navy
Solar Red"
SMAD004100008.jpg,SMAD004100008,اديداس Equipment Plus White Gold Pink
SMAD004100009.jpg,SMAD004100009,اديداس Equipment Plus White Sky Blue
SMAD004100010.jpg,SMAD004100010,اديداس Equipment Plus CORAL PINK
SMAD004100011.jpg,SMAD004100011,اديداس Equipment Plus Black White
SMAD004200002.jpg,SMAD004200002,"اديداس ADISTAR CUSHION WHITE
BLACK"
SMAD004500001.jpg,SMAD004500001,اديداس AVRYN Core Black Solar Red
SMAD004500002.jpg,SMAD004500002,"اديداس AVRYN White Metalic Crystal
White"
SMAD004500003.jpg,SMAD004500003,اديداس AVRYN Triple black
SMAD004500004.jpg,SMAD004500004,اديداس AVRYN Black White
SMAD004500005.jpg,SMAD004500005,اديداس AVRYN  Blue white silver
SMAD004700001.jpg,SMAD004700001,اديداس Forum Mid White Royal
SMAD004700002.jpg,SMAD004700002,اديداس Forum Mid White Black
SMAD004700003.jpg,SMAD004700003,اديداس Forum Mid Triple White
SMAD004800003.jpg,SMAD004800003,بلك كور وايت DURAMO SPEED اديداس
SMAD004800005.jpg,SMAD004800005,جراى نيون DURAMO SPEED اديداس
SMAD004800006.jpg,SMAD004800006,"Adidas Duramo Speed white core
black stripes"
SMAD004800007.jpg,SMAD004800007,"Adidas Duramo Speed black white
stripes&sole"
SMAD004800008.jpg,SMAD004800008,"Adidas Duramo Speed Core black
flash aqua lucid pink"
SMAD004800009.jpg,SMAD004800009,"Adidas Duramo Speed pink seliver
white"
SMAD004800010.jpg,SMAD004800010,Adidas Duramo Speed triple black
SMAD004800011.jpg,SMAD004800011,"Adidas Duramo Speed Blue Silver
Metallic white"
SMAD004800012.jpg,SMAD004800012,"adidas Duramo Speed Lucid Lemon
Core Black Halo Silver"
SMAD005000002.jpg,SMAD005000002,ADISTAR  BLACK WHITE RED اديداس
SMAD005000004.jpg,SMAD005000004,"ADISTAR  WHITE BLACK
Phosphorous اديداس"
SMAD005000006.jpg,SMAD005000006,ADISTAR  BLACK WHITE  اديداس
SMAD005000008.jpg,SMAD005000008,ADISTAR BLACK lead   اديداس
SMAD005000009.jpg,SMAD005000009,"ADIDAS ADISTAR 3 blue grey stripes
white"
SMAD005000010.jpg,SMAD005000010,"ADIDAS ADISTAR 3 dark gray/black
white"
SMAD005000011.jpg,SMAD005000011,ADIDAS ADISTAR 3 triple white
SMAD005000012.jpg,SMAD005000012,"ADIDAS ADISTAR 3 white black
stripes"
SMAD005000013.jpg,SMAD005000013,ADISTAR 3 Triple BLACK   اديداس
SMAD005000014.jpg,SMAD005000014,ADISTAR 3 BLACK WHITE  اديداس
SMAD005000015.jpg,SMAD005000015,"Adidas Adistar 3 black reflective silver
accents"
SMAD005000016.jpg,SMAD005000016,"Adidas Adistar 3 grey night brown
Yellow"
SMAD005000017.jpg,SMAD005000017,Adidas Adistar 3 Sandy Pink
SMAD005400001.jpg,SMAD005400001,"اديداس SambaE Cream Leopard Off
White"
SMAD005400002.jpg,SMAD005400002,اديداس SambaE Cloud White Green
SMAD005400003.jpg,SMAD005400003,اديداس SambaE Hello Kitty
SMAD005400004.jpg,SMAD005400004,اديداس SambaE Valentine’s Day
SMAD005400005.jpg,SMAD005400005,"اديداس  SambaE Hello Kitty Special
Edition"
SMAD005400006.jpg,SMAD005400006,اديداس SambaE White Black Gum
SMAD005400007.jpg,SMAD005400007,اديداس SambaE Black White Gum
SMAD005400008.jpg,SMAD005400008,اديداس SambaE Grey Cloud White
SMAD005400009.jpg,SMAD005400009,"اديداس SambaE White Better Scarlet
Gum"
SMAD005400010.jpg,SMAD005400010,اديداس SambaE Cloud White Bliss Pink
SMAD005400011.jpg,SMAD005400011,اديداس SambaE Preloved Purple
SMAD005400012.jpg,SMAD005400012,اديداس SambaE Beige
SMAD005400013.jpg,SMAD005400013,"SambaE Almost Blue Silver Metallic
Gum اديداس"
SMAD005400014.jpg,SMAD005400014,اديداس SambaE Clear Mint
SMAD005500001.jpg,SMAD005500001,"اديداس Ultra Boost Light Y-3 Black
White"
SMAD005500002.jpg,SMAD005500002,Adidas Ultraboost light Olive Green
SMAD005500003.jpg,SMAD005500003,"adidas Ultra Boost Light Core Black
White"
SMAD005500004.jpg,SMAD005500004,"adidas Ultra Boost Light Wonder
Beige Flash Orange"
SMAD005500005.jpg,SMAD005500005,adidas Ultra Boost Light triple black
SMAD005500008.jpg,SMAD005500008,"Adidas Ultraboost Light white dark
blue black"
SMAD005600001.jpg,SMAD005600001,"اديداس  XLG Runner Deluxe White
Black"
SMAD005600002.jpg,SMAD005600002,اديداس  XLG Runner Deluxe White Sail
SMAD005600003.jpg,SMAD005600003,اديداس  XLG Runner Deluxe Beige
SMAD005600004.jpg,SMAD005600004,اديداس XLG Runner Deluxe White Silver
SMAD005600005.jpg,SMAD005600005,"اديداس  XLG Runner Deluxe Black
Silver Red"
SMAD005600006.jpg,SMAD005600006,اديداس XLG Runner Deluxe White Red
SMAD005600007.jpg,SMAD005600007,"اديداس  XLG Runner Deluxe Black
White"
SMAD005600008.jpg,SMAD005600008,XLG Runner Deluxe Sail Grey اديداس
SMAD005600009.jpg,SMAD005600009,XLG Runner Deluxe Silver Gray اديداس
SMAD005600010.jpg,SMAD005600010,"XLG Runner Deluxe White Grey Pink
اديداس"
SMAD005700001.jpg,SMAD005700001,"اديداس Clarks 8th Street Samba White
Green"
SMAD005700002.jpg,SMAD005700002,"اديداس Clarks 8th Street Samba Black
Shadow Green"
SMAD005800001.jpg,SMAD005800001,اديداس SL72 Maroon Preloved Brown
SMAD005800002.jpg,SMAD005800002,"اديداس SL72 Grey Cloud White Crystal
White"
SMAD005800003.jpg,SMAD005800003,اديداس SL72 Core Black Cloud White
SMAD005800004.jpg,SMAD005800004,اديداس SL72 bianco blu Red rosso
SMAD005800005.jpg,SMAD005800005,اديداس SL72 Cloud White Better Scarlet
SMAD005800006.jpg,SMAD005800006,اديداس SL72 KseniaSchnaider Denim
SMAD005800007.jpg,SMAD005800007,"اديداس SL72 Silver Metallic Collegiate
Navy"
SMAD005800008.jpg,SMAD005800008,"اديداس SL72 Off White Wonder Taupe
Wonder White"
SMAD005800009.jpg,SMAD005800009,اديداس SL72 White Black Spark
SMAD005800010.jpg,SMAD005800010,"ADIDAS SL72 brown Leopard Print
leopard white orange"
SMAD005800011.jpg,SMAD005800011,"Adidas SL 72 OG purple cream/yellow
accents lace"
SMAD005800012.jpg,SMAD005800012,Adidas SL 72 OG Cream White/Bronze Strata/Core Black
SMAD005800013.jpg,SMAD005800013,"Adidas SL72 OG Off White Core
Black Gum"
SMAD005800014.jpg,SMAD005800014,"adidas SL 72 OG Snakeskin Preloved
Brown"
SMAD005800015.jpg,SMAD005800015,"adidas SL 72 OG Collegiate Green
Snakeskin"
SMAD005800016.jpg,SMAD005800016,"adidas SL 72 RS Warm Sandstone
Magic Beige"
SMAD005800017.jpg,SMAD005800017,"adidas SL 72 OG Charcoal Crystal
Sand Brown"
SMAD005800018.jpg,SMAD005800018,adidas SL 72 OG Leopard Black Gum
SMAD005800019.jpg,SMAD005800019,"Adidas Originals SL 72 OG white
green stripes"
SMAD005800020.jpg,SMAD005800020,"Adidas SL 72 RS Off White Wonder
White"
SMAD005800021.jpg,SMAD005800021,adidas SL 72 RS Core Black Carbon
SMAD005800022.jpg,SMAD005800022,"Adidas SL 72 OG Aurora Black white
heel gum sole"
SMAD005800023.jpg,SMAD005800023,"Adidas SL 72 RS white navy blue
stripes"
SMAD005800024.jpg,SMAD005800024,adidas SL 72 OG Sand Strata Preloved Brown Cream
SMAD005800025.jpg,SMAD005800025,Adidas SL 72 tan/putty grey burgundy
SMAD005800026.jpg,SMAD005800026,"adidas SL 72 OG Liberty London
Better Scarlet off white"
SMAD005800027.jpg,SMAD005800027,"adidas SL 72 OG black white stripes
lime green midsole"
SMAD005800028.jpg,SMAD005800028,"adidas SL 72 OG white gray light
green"
SMAD005900001.jpg,SMAD005900001,اديداس Ubounce DNA Core Black
SMAD005900002.jpg,SMAD005900002,"اديداس Ubounce DNA Cloud White Core
Black"
SMAD005900003.jpg,SMAD005900003,"اديداس Ubounce DNA Core Black Cloud
White"
SMAD005900004.jpg,SMAD005900004,اديداس Ubounce DNA Grey White
SMAD006000001.jpg,SMAD006000001,اديداس Adizero Evo SL Black White
SMAD006000002.jpg,SMAD006000002,اديداس Adizero Evo SL White Black
SMAD006000003.jpg,SMAD006000003,"اديداس Adizero Evo Adios Pro 1 White
Gold"
SMAD006000004.jpg,SMAD006000004,"Adidas Adizero EVO SL Aurora
Plum/Shock Pink"
SMAD006000005.jpg,SMAD006000005,"Adidas Adizero Evo SL white/off-white
pink"
SMAD006000006.jpg,SMAD006000006,Adidas Adizero Evo SL white purple pink stripes lime green laces
SMAD006000007.jpg,SMAD006000007,Adidas Adizero Evo SL core black
SMAD006000008.jpg,SMAD006000008,"Adidas Adizero Evo SL white silver
pink accents"
SMAD006000009.jpg,SMAD006000009,"Adidas Adizero Evo SL Lucid Pink /
Core Black"
SMAD006000010.jpg,SMAD006000010,adidas Adizero Evo SL Solar Yellow / Aurora Plum / Powder Plum
SMAD006000011.jpg,SMAD006000011,"adidas Adizero Evo SL Crystal White
Blue Metallic Halo Silver"
SMAD006000012.jpg,SMAD006000012,adidas Adizero Evo SL Off White/Shadow Red/Preloved Scarlet
SMAD006000013.jpg,SMAD006000013,"Adidas Adizero EVO SL white lucid
orange red stripes"
SMAD006000014.jpg,SMAD006000014,"adidas Adizero Evo SL Ekiden Solar
Blue Silver"
SMAD006000015.jpg,SMAD006000015,"adidas Adizero Evo SL Grey Lucid
Fuchsia"
SMAD006000016.jpg,SMAD006000016,"Adidas Adizero EVO SL off-white
silver"
SMAD006000017.jpg,SMAD006000017,"adidas Adizero EVO SL Core Black
Lucid Red"
SMAD006000018.jpg,SMAD006000018,adidas Adizero EVO SL Black/Silver
SMAD006000019.jpg,SMAD006000019,"adidas Adizero Evo SL blue white
black"
SMAD006000020.jpg,SMAD006000020,Adidas Adizero Evo SL blue white red
SMAD006000021.jpg,SMAD006000021,"Adidas Adizero EVO SL Wonder
White"
SMAD006000022.jpg,SMAD006000022,"Adidas Adizero EVO SL off-white
silver"
SMAD006000023.jpg,SMAD006000023,"adidas Adizero EVO SL EXO White
Black Silver"
SMAD006000024.jpg,SMAD006000024,adidas Adizero Evo SL ATR White Grey Light Blue text Green accent
SMAD006000025.jpg,SMAD006000025,"adidas Adizero EVO SL EXO Black
White Silver"
SMAD006000026.jpg,SMAD006000026,adidas Adizero Evo SL Yellow/Black
SMAD006000027.jpg,SMAD006000027,"adidas Adizero Evo SL ATR Beige
Black"
SMAD006000028.jpg,SMAD006000028,"adidas Adizero Evo SL Shadow Red
White"
SMAD006000029.jpg,SMAD006000029,"adidas Adizero Evo SL Leopard
Crystal Linen"
SMAD006000030.jpg,SMAD006000030,"adidas Adizero Evo SL Aurora Black /
Shock Pink"
SMAD006000031.jpg,SMAD006000031,adidas Adizero Evo SL Valentine s Day Off White / Shadow Red pattern
SMAD006100001.jpg,SMAD006100001,تريبل بلك  TERREX  اديداس
SMAD006100002.jpg,SMAD006100002,بلك وايت TERREX  اديداس
SMAD006100003.jpg,SMAD006100003,اديداس  TERREX  ARMY BLACK
SMAD006100004.jpg,SMAD006100004,ADIDAS TERREX black white
SMAD006100005.jpg,SMAD006100005,ADIDAS TERREX white pink light blue
SMAD006100006.jpg,SMAD006100006,"ADIDAS TERREX black purple-red
bright pink"
SMAD006100007.jpg,SMAD006100007,ADIDAS TERREX white silver logo
SMAD006100008.jpg,SMAD006100008,ADIDAS TERREX triple black
SMAD006200001.jpg,SMAD006200001,اديداس Pureboost Goretex بلك وايت سول
SMAD006200002.jpg,SMAD006200002,اديداس Pureboost Goretex  تريبل بلك
SMAD006200003.jpg,SMAD006200003,نيفي سيلفر وايت  Pureboost Goretex اديداس سول
SMAD006200004.jpg,SMAD006200004,جراي وايت نيون  Pureboost Goretex اديداس سول
SMAD006300001.jpg,SMAD006300001,"Switch FWD Black White Grey Five
اديداس"
SMAD006300002.jpg,SMAD006300002,"Switch FWD White Black Halo Silver
اديداس"
SMAD006400001.jpg,SMAD006400001,"اديداس Adizero Adios Pro 3 Y-3 Black
White Light s"
SMAD006400002.jpg,SMAD006400002,"اديداس Adizero Adios Pro 3 Y-3 White
Black R L"
SMAD006400003.jpg,SMAD006400003,"اديداس Adizero Adios Pro 3 Y-3 metallic
black"
SMAD006500001.jpg,SMAD006500001,تريبل بلك Dyneema اديداس
SMAD006500002.jpg,SMAD006500002,بلك جراي وايت سول Dyneema اديداس
SMAD006500003.jpg,SMAD006500003,وايت بلك Dyneema اديداس
SMAD006500004.jpg,SMAD006500004,بلك جراي Dyneema اديداس
SMAD006600001.jpg,SMAD006600001,اديداس Adizero Boston12 SilverVioletCloudWhiteSd
SMAD006600002.jpg,SMAD006600002,اديداس AdizeroBoston12 CloudWhiteCoreBlackNtMtc
SMAD006600003.jpg,SMAD006600003,اديداس Adizero Boston 12 Black White
SMAD006600004.jpg,SMAD006600004,اديداس AdizeroBoston12 CloudWhiteAuroraMetSolarRed
SMAD006600005.jpg,SMAD006600005,اديداسAdizeroBoston12 CoreBlackZeroMetalicSpark
SMAD006600006.jpg,SMAD006600006,"اديداس Adizero Boston 12 Black Core
Black Carbon"
SMAD006700001.jpg,SMAD006700001,بلك سيلفر لوجو Pure Light Boost اديداس
SMAD006700002.jpg,SMAD006700002,وايت جراي بينك  Pure Light Boost اديداس سول
SMAD006700003.jpg,SMAD006700003,بلك وايت تايل ريد Pure Light Boost اديداس
SMAD006700004.jpg,SMAD006700004,اديداس Pure Light Boost بلو
SMAD006700005.jpg,SMAD006700005,"اديداس Pure Light Boost black white
sliver logo"
SMAD006800001.jpg,SMAD006800001,اديداس Adistar 1 Black Black
SMAD006800002.jpg,SMAD006800002,اديداس Adistar 1 Black White
SMAD006800003.jpg,SMAD006800003,اديداس Adistar 1 White Black
SMAD006800004.jpg,SMAD006800004,"اديداس Adistar 1 Blue Rush Turbo
Legendary Indigo"
SMAD006800005.jpg,SMAD006800005,اديداس Adistar 1 White Black Red
SMAD006800006.jpg,SMAD006800006,اديداس Adistar 1 Gray Hazy Sky
SMAD006800007.jpg,SMAD006800007,اديداس Adistar 1 Black Red
SMAD006800008.jpg,SMAD006800008,اديداس Adistar 1 Dark Grey Black
SMAD006800009.jpg,SMAD006800009,اديداس Adistar 1 Cream Pink
SMAD006800010.jpg,SMAD006800010,اديداس Adistar 1 White Pink
SMAD006800011.jpg,SMAD006800011,اديداس Adistar 1 Black Pink White
SMAD006800012.jpg,SMAD006800012,اديداس Adistar 1 White Black Pink
SMAD006800013.jpg,SMAD006800013,اديداس Adistar 1 Grey Silver Light Pink
SMAD006800014.jpg,SMAD006800014,"adidas Adistar 1 CREAMY Light olive
Bink"
SMAD006800015.jpg,SMAD006800015,adidas Adistar 1 black white
SMAD006900001.jpg,SMAD006900001,اديداس XLG Metawave White Grey
SMAD006900002.jpg,SMAD006900002,اديداس XLG Metawave Black Grey Red
SMAD006900003.jpg,SMAD006900003,اديداس XLG Metawave Black
SMAD006900004.jpg,SMAD006900004,اديداس XLG Metawave Black White
SMAD006900005.jpg,SMAD006900005,اديداس XLG Metawave Cream White
SMAD007000001.jpg,SMAD007000001,اديداس Wonder Runner Beige Black
SMAD007000002.jpg,SMAD007000002,"اديداس Wonder Runner Olive Green
Black"
SMAD007000003.jpg,SMAD007000003,اديداس Wonder Runner Grey Silver
SMAD007000004.jpg,SMAD007000004,اديداس Wonder Runner black white
SMAD007000005.jpg,SMAD007000005,اديداس Wonder Runner White Silver
SMAD007000006.jpg,SMAD007000006,"اديداس Wonder Runner Silver Olive
Gray"
SMAD007000007.jpg,SMAD007000007,اديداس Wonder Runner Turbo Black
SMAD007000008.jpg,SMAD007000008,"اديداس Wonder Runner Turbo white
beige"
SMAD007000009.jpg,SMAD007000009,"اديداس Wonder RunnerTurbo
beigeBlack"
SMAD007000010.jpg,SMAD007000010,"اديداس Wonder RunnerTurbov Dark
Grey"
SMAD007000011.jpg,SMAD007000011,"اديداس Wonder RunnerTurbo Metallic
Grey"
SMAD007000012.jpg,SMAD007000012,"اديداس Wonder RunnerTurbo Metallic
Silver"
SMAD007100001.jpg,SMAD007100001,اديداس Ultra Boost X5 Black White
SMAD007100002.jpg,SMAD007100002,اديداس Ultra Boost X5 Triple Black
SMAD007100003.jpg,SMAD007100003,اديداس Ultra Boost X5 navy  White
SMAD007100004.jpg,SMAD007100004,"اديداس  Ultra Boost X5 Green line navy
gray SP"
SMAD007100005.jpg,SMAD007100005,"اديداس Ultra Boost X5 BlackWhite Iron
Metallic CC"
SMAD007100006.jpg,SMAD007100006,اديداس Ultra Boost X5 White GRAY CC
SMAD007100007.jpg,SMAD007100007,اديداس Ultra Boost X5 Triple White CC
SMAD007100008.jpg,SMAD007100008,"اديداس Ultra Boost X5 purple gray black
CC"
SMAD007100009.jpg,SMAD007100009,اديداس Ultra Boost X5 White pink
SMAD007300001.jpg,SMAD007300001,"اديداس PUREBOOST 23 Black lines
yellow gray"
SMAD007300002.jpg,SMAD007300002,اديداس PUREBOOST 23 Core Black
SMAD007300003.jpg,SMAD007300003,اديداس  PUREBOOST 23 Black white
SMAD007300004.jpg,SMAD007300004,اديداس  PUREBOOST 23 white gray
SMAD007300005.jpg,SMAD007300005,اديداس  PUREBOOST 23 White pinK
SMAD007400001.jpg,SMAD007400001,"اديداس Taekwondo Mei Ballet White
Silver Metallic"
SMAD007400002.jpg,SMAD007400002,"Taekwondo Mei Ballet White Black
اديداس"
SMAD007400003.jpg,SMAD007400003,"Adidas Taekwondo Mei Ballet Black
White"
SMAD007400004.jpg,SMAD007400004,Adidas Taekwondo Mei Ballet cream white woven-leather light brown sole
SMAD007400005.jpg,SMAD007400005,"Adidas Taekwondo Mei Ballet  dark
brown tan/gum sole"
SMAD007500001.jpg,SMAD007500001,"Samba Jane Ballet Cloud White Pink
اديداس"
SMAD007500002.jpg,SMAD007500002,"ADIDAS Samba Jane Balle Dark
Brown Gum sole"
SMAD007500003.jpg,SMAD007500003,"ADIDAS Samba Jane Balle Beige
Gum sole"
SMAD007500004.jpg,SMAD007500004,"ADIDAS Samba Jane Balle Crew Navy Cloud White Gold Metallic Gum
SOLE"
SMAD007500005.jpg,SMAD007500005,"ADIDAS Samba Jane Balle Burgundy
White Gum"
SMAD007500006.jpg,SMAD007500006,"ADIDAS Samba Jane Balle Ruffle
Beige White Gum"
SMAD007500007.jpg,SMAD007500007,"ADIDAS Samba Jane Balle Cloud
White Core Black"
SMAD007500008.jpg,SMAD007500008,"ADIDAS Samba Jane Balle Core
Black Cloud White"
SMAD007500009.jpg,SMAD007500009,ADIDAS Samba Jane Balle Cloud White / Alumina / Core Black
SMAD007500010.jpg,SMAD007500010,"adidas Samba Jane Balle Disney
Cinderella Crystal Sky"
SMAD007500011.jpg,SMAD007500011,"adidas Samba Jane Balle white green
stripes&heel tab"
SMAD007500012.jpg,SMAD007500012,adidas Samba Jane White Blue Gum
SMAD007500013.jpg,SMAD007500013,"adidas Samba Jane Ballet Black
Crystal San"
SMAD007500014.jpg,SMAD007500014,"adidas Samba Jane Scarlet White
Gum"
SMAD007500015.jpg,SMAD007500015,adidas Samba Jane White Red Gum
SMAD007500016.jpg,SMAD007500016,adidas Samba Jane Core Black / Cloud White Carbon Gum
SMAD007500019.jpg,SMAD007500019,adidas Samba Jane Aurora Coffee dark brown Gum
SMAD007500020.jpg,SMAD007500020,"adidas Samba Jane Ballet metallic
pink white"
SMAD007500021.jpg,SMAD007500021,"adidas Samba Jane Ballet Silver
Metallic Off White gum"
SMAD007500022.jpg,SMAD007500022,"adidas Samba Jane Ballet dusty pink
cream white gum sole"
SMAD007500023.jpg,SMAD007500023,"adidas Samba Jane Ballet olive green
Off White gum"
SMAD007500024.jpg,SMAD007500024,adidas Samba Jane Ballet Triple Black
SMAD007500025.jpg,SMAD007500025,"adidas Samba Jane Ballet Crystal Sky
/ Cream White / Gum"
SMAD007500026.jpg,SMAD007500026,"adidas Samba Jane Ballet Sandy Pink
Cream White"
SMAD007600001.jpg,SMAD007600001,adidas Supernova black white
SMAD007600002.jpg,SMAD007600002,adidas Supernova black cold
SMAD007600003.jpg,SMAD007600003,adidas Supernova black green gray
SMAD007600004.jpg,SMAD007600004,adidas Supernova white BLACK
SMAD007600005.jpg,SMAD007600005,adidas Supernova Ease light gray
SMAD007600006.jpg,SMAD007600006,adidas Supernova Ease triple black
SMAD007600007.jpg,SMAD007600007,adidas Supernova Ease black white
SMAD007600008.jpg,SMAD007600008,"Adidas Supernova black white midsole
black assents"
SMAD007600009.jpg,SMAD007600009,"adidas Supernova black pink
turquoise accents"
SMAD007600010.jpg,SMAD007600010,"adidas Supernova Rise 3 black white
stripes&sole"
SMAD007600011.jpg,SMAD007600011,"adidas Supernova Rise 3 black dark
gray"
SMAD007600012.jpg,SMAD007600012,adidas Supernova Rise 3 Chalk White/Onix/Core Black
SMAD007600013.jpg,SMAD007600013,"adidas Supernova Rise 3 Solar Yellow
Core Black"
SMAD007600014.jpg,SMAD007600014,"adidas Supernova Rise 3 white black
stripes&laces"
SMAD007700001.jpg,SMAD007700001,"ADDIDS ULTRABOOST 1.0 Running
black white"
SMAD007700002.jpg,SMAD007700002,"ADDIDS ULTRABOOST 1.0 Running
TRIBLE white"
SMAD007800001.jpg,SMAD007800001,"Adidas Country Song For The Mute
Bronze  Light brown"
SMAD007800002.jpg,SMAD007800002,"adidas Country Song For The Mute
Black"
SMAD007800003.jpg,SMAD007800003,"adidas Country OGSong For The
Mute Maroon"
SMAD007900001.jpg,SMAD007900001,Adidas Adimule slides black suede
SMAD007900002.jpg,SMAD007900002,Adidas Adimule slides beige suede
SMAD007900003.jpg,SMAD007900003,"Adidas Adimule slides dark brown
suede"
SMAD008000001.jpg,SMAD008000001,"Adidas Alpha Edge Running Triple
Black"
SMAD008000002.jpg,SMAD008000002,"Adidas Alpha Edge Running BLACK
WHITE"
SMAD008000003.jpg,SMAD008000003,"Adidas Alpha Edge Running Gray
with orange"
SMAD008000004.jpg,SMAD008000004,"Adidas Alpha Edge Running Black
with lime green"
SMAD008100001.jpg,SMAD008100001,"ADIDAS SUPERMAGHMA black white
red edge"
SMAD008100002.jpg,SMAD008100002,"ADIDAS SUPERMAGHMA navy blue
and white"
SMAD008100003.jpg,SMAD008100003,"ADIDAS SUPERMAGHMA Grey Core
Black and White"
SMAD008100004.jpg,SMAD008100004,"ADIDAS SUPERMAGHMA black and
white"
SMAD008100005.jpg,SMAD008100005,ADIDAS SUPERMAGHMA triple black
SMAD008200001.jpg,SMAD008200001,"Adidas Campus 00s Winter Magic
Beige gum sole"
SMAD008200002.jpg,SMAD008200002,"Adidas Campus 00s Winter Earth
Strata brown"
SMAD008200003.jpg,SMAD008200003,"Adidas Campus 00s Winter Wonder
Mauve gum sole"
SMAD008200004.jpg,SMAD008200004,"Adidas Campus 00s Winter Core
Black"
SMAD008300001.jpg,SMAD008300001,"Adidas Runfalcon 3.0 white black
stripes orange accents"
SMAD008300002.jpg,SMAD008300002,Adidas Runfalcon 3.0 black white
SMAD008300003.jpg,SMAD008300003,"Adidas Runfalcon 3.0 running   black
orange accents"
SMAD008300004.jpg,SMAD008300004,Adidas Runfalcon 3.0 triple black
SMAD008400001.jpg,SMAD008400001,"Adidas Questar putty mauve/zero
metallic"
SMAD008400002.jpg,SMAD008400002,Adidas Questar black white
SMAD008400003.jpg,SMAD008400003,"Adidas Questar Lavender/Light Purple
White"
SMAD008400004.jpg,SMAD008400004,Adidas Questar white black stripes
SMAD008500001.jpg,SMAD008500001,"adidas Galaxy 7 Off White/Core
White/Putty Mauve"
SMAD008500002.jpg,SMAD008500002,adidas Galaxy 7 white black stripes
SMAD008500003.jpg,SMAD008500003,adidas Galaxy 7 black white
SMAD008500004.jpg,SMAD008500004,"Adidas Galaxy 7 Cloud White / Clear
Pink"
SMAD008600001.jpg,SMAD008600001,"Adidas Y-3 Adizero Adios Pro 4 Black
white accents"
SMAD008600002.jpg,SMAD008600002,"Adidas Y-3 Adizero Adios Pro 4 Chalk
White Warm Sandstone"
SMAD008600003.jpg,SMAD008600003,Adidas Y-3 Adizero Adios Pro 4 White
SMAD008600004.jpg,SMAD008600004,"Adidas Y-3 Adizero Adios Pro 4
grey/silver alumina"
SMAD008600005.jpg,SMAD008600005,"Adidas Y-3 Adizero Adios Pro 4 beige
grey black"
SMAD008600006.jpg,SMAD008600006,"Adidas Y-3 Adizero Adios Pro 4 Yellow
black"
SMAD008700001.jpg,SMAD008700001,"Adidas x Sporty & Rich Shadow Red
gum sole"
SMAD008700002.jpg,SMAD008700002,"Adidas x Sporty&Rich Night Indigo
gum sole"
SMAD008800001.jpg,SMAD008800001,Adidas Adistar CS 2.0 Chalk White/Crystal White/Clear Pink
SMAD008800002.jpg,SMAD008800002,Adidas Adistar CS 2.0 Cloud White/Altered Blue/Lucid Pink
SMAD008800003.jpg,SMAD008800003,Adidas Adistar CS 2.0 Core Black/Cloud White/Carbon
SMAD008800004.jpg,SMAD008800004,Adidas Adistar CS 2.0 triple black
SMAD008800005.jpg,SMAD008800005,"Adidas Adistar CS 2.0 White/Core
Black/Altered Blue"
SMAD008800006.jpg,SMAD008800006,"Adidas Adistar CS 2.0 grey white
orange accents"
SMAD008800007.jpg,SMAD008800007,Adidas Adistar CS 2.0 Arctic Night / Cloud White / Lucid Lemon
SMAD008900001.jpg,SMAD008900001,adidas XLG Storm Edge Beige tan
SMAD008900002.jpg,SMAD008900002,"Adidas XLG Storm Edge Core Black /
Grey"
SMAD008900003.jpg,SMAD008900003,"Adidas XLG Storm Edge Silver
Metallic Black white"
SMAD008900004.jpg,SMAD008900004,"Adidas XLG Storm Edge White Grey
Silver Metallic"
SMAD009000001.jpg,SMAD009000001,"adidas Adistar Jellyfish Pharrell
Williams pink"
SMAD009000002.jpg,SMAD009000002,adidas Adistar Jellyfish Pharrell Williams pink purple black
SMAD009000003.jpg,SMAD009000003,"adidas Adistar Jellyfish Pharrell
Williams Real Green"
SMAD009000004.jpg,SMAD009000004,adidas Adistar Jellyfish Pharrell Williams Solid Grey Black
SMAD009000005.jpg,SMAD009000005,"adidas Adistar Jellyfish Pharrell
Williams Triple Black"
SMAD009000006.jpg,SMAD009000006,adidas Adistar Jellyfish Pharrell Williams Focus Olive Orange
SMAD009100001.jpg,SMAD009100001,adidas Terrex hiking triple black
SMAD009100002.jpg,SMAD009100002,"adidas Terrex hiking white black
orange"
SMAD009100003.jpg,SMAD009100003,adidas Terrex hiking black white logo
SMAD009100004.jpg,SMAD009100004,"adidas Terrex hiking Cream white grey
Orange"
SMAD009100005.jpg,SMAD009100005,adidas Terrex hiking blue white
SMAD009200001.jpg,SMAD009200001,"Adidas Adizero Prime X3 black white
red accent"
SMAD009200002.jpg,SMAD009200002,"adidas Adizero Prime X 3.0 Strung
Lucid Lemon black"
SMAD009200003.jpg,SMAD009200003,Adidas Adizero Prime X3 triple black
SMAD009200004.jpg,SMAD009200004,"adidas Adizero Prime X 3.0 Strung
Cloud White Lucid Red"
SMAD009300001.jpg,SMAD009300001,"adidas Adizero Adios Pro 4 White pink
blue"
SMAD009300002.jpg,SMAD009300002,"adidas Adizero Adios Pro 4 White
Cherry Blossom seliver"
SMAD009300003.jpg,SMAD009300003,"Adidas Adizero Adios Pro 4 White
Black red accents"
SMAD009300004.jpg,SMAD009300004,"Adidas Adizero Adios Pro 4 White
orange black line edge"
SMAD009300005.jpg,SMAD009300005,Adidas Adizero Adios Pro 4 White orange To Run is to Live
SMAD009300006.jpg,SMAD009300006,"Adidas Adizero Adios Pro 4 White
black Lucid Lemon"
SMAD009300007.jpg,SMAD009300007,Adidas Adizero Adios Pro 4 black white stripes black line edge
SMAD009300008.jpg,SMAD009300008,Adidas Adizero Adios Pro 4 black stripes white black line edge
SMAD009400001.jpg,SMAD009400001,adidas UltraRun 5 triple Black
SMAD009400002.jpg,SMAD009400002,adidas UltraRun 5 Black White
SMAD009500001.jpg,SMAD009500001,Adidas Handball Spezial Loaferbold leopard print gum outsole
SMAD009500002.jpg,SMAD009500002,"adidas Handball Spezial Loafer
Maroon Gum"
SMAD009500003.jpg,SMAD009500003,"adidas Handball Spezial Loafer navy
blue Gum"
SMAD009500004.jpg,SMAD009500004,"adidas Handball Spezial Loafer Aurora
Cocoa Gum"
SMAD009500005.jpg,SMAD009500005,"adidas Handball Spezial Loafer Magic
Beige Gum"
SMAD009700001.jpg,SMAD009700001,"Adidas HYPERBOOST EDGE
Running BLACK white Accents"
SMAD009700002.jpg,SMAD009700002,"Adidas HYPERBOOST EDGE
Running white black stripes"
SMAD009700003.jpg,SMAD009700003,"Adidas HYPERBOOST EDGE
Running Yellow Grey black"
SMAD009700004.jpg,SMAD009700004,"Adidas HYPERBOOST EDGE
Running white Grey black stripes"
SMAD009700005.jpg,SMAD009700005,"adidas Hyper Boost Edge White Light
Solid Grey"
SMAD009800001.jpg,SMAD009800001,"adidas Adistar Control 5 Black Silver
Metallic"
SMAD009800002.jpg,SMAD009800002,"adidas Adistar Control 5 Black Iron
Metallic"
SMAD009800003.jpg,SMAD009800003,"adidas Adistar Control 5 White Black
Silver Metallic"
SMAD009800004.jpg,SMAD009800004,adidas Adistar Control 5 Cloud White Silver Metallic gray Lucid Ray Blue
SMAD009900001.jpg,SMAD009900001,adidas Tokyo Off White Black
SMAD009900002.jpg,SMAD009900002,adidas Tokyo Black Off White
SMAD009900003.jpg,SMAD009900003,"adidas Tokyo Silver Metallic Cream
White"
SMAD009900004.jpg,SMAD009900004,"adidas Tokyo Off White Better Scarlet
Gum"
SMAD009900005.jpg,SMAD009900005,adidas Tokyo Earth Strata Off White
SMAD010000001.jpg,SMAD010000001,"adidas Tokyo MJ Sandy Pink Earth
Strata"
SMAD010000002.jpg,SMAD010000002,adidas Tokyo MJ Black Cream White
SMAD010000003.jpg,SMAD010000003,adidas Tokyo MJ Beige Wonder
SMAD010000004.jpg,SMAD010000004,adidas Tokyo MJ Cream White Red
SMAQ000100001.jpg,SMAQ000100001,الكسندر ماكوين اوفر سايزد وايت بلك
SMAQ000100003.jpg,SMAQ000100003,الكسندر ماكوين اوفر سايزد تريبل بلك
SMAQ000100005.jpg,SMAQ000100005,الكسندر ماكوين اوفر سايزد لري وايت بلك
SMAQ000100006.jpg,SMAQ000100006,الكسندر ماكوين اوفر سايزد وايت ليت جراي
SMAQ000100007.jpg,SMAQ000100007,الكسندر ماكوين اوفر سايزد وايت جولد
SMAQ000100008.jpg,SMAQ000100008,الكسندر ماكوين اوفر سايزد وايت بينك
SMAQ000100010.jpg,SMAQ000100010,"Graffiti White الكسندر ماكوين اوفر سايزد
Black"
SMAQ000100011.jpg,SMAQ000100011,"Graffiti Black الكسندر ماكوين اوفر سايزد
White"
SMAQ000100012.jpg,SMAQ000100012,الكسندر ماكوين اوفر سايزد تريبل وايت
SMAQ000100014.jpg,SMAQ000100014,"PLUSHالكسندر ماكوين اوفر سايزد وايت بلك
BACK ORG"
SMAQ000100015.jpg,SMAQ000100015,ORG الكسندر ماكوين اوفر سايزد تريبل وايت
SMAQ000100016.jpg,SMAQ000100016,ORG الكسندر ماكوين اوفر سايزد وايت ليت جراي
SMAQ000100017.jpg,SMAQ000100017,ORG الكسندر ماكوين اوفر سايزد تريبل بلك
SMAQ000100018.jpg,SMAQ000100018,"سول Shiny الكسندر ماكوين اوفر سايزد تريبل بلك
ORG"
SMAQ000100019.jpg,SMAQ000100019,"بلك Crystal الكسندر ماكوين اوفر سايزد وايت
ORG"
SMAQ000100020.jpg,SMAQ000100020,"جولد Crystal الكسندر ماكوين اوفر سايزد بلك
ORG"
SMAQ000100021.jpg,SMAQ000100021,ORG الكسندر ماكوين اوفر سايزد وايت بينك
SMAQ000100022.jpg,SMAQ000100022,ORG الكسندر ماكوين اوفر سايزد لري وايت بلك
SMAQ000100023.jpg,SMAQ000100023,PRO الكسندر ماكوين اوفر سايزد لري وايت بلك
SMAQ000100024.jpg,SMAQ000100024,"سول Shiny الكسندر ماكوين اوفر سايزد تريبل بلك
PRO"
SMAQ000100025.jpg,SMAQ000100025,"PRO الكسندر ماكوين اوفر سايزد وايت بلك
PLUSH BACK"
SMAQ000100026.jpg,SMAQ000100026,ORG الكسندر ماكوين اوفر سايزد وايت بلو
SMAQ000100028.jpg,SMAQ000100028,الكسندر ماكوين اوفر سايزد وايت بلك اوتلين
SMAQ000100029.jpg,SMAQ000100029,الكسندر ماكوين اوفر سايزد بلك وايت اوتلين
SMAQ000100031.jpg,SMAQ000100031,الكسندر ماكوين اوفر سايزد فلو بينك
SMAQ000100032.jpg,SMAQ000100032,سول Shiny الكسندر ماكوين اوفر سايزد تريبل بلك
SMAQ000100033.jpg,SMAQ000100033,"Alexander McQueen Oversized white
black shiny sole"
SMAQ000100034.jpg,SMAQ000100034,"Alexander McQueen OversizedBlack
Gloss Heel ORG"
SMAQ000100035.jpg,SMAQ000100035,"Alexander McQueen Oversized Black
white sole ORG"
SMAQ000100036.jpg,SMAQ000100036,Alexander McQueen Oversized Off-White havan iNside
SMAQ000100037.jpg,SMAQ000100037,"Alexander McQueen Oversized
BLACK/Silver ORG"
SMAQ000100038.jpg,SMAQ000100038,"Alexander McQueen Oversized black
grainy ORG"
SMAQ000100039.jpg,SMAQ000100039,"Alexander McQueen Oversized
WHITE grainy ORG"
SMAQ000100040.jpg,SMAQ000100040,White Silver الكسندر ماكوين اوفر سايزد
SMAQ000100042.jpg,SMAQ000100042,"Modest الكسندر ماكوين اوفر سايزد وايت بلك
level"
SMAQ000100043.jpg,SMAQ000100043,"Modest الكسندر ماكوين اوفر سايزد تريبل بلك
level"
SMAQ000100044.jpg,SMAQ000100044,"الكسندر ماكوين اوفر سايزد بلك وايت اوتلين
ORG"
SMAQ000100045.jpg,SMAQ000100045,"الكسندر ماكوين اوفر سايزد وايت بلك اوتلين
ORG"
SMAQ000100046.jpg,SMAQ000100046,Black glitter الكسندر ماكوين اوفر سايزد
SMAQ000100048.jpg,SMAQ000100048,PRO الكسندر ماكوين اوفر سايزد تريبل بلك
SMAQ000100050.jpg,SMAQ000100050,White Line Pink الكسندر ماكوين اوفر سايزد
SMAQ000100051.jpg,SMAQ000100051,Black Line White الكسندر ماكوين اوفر سايزد
SMAQ000100052.jpg,SMAQ000100052,بلك جولد leather الكسندر ماكوين اوفر سايزد
SMAQ000100053.jpg,SMAQ000100053,وايت جولد leather الكسندر ماكوين اوفر سايزد
SMAQ000100054.jpg,SMAQ000100054,"leather الكسندر ماكوين اوفر سايزد
White/silver"
SMAQ000100055.jpg,SMAQ000100055,"Black Clear Sole الكسندر ماكوين اوفر سايزد
Blue Pi"
SMAQ000100056.jpg,SMAQ000100056,"GLOW IN THE الكسندر ماكوين اوفر سايزد
DARK"
SMAQ000100057.jpg,SMAQ000100057,Graffiti Multicolour الكسندر ماكوين اوفر سايزد
SMAQ000100058.jpg,SMAQ000100058,"Graffiti SHADOW الكسندر ماكوين اوفر سايزد
DRIP"
SMAQ000100059.jpg,SMAQ000100059,"الكسندر ماكوين اوفر سايزد Graffiti
Overlapping col"
SMAQ000100060.jpg,SMAQ000100060,Black White Grey الكسندر ماكوين اوفر سايزد
SMAQ000100061.jpg,SMAQ000100061,"الكسندر ماكوين اوفر سايزد Black Leather
White logo"
SMAQ000100062.jpg,SMAQ000100062,"الكسندر ماكوين اوفر سايزد White Leather
Black logo"
SMAQ000100063.jpg,SMAQ000100063,Black Red الكسندر ماكوين اوفر سايزد
SMAQ000100064.jpg,SMAQ000100064,"Bubble الكسندر ماكوين اوفر سايزد تريبل وايت
Sole"
SMAQ000100065.jpg,SMAQ000100065,"الكسندر ماكوين اوفر سايزد Black White
leather Velv"
SMAQ000100066.jpg,SMAQ000100066,Black White studd الكسندر ماكوين اوفر سايزد
SMAQ000100067.jpg,SMAQ000100067,"Black studded الكسندر ماكوين اوفر سايزد
bump"
SMAQ000100068.jpg,SMAQ000100068,Bronze Black الكسندر ماكوين اوفر سايزد
SMAQ000100069.jpg,SMAQ000100069,White studded  الكسندر ماكوين اوفر سايزد
SMAQ000100070.jpg,SMAQ000100070,"White Shiny  الكسندر ماكوين اوفر سايزد
silver"
SMAQ000100071.jpg,SMAQ000100071,"White Grey Clear الكسندر ماكوين اوفر سايزد
Sole"
SMAQ000100072.jpg,SMAQ000100072,White Brown الكسندر ماكوين اوفر سايزد
SMAQ000100073.jpg,SMAQ000100073,"Black Contrast الكسندر ماكوين اوفر سايزد
Green"
SMAQ000100074.jpg,SMAQ000100074,"Black White الكسندر ماكوين اوفر سايزد
Clude blue"
SMAQ000100075.jpg,SMAQ000100075,"Black White الكسندر ماكوين اوفر سايزد
Bubble Sole"
SMAQ000100076.jpg,SMAQ000100076,"Clear Sole الكسندر ماكوين اوفر سايزد
Chamois"
SMAQ000100077.jpg,SMAQ000100077,Snake Lux Gloss الكسندر ماكوين اوفر سايزد
SMAQ000100078.jpg,SMAQ000100078,#NAME?
SMAQ000100079.jpg,SMAQ000100079,Blanc kaki الكسندر ماكوين اوفر سايزد
SMAQ000100080.jpg,SMAQ000100080,"الكسندر ماكوين اوفر سايزد White
Overlapping black"
SMAQ000100081.jpg,SMAQ000100081,White Red الكسندر ماكوين اوفر سايزد
SMAQ000100082.jpg,SMAQ000100082,"White Leather الكسندر ماكوين اوفر سايزد
Leopard"
SMAQ000100083.jpg,SMAQ000100083,White Light blue الكسندر ماكوين اوفر سايزد
SMAQ000100084.jpg,SMAQ000100084,White Pnk الكسندر ماكوين اوفر سايزد
SMAQ000100085.jpg,SMAQ000100085,White Light Pnk الكسندر ماكوين اوفر سايزد
SMAQ000100086.jpg,SMAQ000100086,"الكسندر ماكوين اوفر سايزد Big Black White
Snickers"
SMAQ000100087.jpg,SMAQ000100087,"الكسندر ماكوين  Black Silver Welsh Red
اوفر سايزد"
SMAQ000100088.jpg,SMAQ000100088,ORG الكسندر ماكوين اوفر سايزد وايت جولد
SMAQ000100089.jpg,SMAQ000100089,"الكسندر ماكوين اوفر ORG White Leather
and Glitter"
SMAQ000100090.jpg,SMAQ000100090,"الكسندر ماكوين اوفر سايزد Black striped
Shiny Sole"
SMAQ000100091.jpg,SMAQ000100091,"الكسندر ماكوين اوفر سايزد White Graffiti
Print Blu"
SMAQ000100092.jpg,SMAQ000100092,White Black Trim الكسندر ماكوين اوفر سايزد
SMAQ000100093.jpg,SMAQ000100093,"Black White Sole الكسندر ماكوين اوفر سايزد
cloud"
SMAQ000100094.jpg,SMAQ000100094,"الكسندر ماكوين اوفر سايزد White Silver Red
Metalli"
SMAQ000100095.jpg,SMAQ000100095,"Iridescent Black الكسندر ماكوين اوفر سايزد
Pearl"
SMAQ000100096.jpg,SMAQ000100096,"Clear Sole Black الكسندر ماكوين اوفر سايزد
Blue Ma"
SMAQ000100097.jpg,SMAQ000100097,ORG الكسندر ماكوين اوفر سايزد وايت بلك مقاسات خاص
SMAQ000100098.jpg,SMAQ000100098,ORG الكسندر ماكوين اوفر سايزد تريبل وايت مقاسات خا
SMAQ000100099.jpg,SMAQ000100099,ORG الكسندر ماكوين اوفر سايزد تريبل بلك مقاسات خا
SMAQ000100100.jpg,SMAQ000100100,"ORG  White Natural Python  ألكسندر
ماكوين اوفر ساي"
SMAQ000100101.jpg,SMAQ000100101,Clear Sole Black الكسندر ماكوين اوفر سايزد
SMAQ000100102.jpg,SMAQ000100102,"ألكسندر ماكوين اوفر  PRETO runner taupe
سايزد"
SMAQ000100103.jpg,SMAQ000100103,"Modest الكسندر ماكوين اوفر سايزد تريبل وايت
level"
SMAQ000100104.jpg,SMAQ000100104,"Alexander McQueen Oversized
White/Silver org"
SMAQ000100105.jpg,SMAQ000100105,"Alexander McQueen Oversized black
gravite org"
SMAQ000100106.jpg,SMAQ000100106,"Alexander McQueen Oversized black
Shiny crcod org"
SMAQ000100107.jpg,SMAQ000100107,Alexander McQueen Oversized بابلblack shiny so ORG
SMAQ000100108.jpg,SMAQ000100108,"Alexander McQueen OVER Military
Inspired black ORG"
SMAQ000100109.jpg,SMAQ000100109,"Alexander McQueen Oversized  Black
Speckled  ORG"
SMAQ000100110.jpg,SMAQ000100110,"Alexander McQueen Overs Black
WHITE Speckled ORG"
SMAQ000100111.jpg,SMAQ000100111,"Alexander McQueen Overs  Black
GRAY Speckled ORG"
SMAQ000100112.jpg,SMAQ000100112,"Alexander McQueen Oversized
Inspired black ORG"
SMAQ000100113.jpg,SMAQ000100113,"Alex McQueen Overs black Braided
WHITE Heel ORG"
SMAQ000100114.jpg,SMAQ000100114,Alexander McQueen Oversized chunky triple black OR
SMAQ000100115.jpg,SMAQ000100115,"Alexander McQueen Oversized white
black lather ORG"
SMAQ000100116.jpg,SMAQ000100116,Alexander McQueen Overs white black WHITE lather ORG
SMAQ000100117.jpg,SMAQ000100117,Alexander McQueen Oversized black WHITE sole&lace lather ORG
SMAQ000100118.jpg,SMAQ000100118,"Alexander McQueen Oversized black
WHITE sole lather ORG"
SMAQ000100119.jpg,SMAQ000100119,"Alexander McQueen Oversized
WHITE browen ORG"
SMAQ000100120.jpg,SMAQ000100120,Alexander McQueen Oversized WHITE black fish skin lather ORG
SMAQ000100121.jpg,SMAQ000100121,Alexander McQueen Oversized WHITE red lather ORG
SMAQ000100122.jpg,SMAQ000100122,Alexander McQueen Oversized WHITE browen lather ORG
SMAQ000100123.jpg,SMAQ000100123,"Alexander McQueen Oversized   ALL black WHITE BLACK LACE  lather
ORG"
SMAQ000100124.jpg,SMAQ000100124,"Alexander McQueen Oversized black
grey speckled"
SMAQ000100125.jpg,SMAQ000100125,"Alexander McQueen Oversized white
Black gray heal"
SMAQ000100126.jpg,SMAQ000100126,"Alexander McQueen Oversized white
with Bubble Sole"
SMAQ000100127.jpg,SMAQ000100127,Alexander McQueen Oversized White/Crystal embellished platform
SMAQ000100128.jpg,SMAQ000100128,"Alexander McQueen Oversized white
lilac heel tab"
SMAQ000100129.jpg,SMAQ000100129,"Alexander McQueen Oversized white
silver-tone heel tab"
SMAQ000100130.jpg,SMAQ000100130,"Alexander McQueen Oversized white
a mint heel tab"
SMAQ000100131.jpg,SMAQ000100131,Alexander McQueen Oversized black mesh leather transparent sole
SMAQ000100132.jpg,SMAQ000100132,"Alexander McQueen Black Shiny Sole
tonal black heel panel"
SMAQ000100133.jpg,SMAQ000100133,"Alexander McQueen Oversized Black
Shiny Patent Leather"
SMAQ000100134.jpg,SMAQ000100134,"Alexander McQueen Oversized black
leopard print velvet"
SMAQ000100135.jpg,SMAQ000100135,Alexander McQueen Oversized white crystal-embellished black heel counter
SMAQ000200001.jpg,SMAQ000200001,بلك Zip-Up الكسندر ماكوين
SMAQ000200002.jpg,SMAQ000200002,وايت بلك Zip-Up الكسندر ماكوين
SMAQ000200003.jpg,SMAQ000200003,وايت Zip-Up الكسندر ماكوين
SMAQ000200004.jpg,SMAQ000200004,الكسندر ماكوين Zip-Up Black Silver
SMAQ000300001.jpg,SMAQ000300001,وايت بلك runner الكسندر ماكوين
SMAQ000300002.jpg,SMAQ000300002,بلك وايت runner الكسندر ماكوين
SMAQ000300004.jpg,SMAQ000300004,وايت بيج runner الكسندر ماكوين
SMAQ000300007.jpg,SMAQ000300007,الكسندر ماكوين  runner Black White Silver
SMAQ000300008.jpg,SMAQ000300008,الكسندر ماكوين  runner Triple white
SMAQ000300009.jpg,SMAQ000300009,الكسندر ماكوين  runner white Silver Pink
SMAQ000300011.jpg,SMAQ000300011,"الكسندر ماكوين runner Rubberized
Leather Black"
SMAQ000300012.jpg,SMAQ000300012,runner Grey الكسندر ماكوين
SMAQ000300013.jpg,SMAQ000300013,الكسندر ماكوين  runner Triple Black
SMAQ000300014.jpg,SMAQ000300014,الكسندر ماكوين  runner Grey white
SMAQ000300015.jpg,SMAQ000300015,الكسندر ماكوين  runner Silver black
SMAQ000300016.jpg,SMAQ000300016,الكسندر ماكوين  runner Grey black silver
SMAQ000300017.jpg,SMAQ000300017,اوف وايت بلك runner  الكسندر ماكوين
SMAQ000300018.jpg,SMAQ000300018,الكسندر ماكوين runner White Black Crest
SMAQ000300019.jpg,SMAQ000300019,"الكسندر ماكوين runner leather Black
Sealed Logo"
SMAQ000300020.jpg,SMAQ000300020,الكسندر ماكوين runner Black White Sole
SMAQ000300021.jpg,SMAQ000300021,الكسندر ماكوين  runner Vanilla
SMAQ000300022.jpg,SMAQ000300022,الكسندر مكوين Black Leather Larryl runner
SMAQ000300023.jpg,SMAQ000300023,"ALEXANDER MCQUEEN RUNNNER
WHITE BLACK Dark Olive Green
Suede"
SMAQ000300024.jpg,SMAQ000300024,"Alexander McQueen runner Navy
Blue/Red"
SMAQ000300025.jpg,SMAQ000300025,"Alexander McQueen runner black
white LOGO"
SMAQ000300026.jpg,SMAQ000300026,"Alexander McQueen Runner white
black outsole"
SMAQ000300027.jpg,SMAQ000300027,"ALEXANDER MCQUEEN RUNNNER
brown suede black outsole"
SMAQ000300028.jpg,SMAQ000300028,Alexander McQueen Runner black white sole and red heel tab
SMAQ000400002.jpg,SMAQ000400002,Alex McQueen Metallic Silver crocwhite Lace Up org
SMAQ000500001.jpg,SMAQ000500001,"الكسندر ماكوين Tread Slick Silver Glitter
White"
SMAQ000500002.jpg,SMAQ000500002,الكسندر ماكوين Tread Slick Metallic Black
SMAQ000600001.jpg,SMAQ000600001,"الكسندر ماكوين Tread Slick High Red
White"
SMAQ000600002.jpg,SMAQ000600002,"الكسندر ماكوين Tread Slick High Grey
White"
SMAQ000600003.jpg,SMAQ000600003,"الكسندر ماكوين Tread Slick High Pink
White"
SMAQ000600004.jpg,SMAQ000600004,"الكسندر ماكوين Tread Slick Hig Black with
floral p"
SMAQ000600005.jpg,SMAQ000600005,"الكسندر ماكوين Tread Slick High Black
White"
SMAQ000600006.jpg,SMAQ000600006,"الكسندر ماكوين Tread Slick High Studded
White"
SMAQ000600007.jpg,SMAQ000600007,"الكسندر ماكوين Tread Slick High Studded
Pink"
SMAQ000600008.jpg,SMAQ000600008,"الكسندر ماكوين Tread Slick High Studded
Black Whit"
SMAQ000600009.jpg,SMAQ000600009,"الكسندر ماكوين Tread Slick High Metallic
Gold Whit"
SMAQ000600010.jpg,SMAQ000600010,"الكسندر ماكوين Tread Slick High Graffiti
White Bla"
SMAQ000600011.jpg,SMAQ000600011,"الكسندر ماكوين Tread Slick High Black
Solarized"
SMAQ000600012.jpg,SMAQ000600012,"الكسندر ماكوين Tread Slick High Green
Orange"
SMAQ000600013.jpg,SMAQ000600013,"الكسندر ماكوين Tread Slick High Black
Hiking"
SMAQ000600014.jpg,SMAQ000600014,"الكسندر ماكوين Tread Slick HighTop White
Hiking"
SMAQ000600015.jpg,SMAQ000600015,"الكسندر ماكوين Tread Slick High Black
Logo Printed"
SMAQ000600016.jpg,SMAQ000600016,"الكسندر ماكوين Tread Slick High Animal
Print Black"
SMAQ000600017.jpg,SMAQ000600017,"Tread Slick High Black background
print الكسندر ما"
SMAQ000600018.jpg,SMAQ000600018,"Tread Slick High Black White  الكسندر
ماكوين"
SMAQ000600019.jpg,SMAQ000600019,"Tread Slick High Leather Triple Black
الكسندر ماكو"
SMAQ000600020.jpg,SMAQ000600020,"Tread Slick High leather White Brown
الكسندر ماكوي"
SMAQ000600021.jpg,SMAQ000600021,"Tread Slick High Canvas Triple Black
الكسندر ماكوي"
SMAQ000600022.jpg,SMAQ000600022,"Tread Slick High Canvas Triple White
الكسندر ماكوي"
SMAQ000600023.jpg,SMAQ000600023,"الكسندر ماكوين Tread Slick High Black
Red White"
SMAQ000700001.jpg,SMAQ000700001,"الكسندر ماكوين Tread Slick Boot Graffiti
Black Whi"
SMAQ000700002.jpg,SMAQ000700002,"الكسندر ماكوين Tread Slick Boot Graffiti
ALL Whit"
SMAQ000700003.jpg,SMAQ000700003,"الكسندر ماكوين Tread Slick Boot Graffiti
Beige"
SMAQ000700004.jpg,SMAQ000700004,"الكسندر ماكوين Tread Slick Boot Graffiti
Grey Whit"
SMAQ000800001.jpg,SMAQ000800001,"ألكسندر ماكوين  sole embossed logo lace
trible whi"
SMAQ000800002.jpg,SMAQ000800002,"ألكسندر ماكوين sole embossed logo lace
whit black"
SMAQ000800003.jpg,SMAQ000800003,"ألكسندر ماكوين sole embossed logo
lace black whit"
SMAQ000800004.jpg,SMAQ000800004,"ألكسندر ماكوين sole embossed logo lace
whit gray"
SMAQ000900001.jpg,SMAQ000900001,"Alexander McQueen Oversized Retro
brown ORG"
SMAQ000900002.jpg,SMAQ000900002,"Alexander McQueen OversizedRetro
Black Mud ORG"
SMAQ000900003.jpg,SMAQ000900003,"Alexander McQueen OversizedRetro
triple white ORG"
SMAQ000900004.jpg,SMAQ000900004,"Alexander McQueen OversizedRetro
white black ORG"
SMAQ001000001.jpg,SMAQ001000001,"Alexander McQueen Oversize Raffia
BEIG ORG"
SMAQ001000002.jpg,SMAQ001000002,"Alexander McQueen Oversize Raffia
GRAY ORG"
SMAQ001100001.jpg,SMAQ001100001,"Alexander McQueen Tread Slick Zip
Boots BLACK WHITE"
SMAQ001100002.jpg,SMAQ001100002,"Alexander McQueen Tread Slick Zip
Boots TRIPLE WHITE"
SMAQ001100003.jpg,SMAQ001100003,"Alexander McQueen Tread Slick Zip
Boots TRIPLE BLACK"
SMAQ001200001.jpg,SMAQ001200001,"Alexander McQueen Wedge Sole
Strap High white black"
SMAQ001200002.jpg,SMAQ001200002,"Alexander McQueen Wedge Sole
Strap High black white"
SMAQ001200003.jpg,SMAQ001200003,"Alexander McQueen Wedge Sole
Strap High triple white"
SMAQ001300001.jpg,SMAQ001300001,"Alexander McQueen Deck Plimsoll
Lace Up triple black"
SMAR000100003.jpg,SMAR000100003,اميري Bone Runner WHITE
SMAR000100004.jpg,SMAR000100004,اميري Bone Runner Brown Off-White
SMAR000300002.jpg,SMAR000300002,اميري Low-top WHITE BLACK
SMAR000300003.jpg,SMAR000300003,اميري Low-top BLUE WHITE
SMAR000300004.jpg,SMAR000300004,"AMIRI Low-top MA-1 White Black
Black"
SMAR000300005.jpg,SMAR000300005,AMIRI Classic Low-Top black white
SMAR000300006.jpg,SMAR000300006,AMIRI Classic Low-Top white black
SMAR000400001.jpg,SMAR000400001,اميري Sunset Skate Birch Black
SMAR000400002.jpg,SMAR000400002,Amiri Sunset Skate black white star&laces black heel tab
SMAR000400003.jpg,SMAR000400003,"Amiri Sunset Skate black white
star&accents"
SMAR000500001.jpg,SMAR000500001,اميري whit gray tones MA-1
SMAR000500002.jpg,SMAR000500002,اميري White Blue MA-1
SMAR000500003.jpg,SMAR000500003,اميريWhite Black MA-1
SMAR000500004.jpg,SMAR000500004,اميري White MA-1
SMAR000500005.jpg,SMAR000500005,اميري  White Black GreyMA-1
SMAR000500006.jpg,SMAR000500006,AMIRI MA-1 White Black Grey SOLE
SMAR000500007.jpg,SMAR000500007,Amiri MA-1 red white
SMAR000500008.jpg,SMAR000500008,AMIRI MA-1 Wheat Beige white
SMAR000500009.jpg,SMAR000500009,"AMIRI MA-1 White gold-tone logo
rubber sole"
SMAR000500010.jpg,SMAR000500010,AMIRI MA-1 midnight navy blue
SMAR000500011.jpg,SMAR000500011,"AMIRI MA-1 Patch Ash white gray
black"
SMAR000700001.jpg,SMAR000700001,"AMIRI Malibu Boot Off-White beige
sole"
SMAR000800001.jpg,SMAR000800001,AMIRI Pacific Bones Sand beige white
SMAR000800002.jpg,SMAR000800002,AMIRI Pacific Bones Black Croc
SMAS000100001.jpg,SMAS000100001,اسيكس Gel-Kayano 14 White Midnight
SMAS000100003.jpg,SMAS000100003,اسيكس gel-kayano 14 White Red
SMAS000100004.jpg,SMAS000100004,"اسيكس Gel-Kayano 14 BRIGHT WHITE
JET BLACK"
SMAS000100005.jpg,SMAS000100005,"اسيكس GEL-KAYANO 14 CREAM
BLACK"
SMAS000100006.jpg,SMAS000100006,اسيكس GEL-KAYANO 14 Silver White
SMAS000100007.jpg,SMAS000100007,"اسيكس GEL-KAYANO 14 Unlimited
Pack White Fawn"
SMAS000100008.jpg,SMAS000100008,"اسيكس Gel-Kayano 14 Cream Sweet
Pink"
SMAS000100009.jpg,SMAS000100009,"اسيكس Gel-Kayano 14 White Dark
Grape"
SMAS000100010.jpg,SMAS000100010,"اسيكس Gel-Kayano 14 Monaco Blue
Silver"
SMAS000100011.jpg,SMAS000100011,"اسيكس Gel-Kayano 14 Birch & Dark
Pewter"
SMAS000100012.jpg,SMAS000100012,اسيكس Gel-Kayano 14 Black Pure Silver
SMAS000100013.jpg,SMAS000100013,"اسيكس Gel-Kayano 14 Cream Black
Metallic Plum"
SMAS000100014.jpg,SMAS000100014,اسيكس Gel-Kayano 14 Silver Metallic
SMAS000100015.jpg,SMAS000100015,"ASICS Gel-Kayano 14 WHITE BLUE
SLIVER"
SMAS000100016.jpg,SMAS000100016,"ASICS Gel-Kayano 14 – Silver/Black
Green"
SMAS000100017.jpg,SMAS000100017,ASICS Gel-Kayano 14 Oyster White/Grey  silver/grey upper
SMAS000100018.jpg,SMAS000100018,"اسيكس GEL-KAYANO 14 CREAM
BLACKمقاسات خاصة"
SMAS000100019.jpg,SMAS000100019,"ASICS Gel-Kayano 14 black seliver
مقاسات خاصة"
SMAS000100020.jpg,SMAS000100020,"ASICS Gel-Kayano 14 white silver
accents مقاسات خاصة"
SMAS000100021.jpg,SMAS000100021,"Asics Gel-Kayano 14 cream silver
black مقاسات خاصة"
SMAS000100022.jpg,SMAS000100022,"ASICS Gel-Kayano 14 white pure
silver gum OUTSOLE"
SMAS000100023.jpg,SMAS000100023,"ASICS Gel-Kayano 14 White Fjord
Grey"
SMAS000100024.jpg,SMAS000100024,"ASICS Gel-Kayano 14 Triple Black
مقاسات خاصة"
SMAS000200001.jpg,SMAS000200001,اسيكس GEL-KINSEI MAX تريبل بلك
SMAS000200003.jpg,SMAS000200003,"اسيكس GEL-KINSEI MAX Carrier Grey
Illusion Blue"
SMAS000300002.jpg,SMAS000300002,اسيكس Gel-Nimbus 25 Multi color
SMAS000400001.jpg,SMAS000400001,GEL-KINSEI BLAST BLACK اسيكس
SMAS000400002.jpg,SMAS000400002,اسيكس GEL-KINSEI BLAST PLATINUM
SMAS000400003.jpg,SMAS000400003,"اسيكس GEL-KINSEI BLAST
Multi-Colors"
SMAS000500001.jpg,SMAS000500001,اسيكس Gel-Quantum Shamrock Green
SMAS000600001.jpg,SMAS000600001,"اسيكس ORG Gel Nimbus 24 Hazard
Green"
SMAS000700001.jpg,SMAS000700001,"اسيكس ORG Gel-NYC Oatmeal
Obsidian Grey"
SMAS000700002.jpg,SMAS000700002,"اسيكس Gel-NYC Pink Cream Pure
Silver"
SMAS000700003.jpg,SMAS000700003,"اسيكس Gel-NYC GRAPHITE GREY
SMOKE GREY"
SMAS000700004.jpg,SMAS000700004,اسيكس Gel-NYC Graphite Grey Black
SMAS000700005.jpg,SMAS000700005,"اسيكس Gel-NYC  WHITE/FEATHER
GREY light green"
SMAS000700006.jpg,SMAS000700006,اسيكس GEL-NYC BLACK BLACK
SMAS000700007.jpg,SMAS000700007,اسيكس Gel-NYC Cream Cloud Grey
SMAS000700008.jpg,SMAS000700008,"اسيكس Gel-NYC CREAM/OYSTER
GREY"
SMAS000700009.jpg,SMAS000700009,اسيكس Gel-NYC Concrete Oatmeal
SMAS000700010.jpg,SMAS000700010,اسيكس Gel-NYC White Steel Grey
SMAS000700011.jpg,SMAS000700011,اسيكس Gel-NYC Cream cream
SMAS000700012.jpg,SMAS000700012,"اسيكس Gel-NYC White Oyster Grey
LIGHT"
SMAS000700013.jpg,SMAS000700013,"اسيكس Gel-NYC Cream Mineral Beige
Pink"
SMAS000700014.jpg,SMAS000700014,اسيكس Gel-NYC Strawberries & Cream
SMAS000700015.jpg,SMAS000700015,Asics Gel NYC Navy Steel
SMAS000700016.jpg,SMAS000700016,Asics Gel NYC Green grey
SMAS000700017.jpg,SMAS000700017,ASICS Gel-NYC Cream Rose Water
SMAS000700018.jpg,SMAS000700018,ASICS Gel-NYC GRAY WHITE BAIGE LIGHT GREEN 2025
SMAS000700019.jpg,SMAS000700019,ASICS Gel-NYC GRAY WHITE BAIGE PURPLE 2025
SMAS000700020.jpg,SMAS000700020,"Asics Gel-NYC trainers GRAY BLACK
ORG"
SMAS000700021.jpg,SMAS000700021,ASICS Gel-NYC White Oyster Grey
SMAS000700022.jpg,SMAS000700022,"ASICS GEL-NYC Glacier Grey/Gravel
white grey blue"
SMAS000700023.jpg,SMAS000700023,ASICS GEL-NYC Cream/Putty
SMAS000700024.jpg,SMAS000700024,"ASICS GEL-NYC Beige/Grey orange
logo"
SMAS000700025.jpg,SMAS000700025,ASICS Gel-NYC White/Oyster Grey
SMAS000700026.jpg,SMAS000700026,ASICS Gel-NYC Glacier Grey Black
SMAS000700027.jpg,SMAS000700027,ASICS Gel-NYC Ivory/Mid Grey
SMAS000700028.jpg,SMAS000700028,ASICS GEL-NYC Mid Grey/Sheet Rock metallic synthetic leather
SMAS000700029.jpg,SMAS000700029,ASICS Gel-NYC Winter Garden Pack white and metallic silver colorway
SMAS000700030.jpg,SMAS000700030,ASICS Gel-NYC Beige/Grey light blue
SMAS000700031.jpg,SMAS000700031,ASICS Gel-NYC white gray Midnight
SMAS000700032.jpg,SMAS000700032,"ASICS Gel-NYC Cream Sweet Pink
brown"
SMAS000700033.jpg,SMAS000700033,"ASICS Gel-NYC Arctic Sky cream and
light blue"
SMAS000700034.jpg,SMAS000700034,Asics GEL-NYC Gravel Black White/Steel Grey red accents
SMAS000700035.jpg,SMAS000700035,"ASICS Gel-NYC cream mineral beige
brown"
SMAS000700036.jpg,SMAS000700036,ASICS Gel-NYC Black Ivory Grey
SMAS000700037.jpg,SMAS000700037,ASICS Gel-NYC White Smoke Grey
SMAS000800001.jpg,SMAS000800001,"اسيكس Gel-Kayano 14 Black Graphite
Grey"
SMAS000900001.jpg,SMAS000900001,"اسيكس GEL-Quantum Kinetic Graphite
Grey Black"
SMAS000900002.jpg,SMAS000900002,"اسيكس GEL-Quantum Kinetic White
Beige"
SMAS000900003.jpg,SMAS000900003,"اسيكس GEL-Quantum Kinetic Mid Grey
Pure Silver"
SMAS000900004.jpg,SMAS000900004,"اسيكس GEL-Quantum Kinetic Pepper
Light Indigo"
SMAS000900005.jpg,SMAS000900005,"اسيكس GEL-Quantum Kinetic Fluent
BlackBlk"
SMAS000900006.jpg,SMAS000900006,"اسيكس GEL-Quantum Kinetic Fluent
Blackred"
SMAS000900007.jpg,SMAS000900007,"اسيكس GEL-Quantum Kinetic Fluent
White Truffle Gre"
SMAS000900008.jpg,SMAS000900008,"اسيكس GEL-Quantum Kinetic Fluent
Black Dark Taupe"
SMAS001000001.jpg,SMAS001000001,"اسيكس GEL-KAYANO™ 31 Black Cool
Matcha"
SMAS001000002.jpg,SMAS001000002,"اسيكس GEL-KAYANO™ 31 COOL
MATCHA CELADON"
SMAS001000003.jpg,SMAS001000003,"اسيكس GEL-KAYANO™ 31 Black Bold
Magenta"
SMAS001000004.jpg,SMAS001000004,"اسيكس GEL-KAYANO™ 31 Illusion Blue
Black"
SMAS001000005.jpg,SMAS001000005,"اسيكس GEL-KAYANO™ 31 BLACK
PURE SILVER"
SMAS001000006.jpg,SMAS001000006,"اسيكس GEL-KAYANO™ 31 Sheet Rock
White"
SMAS001000007.jpg,SMAS001000007,اسيكس GEL-KAYANO™ 31 Blue Expanse Digital Aqua
SMAS001000008.jpg,SMAS001000008,اسيكس GEL-KAYANO™ 31 White
SMAS001100001.jpg,SMAS001100001,اسيكس Gel□Kahana Black and White
SMAS001100002.jpg,SMAS001100002,اسيكس Gel-Kahana Grey
SMAS001100003.jpg,SMAS001100003,اسيكس Gel-Kahana Black Rose Gold
SMAS001100004.jpg,SMAS001100004,اسيكس Gel-Kahana White Black
SMAS001100005.jpg,SMAS001100005,اسيكس Gel-Kahana Cream Blue Orange
SMAS001200001.jpg,SMAS001200001,"Gel-Quantum 360 VII Black White
اسيكس"
SMAS001200002.jpg,SMAS001200002,Gel-Quantum 360VII Blackwith grayred accents اسيكس
SMAS001200003.jpg,SMAS001200003,"Gel-Quantum 360 VII Grafito Grafito
Grey Cherry To"
SMAS001200004.jpg,SMAS001200004,"Gel-Quantum 364 VII EMBOSS White
Black Green اسيكس"
SMAS001200005.jpg,SMAS001200005,"Gel-Quantum 360 VII EMBOSS Black
Grey Green اسيكس"
SMAS001200006.jpg,SMAS001200006,"Gel-Quantum 362 VII EMBOSS gold
Black اسيكس"
SMAS001200007.jpg,SMAS001200007,"Gel-Quantum 363 VII EMBOSS Black
silver اسيكس"
SMAS001200008.jpg,SMAS001200008,"Gel-Quantum 364 VII EMBOSS Black
White اسيكس"
SMAS001300001.jpg,SMAS001300001,اسيكس Gel-1130 black and carbon
SMAS001300002.jpg,SMAS001300002,Asics Gel-1130 GS White Midnight
SMAS001300003.jpg,SMAS001300003,Asics Gel-1130 GS triple black
SMAS001300004.jpg,SMAS001300004,ASICS Gel-1130 White/Pure Silver
SMAS001300005.jpg,SMAS001300005,ASICS Gel-1130 Black/Pure Silver
SMAS001400001.jpg,SMAS001400001,اسيكس GT-2160 DIME Arctic Wolf
SMAS001500001.jpg,SMAS001500001,"اسيكس Gel-Nimbus 10.1Kith White
Morganite"
SMAS001500002.jpg,SMAS001500002,"ASICS Gel-Nimbus 10 black grey
مقاسات خاصة"
SMAS001500003.jpg,SMAS001500003,"ASICS Gel-Nimbus 10 black pure
silver white مقاسات خاصة"
SMAS001500004.jpg,SMAS001500004,"ASICS Gel-Nimbus 10 Ocean Haze
Pure Silver مقاسات خاصة"
SMAS001500005.jpg,SMAS001500005,"ASICS Gel-Nimbus 10 triple black
مقاسات خاصة"
SMAS001500006.jpg,SMAS001500006,"ASICS Gel-Nimbus 10.1 Strawberry
pink metallic silver"
SMAS001500007.jpg,SMAS001500007,"ASICS Gel-Nimbus 10.1 White/Saxon
Green"
SMAS001500008.jpg,SMAS001500008,"ASICS Gel-Nimbus 10.1 White
Obsidian Grey"
SMAS001500009.jpg,SMAS001500009,"ASICS Gel-Nimbus 10.1 White Black
red logo"
SMAS001600001.jpg,SMAS001600001,"اسيكس Gel-Kayano 12.1Ronnie Fieg
Knicks"
SMAS001600002.jpg,SMAS001600002,"اسيكس Gel-Kayano 12.1Ronnie Fieg
Cream Pure Aqua"
SMAS001700001.jpg,SMAS001700001,"اسيكس Novablast 5 Mineral Beige Taupe
Grey"
SMAS001700002.jpg,SMAS001700002,"اسيكس Novablast 5 Midnight Breeze
Peach"
SMAS001700003.jpg,SMAS001700003,اسيكس Novablast 5  Pink
SMAS001800001.jpg,SMAS001800001,"Asics SONICSMASH FF blue pink
lavender black"
SMAS001900001.jpg,SMAS001900001,"ASICS Metaspeed Ray White Flash
Red"
SMAS001900002.jpg,SMAS001900002,Asics Metaspeed Sky Paris Yellow/Black orange red
SMAX000100004.jpg,SMAX000100004,ارماني اكستشنج AX Logo Milky white
SMAX000100005.jpg,SMAX000100005,ارماني اكستشنج AX Logo Grey Navy
SMAX000100006.jpg,SMAX000100006,AX Logo Black ارماني اكستشنج
SMAX000100011.jpg,SMAX000100011,ارماني اكستشنج AX LogO WHITE BLACK
SMAX000100012.jpg,SMAX000100012,"ارماني اكستشنج AX LogO ALL WHITE
BLACK LOGO"
SMAX000200001.jpg,SMAX000200001,sneakers BLACK ارماني اكستنشج
SMAX000200002.jpg,SMAX000200002,sneakers Blue ارماني اكستنشج
SMAX000200003.jpg,SMAX000200003,sneakers Gray ارماني اكستنشج
SMAX000200004.jpg,SMAX000200004,sneakers Off-white  ارماني اكستنشج
SMAX000200005.jpg,SMAX000200005,"sneakers  edg Black white   ارماني
اكستنشج"
SMAX000200006.jpg,SMAX000200006,sneakers Black orange  ارماني اكستنشج
SMAX000200007.jpg,SMAX000200007,"sneakers Black white gray   ارماني
اكستنشج"
SMAX000200008.jpg,SMAX000200008,"sneakers Suede Black white    ارماني
اكستنشج"
SMAX000200009.jpg,SMAX000200009,sneakers  white red black ارماني اكستنشج
SMAX000300001.jpg,SMAX000300001,Armani Exchange  EVA black
SMAX000300002.jpg,SMAX000300002,Armani Exchange  EVA navy White
SMAX000300003.jpg,SMAX000300003,Armani Exchange EVA gray White
SMAY000100001.jpg,SMAY000100001,"Alo Yoga Recovery Mode Gravel
White"
SMAY000100002.jpg,SMAY000100002,Alo Yoga Recovery Mode Black White
SMAY000100003.jpg,SMAY000100003,"Alo Yoga Recovery Mode Natural
White Gum"
SMAY000100004.jpg,SMAY000100004,ALO Recovery Mode Pink/White
SMAY000100005.jpg,SMAY000100005,ALO Recovery Mode gray/White
SMAY000100006.jpg,SMAY000100006,ALO Recovery Mode gray/White ORG
SMAY000100007.jpg,SMAY000100007,"Alo Yoga Recovery Mode Natural
White Gum ORG"
SMAY000100008.jpg,SMAY000100008,"Alo Yoga Recovery Mode Black White
ORG"
SMAY000200001.jpg,SMAY000200001,Alo Yoga Runner triple white
SMAY000200002.jpg,SMAY000200002,Alo Yoga Runner triple Black
SMAY000200003.jpg,SMAY000200003,Alo Yoga Runner Black White
SMAY000200004.jpg,SMAY000200004,Alo Yoga Runner Light beige Sandy
SMAY000200005.jpg,SMAY000200005,Alo Yoga Runner Light Brown
SMAY000200006.jpg,SMAY000200006,Alo Yoga Runner dark brown shade
SMAY000200007.jpg,SMAY000200007,Alo Yoga Runner Smoky Quartz
SMAY000200008.jpg,SMAY000200008,Alo Yoga Runner Sweet Pink
SMAY000200009.jpg,SMAY000200009,Alo Yoga Runner triple gray
SMAY000300001.jpg,SMAY000300001,alo Elea Slip-On slipper white
SMAY000500001.jpg,SMAY000500001,"Alo Yoga Sunset Sneaker Caramel
Cream thin SOLE"
SMAY000500002.jpg,SMAY000500002,"Alo Yoga Sunset Sneaker black white
heel tab&laces"
SMAY000500003.jpg,SMAY000500003,"Alo Yoga Sunset Sneaker beige white
heel tab&laces"
SMBA000100001.jpg,SMBA000100001,ابيض كلير سول S بلنسيجا تريبل
SMBA000100002.jpg,SMBA000100002,اسود S بلنسيجا تريبل
SMBA000100005.jpg,SMBA000100005,اسود كلير سول S بلنسيجا تريبل
SMBA000100011.jpg,SMBA000100011,بلنسيجا تريبل S x adidas White BlacK
SMBA000100012.jpg,SMBA000100012,بلنسيجا تريبل S Blue Trainers & Athletic
SMBA000100014.jpg,SMBA000100014,S LIGHT BLUE بلنسيجا تريبل
SMBA000100015.jpg,SMBA000100015,ORG اسود كلير سول S بلنسيجا تريبل
SMBA000100016.jpg,SMBA000100016,بلنسيجا تريبل  LIGHT BLACK S
SMBA000100017.jpg,SMBA000100017,بلك Crystal S بلنسيجا تربيل
SMBA000100018.jpg,SMBA000100018,وايت Crystal S بلنسيجا تربيل
SMBA000100019.jpg,SMBA000100019,بلنسيجا تريبل Apple Green S
SMBA000100020.jpg,SMBA000100020,جراي جرين Crystal S بلنسيجا تربيل
SMBA000100021.jpg,SMBA000100021,ORG  ابيض كلير سول S بلنسيجا تريبل
SMBA000100022.jpg,SMBA000100022,بلنسيجا تريبل S x adidas White Blue
SMBA000100023.jpg,SMBA000100023,بلنسيجا تريبل Tape Type Black Yellow S
SMBA000100024.jpg,SMBA000100024,Off-White S بلنسيجا تريبل
SMBA000200001.jpg,SMBA000200001,بلنسيجا 3.0 سبيد رمادي × ابيض
SMBA000200002.jpg,SMBA000200002,بلنسيجا 3.0 سبيد اسود × ابيض
SMBA000200003.jpg,SMBA000200003,بلنسيجا 3.0 سبيد اسود سادة
SMBA000300001.jpg,SMBA000300001,بلنسيجا 2.0 اسود × ابيض شرايح
SMBA000300002.jpg,SMBA000300002,بلنسيجا 2.0 اسود × فسفوري شرايح
SMBA000300003.jpg,SMBA000300003,بلنسيجا 2.0 اسود × ابيض شرايح جرافيتي
SMBA000400002.jpg,SMBA000400002,بلنسيجا 2.0 اسود × ابيض فلت
SMBA000500001.jpg,SMBA000500001,بلك Track بلنسيجا
SMBA000500002.jpg,SMBA000500002,وايت Track بلنسيجا
SMBA000500003.jpg,SMBA000500003,بينك Track بلنسيجا
SMBA000500005.jpg,SMBA000500005,بلنسيجا Track Graffiti Black White
SMBA000500007.jpg,SMBA000500007,بلنسيجا Track LED Black
SMBA000500008.jpg,SMBA000500008,جراي وايت Track بلنسيجا
SMBA000500009.jpg,SMBA000500009,اديداس فورام وايت بلك x بلنسيجا تراك
SMBA000500013.jpg,SMBA000500013,وايت TRACK LED بلنسيجا
SMBA000500014.jpg,SMBA000500014,ايس Track بلنسيجا
SMBA000500017.jpg,SMBA000500017,بلنسيجا  White Glow In The Dark Track
SMBA000500018.jpg,SMBA000500018,ايس سيلفر Track بلنسيجا
SMBA000500019.jpg,SMBA000500019,بلنسيجا Track Signature Black white
SMBA000500020.jpg,SMBA000500020,بلنسيجا Track Signature White Black
SMBA000500021.jpg,SMBA000500021,بلنسيجا Track Trail Laces Black Orange
SMBA000600003.jpg,SMBA000600003,بلنسيجا Runner Graffiti بلك ريد
SMBA000600005.jpg,SMBA000600005,بلنسيجا Runner Graffiti BLACK
SMBA000600006.jpg,SMBA000600006,بلنسيجا Runner Graffiti RED
SMBA000600007.jpg,SMBA000600007,بلنسيجا Runner Black Mesh and Leathe
SMBA000600008.jpg,SMBA000600008,Balenciaga Runner black silver
SMBA000600009.jpg,SMBA000600009,Balenciaga Runner Blau Weiß
SMBA000600010.jpg,SMBA000600010,Balenciaga Runner Black/White Faux
SMBA000600011.jpg,SMBA000600011,"Balenciaga Runner white burgundy
gray"
SMBA000600012.jpg,SMBA000600012,"BALENCIAGA Runner BLACK neon
green/yellow assents"
SMBA000800002.jpg,SMBA000800002,جراى بلك cargo sneaker بلنسيجا
SMBA000800004.jpg,SMBA000800004,جراى بلك يللو cargo sneakr بلنسياجا
SMBA000800005.jpg,SMBA000800005,بيج ريد cargo sneakr بلنسيجا
SMBA000800006.jpg,SMBA000800006,بلنسيجا cargo sneaker جراى
SMBA000800007.jpg,SMBA000800007,وايت بلو cargo sneaker بلنسيجا
SMBA000900001.jpg,SMBA000900001,بلنسيجا سنيكرز سيلفر لوجو بلك
SMBA001000001.jpg,SMBA001000001,بلك سيلفر xl meshبلنسيجا 3
SMBA001000002.jpg,SMBA001000002,وايت سيلفر xl meshبلنسيجا 3
SMBA001000005.jpg,SMBA001000005,3 بلنسيجاxl Extreme Graffiti White black
SMBA001000006.jpg,SMBA001000006,3 بلنسيجاxl mesh SILVER GREY
SMBA001000007.jpg,SMBA001000007,3 بلنسيجاxl mesh EXTREME Black
SMBA001000008.jpg,SMBA001000008,"3 بلنسيجاx mesh EXTREME Black
LIGHT"
SMBA001100002.jpg,SMBA001100002,بلك Defender بلنسيجا
SMBA001100003.jpg,SMBA001100003,"بلنسيجا Defender Bouncer With Graffiti
Print in G"
SMBA001200001.jpg,SMBA001200001,بلك جرين بلو xlبلنسيجا 10
SMBA001200002.jpg,SMBA001200002,سيلفر xlبلنسيجا 10
SMBA001200003.jpg,SMBA001200003,بلك xlبلنسيجا 10
SMBA001200004.jpg,SMBA001200004,"""""""10 بلنسيجاxl جراي Phosphorous
"""""""
SMBA001200005.jpg,SMBA001200005,"وايت ريد xlبلنسيجا 10""""""
"""""""
SMBA001200006.jpg,SMBA001200006,"وايت بلو xlبلنسيجا 10""""""
"""""""
SMBA001200007.jpg,SMBA001200007,"جراي بينك بلك xlبلنسيجا 10""""""
"""""""
SMBA001600001.jpg,SMBA001600001,"Balenciaga x Crocs Eva rain Mini boot
White"
SMBA001600002.jpg,SMBA001600002,"Balenciaga x Crocs Eva rain Mini boot
Black"
SMBA001600003.jpg,SMBA001600003,"Balenciaga x Crocs Eva rain Mini boot
Bige"
SMBA001700001.jpg,SMBA001700001,بلنسيجا Combat Strike Black
SMBA001700002.jpg,SMBA001700002,بلنسيجا Combat Strike Beige
SMBA001700003.jpg,SMBA001700003,بلنسيجا Combat Strike green
SMBA001800001.jpg,SMBA001800001,"Balenciaga Sergent 20mm Derby
Black"
SMBA001900001.jpg,SMBA001900001,"Balenciaga Tractor Loafer black metal
logo"
SMBI000100001.jpg,SMBI000100001,"Billionaire Lo-Top Sneakers Crest  بلك
وايت"
SMBI000100002.jpg,SMBI000100002,Billionaire Lo-Top Sneakers Crest وايت
SMBK000100001.jpg,SMBK000100001,Birkenstock Boston Suede beige
SMBK000100002.jpg,SMBK000100002,Birkenstock Boston Suede Black
SMBK000100003.jpg,SMBK000100003,"Birkenstock Boston Suede Suede
Wine"
SMBK000100004.jpg,SMBK000100004,Birkenstock Boston Suede Dark Grey
SMBK000100005.jpg,SMBK000100005,Birkenstock Boston Suede Stone Coin
SMBK000100006.jpg,SMBK000100006,"Birkenstock Boston Suede Faded
Khaki"
SMBK000100007.jpg,SMBK000100007,"Birkenstock Boston Suede Antique
White"
SMBK000100008.jpg,SMBK000100008,Birkenstock Boston Suede BROWEN
SMBK000100009.jpg,SMBK000100009,Birkenstock Boston light green suede
SMBK000100010.jpg,SMBK000100010,Birkenstock Boston Suede White
SMBK000100011.jpg,SMBK000100011,Birkenstock Boston Suede brown
SMBK000100012.jpg,SMBK000100012,Birkenstock Boston Suede New Navy
SMBK000100013.jpg,SMBK000100013,Birkenstock Boston Dusty Pink suede
SMBK000100015.jpg,SMBK000100015,Birkenstock Boston light gray suede
SMBK000100016.jpg,SMBK000100016,Birkenstock Boston Suede Mocha
SMBK000100017.jpg,SMBK000100017,"Birkenstock Boston Thyme Green
suede"
SMBk001100001.jpg,SMBk001100001,"Birkenstock Naples Wrapped suede
leather brown"
SMBk001100002.jpg,SMBk001100002,"Birkenstock Naples Wrapped black
suede leather"
SMBk001100003.jpg,SMBk001100003,"Birkenstock Naples Wrapped light
brown suede leather"
SMBk001100004.jpg,SMBk001100004,"Birkenstock Naples Wrapped beige
suede leather"
SMBk001100005.jpg,SMBk001100005,"Birkenstock Naples Wrapped suede
khaki"
SMBN000100002.jpg,SMBN000100002,بالمين يوني كورن لزار تريبل بلك
SMBN000100003.jpg,SMBN000100003,بالمين يوني كورن لزار تريبل وايت
SMBN000100004.jpg,SMBN000100004,بالمين يوني كورن NEOPRENE CALFSKIN
SMBN000100005.jpg,SMBN000100005,بالمين يوني كورن White Black Gold
SMBN000100006.jpg,SMBN000100006,بالمين يوني كورن نيوبرين لزار وايت نيون
SMBN000100007.jpg,SMBN000100007,بالمين يوني كورن نيوبرين لزار بلك حولد
SMBN000100008.jpg,SMBN000100008,BALMAIN Unicorn black white blue
SMBN000200001.jpg,SMBN000200001,بالمين بي بولد سويد نيت ستربس بلك جولد
SMBN000200002.jpg,SMBN000200002,بالمين بي بولد سويد نيت ستربس تريبل وايت جولد
SMBN000200004.jpg,SMBN000200004,بالمين بي بولد مونوجرام نيت بلك بلك سيلفر
SMBN000200005.jpg,SMBN000200005,"Balmain B-Bold High-Top black and
white monogram"
SMBN000200006.jpg,SMBN000200006,Balmain B-Bold High-Top black monogram gold details
SMBN000200007.jpg,SMBN000200007,Balmain B-Bold High-Top black metallic silver-tone straps
SMBN000200008.jpg,SMBN000200008,Balmain B-Bold High-Top white metallic silver-tone straps
SMBN000200009.jpg,SMBN000200009,"Balmain B-Bold High-Top triple  white
mesh knit upper"
SMBN000200010.jpg,SMBN000200010,"Balmain B-Bold High-Top black
Monogram Knit"
SMBN000600001.jpg,SMBN000600001,بالمين Paris Leather Oxford Black Red
SMBN000600002.jpg,SMBN000600002,بالمين Paris Leather Oxford Black
SMBN000600003.jpg,SMBN000600003,"Balmain Leather Oxford Black B
GOLD LOGO"
SMBN000700001.jpg,SMBN000700001,Balmain B-Court printed Black White
SMBN000700002.jpg,SMBN000700002,Balmain B-Court printed  White
SMBN000700003.jpg,SMBN000700003,Balmain B-Court printed Black
SMBN000700004.jpg,SMBN000700004,"Balmain PARIS B-Court WHITE
GOLD B"
SMBN000700005.jpg,SMBN000700005,"Balmain PARIS B-Court BLACK
GOLD B"
SMBN000700006.jpg,SMBN000700006,"Balmain B-Court low-top sneakers
white"
SMBN000700007.jpg,SMBN000700007,"Balmain B-Court low-top sneakers
blue white sole"
SMBN000700008.jpg,SMBN000700008,"Balmain B-Court low-top sneakers
black white sole"
SMBN000700009.jpg,SMBN000700009,Balmain B-Court Monogram white
SMBN000700010.jpg,SMBN000700010,"Balmain B-Court low-top sneaker grey
white sole"
SMBN000700011.jpg,SMBN000700011,Balmain B-Court White Black Laces
SMBN000700012.jpg,SMBN000700012,"Balmain B-Court Skate black galaxy
print suede leathe"
SMBN000700013.jpg,SMBN000700013,"Balmain B-Court Sneaker navy blue
white"
SMBN000800001.jpg,SMBN000800001,Balmain B-Bold low-top  White
SMBN000800002.jpg,SMBN000800002,"Balmain B-Bold low-top White BLACK
LINE"
SMBN000800003.jpg,SMBN000800003,Balmain B-Bold low-top BLACK GOLD
SMBN000900001.jpg,SMBN000900001,Balmain sea boat white BLACK
SMBN000900002.jpg,SMBN000900002,Balmain sea boat triple BLACK
SMBN001000001.jpg,SMBN001000001,Balmain Swan white gray
SMBP000100005.jpg,SMBP000100005,ابيثنج ايب Bape Sta Shark Black
SMBP000100006.jpg,SMBP000100006,ابيثنج ايب Bape Sta shark white
SMBP000100007.jpg,SMBP000100007,ابيثنج ايب  Bape Sta Shark Black White
SMBP000100008.jpg,SMBP000100008,"ابيثنج ايب Bape Sta Patent Leather
White Green"
SMBP000100010.jpg,SMBP000100010,A Bathing Ape Bape Sta Icon LowBlack Grey Patent
SMBS000100001.jpg,SMBS000100001,"Brooks Hyperion Elite 5 coral/orange
light blue"
SMBS000100002.jpg,SMBS000100002,"Brooks Hyperion Elite 5 black white
logo"
SMBS000100003.jpg,SMBS000100003,Brooks Hyperion Elite 5 gray
SMBU000100003.jpg,SMBU000100003,Burberry Ramsey Check black white
SMBU000100004.jpg,SMBU000100004,Burberry Ramsey Check white gray
SMBU000100005.jpg,SMBU000100005,"Burberry Ramsey Check white/beige
strap"
SMBU000100006.jpg,SMBU000100006,"Burberry Ramsey Check black white
sole&strap"
SMBU000200001.jpg,SMBU000200001,Burberry Vintage LOW TOP WHITE
SMBU000200002.jpg,SMBU000200002,"Burberry Vintage Check Panelled
White Archvie Beige"
SMBU000200003.jpg,SMBU000200003,Burberry Vintage Check Black Beige
SMCA000100001.jpg,SMCA000100001,Coach Soho beige brown White patterned material heel tab
SMCA000100002.jpg,SMCA000100002,Coach Soho White black gray
SMCB000100001.jpg,SMCB000100001,"Columbia GTX BOA Black with white
accents"
SMCB000100002.jpg,SMCB000100002,Columbia GTX BOA triple.Black
SMCB000100003.jpg,SMCB000100003,Columbia GTXBOA Olivegreenwithblack.purp accents
SMCB000100004.jpg,SMCB000100004,"Columbia GTX BOA Dark brown with
black accents"
SMCB000100005.jpg,SMCB000100005,"Columbia GTX BOA Waterproof Triple
Black"
SMCB000100006.jpg,SMCB000100006,"Columbia GTX BOA Waterproof
Black gray"
SMCB000200001.jpg,SMCB000200001,"Columbia GTXus
.Black.with.red.gray.accents"
SMCB000200002.jpg,SMCB000200002,Columbia GTXus grayDDk.black.Grey.accents
SMCB000200003.jpg,SMCB000200003,Columbia GTXus Olive greenwithblack.earthy.accents
SMCB000300001.jpg,SMCB000300001,Columbia Vitesse Outdry triple black
SMCB000300002.jpg,SMCB000300002,"Columbia Vitesse Outdry Olive Green
Gold gray"
SMCB000400001.jpg,SMCB000400001,COLUMBIA hiking triple black
SMCB000400002.jpg,SMCB000400002,COLUMBIA hiking white black gold
SMCB000400003.jpg,SMCB000400003,"COLUMBIA hiking Beige Black Pale
Blue lace"
SMCD000200001.jpg,SMCD000200001,"كريستيان ديور Granville Loafer dark
brown white"
SMCH000100001.jpg,SMCH000100001,تشانل ابيض × بينك
SMCH000100002.jpg,SMCH000100002,تشانل لبني × اورانج
SMCH000100003.jpg,SMCH000100003,تشانل رمادي × ابيض
SMCH000200001.jpg,SMCH000200001,تشانل Loafers Ivory Corduroy
SMCH000200002.jpg,SMCH000200002,تشانل Loafers dark brown maron
SMCH000200003.jpg,SMCH000200003,تشانل Loafers Black Leather
SMCH000300001.jpg,SMCH000300001,تشانل Loafers CC logo suede grey
SMCH000300002.jpg,SMCH000300002,تشانل Loafers CC logo suede Black
SMCH000300003.jpg,SMCH000300003,تشانل Loafers CC logo Grey suede
SMCH000500001.jpg,SMCH000500001,Chanel CC Logo Sneaker white Metallic Silver black gray
SMCH000500002.jpg,SMCH000500002,"Chanel CC Logo Sneaker Black
White"
SMCH000600001.jpg,SMCH000600001,CHANEL Ballet Flat Crackled Laminated Calfskin Gold Silver
SMCH000600002.jpg,SMCH000600002,CHANEL Ballet Flat Crackled Laminated Calfskin burgundy pink
SMCH000600003.jpg,SMCH000600003,"CHANEL Ballet Flat Crackled Laminated Calfskin beige tweed fabric
metallic gold cap toe"
SMCH000600004.jpg,SMCH000600004,CHANEL Ballet Flat Crackled Laminated Calfskin black gold-tone chain detail around edge
SMCH000600005.jpg,SMCH000600005,"CHANEL Ballet Flat Crackled Laminated Calfskin black beige
signature cap toe"
SMCH000600006.jpg,SMCH000600006,"CHANEL Ballet Flat Crackled Laminated Calfskin beige tonal cap
toe"
SMCH000600008.jpg,SMCH000600008,"CHANEL Ballet Flat beige Suede
gold-tone button strap"
SMCH000900001.jpg,SMCH000900001,"Chanel embossed CC Logo Sneakers
White Black Gum Sole"
SMCH000900002.jpg,SMCH000900002,"Chanel embossed CC Logo Sneakers
Black White Gum Sole"
SMCK000100001.jpg,SMCK000100001,"كلفن كلين Sock Laceup Black Triple
Black"
SMCK000100002.jpg,SMCK000100002,"كلفن كلين Sock Laceup White Light
Grey Black"
SMCK000100003.jpg,SMCK000100003,"كلفن كلين Sock Laceup White Light
Grey Red"
SMCK000100004.jpg,SMCK000100004,"كلفن كلين Sock Laceup Black White
Red"
SMCK000100005.jpg,SMCK000100005,"كلفن كلين Sock Laceup White gray dark
blue heel"
SMCK000100006.jpg,SMCK000100006,"كلفن كلين Sock Laceup Light
Grey/White Multi"
SMCK000100007.jpg,SMCK000100007,كلفن كلين Sock Laceup black and white
SMCK000100008.jpg,SMCK000100008,"كلفن كلين Sock Laceup white and light
gray"
SMCK000100009.jpg,SMCK000100009,"Calvin Klein Runner Sock Laceup
triple gray"
SMCK000100010.jpg,SMCK000100010,"Calvin Klein Runner Sock Laceup
navy blue white logo"
SMCK000100011.jpg,SMCK000100011,Calvin Klein Runner Sock Laceup black white logo beige sole
SMCK000100012.jpg,SMCK000100012,"Calvin Klein Runner Sock Laceup gray
black white logo beige sole"
SMCK000100013.jpg,SMCK000100013,Calvin Klein Runner Sock Laceup navy blue white logo مقاسات خاصة
SMCK000100014.jpg,SMCK000100014,Calvin Klein Runner Sock Laceup black white logo beige sole مقاسات خاصة
SMCK000100015.jpg,SMCK000100015,Calvin Klein Runner Sock Laceup gray black white logo beige sole مقاسات خاصة
SMCK000100016.jpg,SMCK000100016,"Calvin Klein Runner Sock black side
logo"
SMCL000300001.jpg,SMCL000300001,"كريستيان لوبوتان  Our Georges leather
lace-up Blac"
SMCL000300002.jpg,SMCL000300002,Our Georges Black  كريستيان لوبوتان
SMCL000400001.jpg,SMCL000400001,كريستيان لوبوتان  Chambeliss Black
SMCL000500001.jpg,SMCL000500001,"كريستيان لوبوتان Sharkyloub black fire red
Spike S"
SMCL000600001.jpg,SMCL000600001,كريستيان لوبوتان Cheney Walk Black Red
SMCL000700001.jpg,SMCL000700001,Our Flight Black كريستيان لوبوتان
SMCL000800001.jpg,SMCL000800001,"كريستيان لوبوتان Panamic Dune Black
Red"
SMCL000800002.jpg,SMCL000800002,"كريستيان لوبوتان Panamic Dune Silver
White Red"
SMCL000800003.jpg,SMCL000800003,"كريستيان لوبوتان Panamic Dune Shine
Black Red"
SMCL000800004.jpg,SMCL000800004,"Christian Louboutin Panamic Dune
black ed lug sole"
SMCL000900001.jpg,SMCL000900001,"Christian Louboutin Adolon Junior
TRIBLE WHITE"
SMCL000900002.jpg,SMCL000900002,"Christian Louboutin Adolon Junior
TRIBLE BLACK"
SMCL001000001.jpg,SMCL001000001,"CHRISTIAN LOUBOUTIN
Marchacroche Dune black with a red
sole"
SMCL001100001.jpg,SMCL001100001,"Christian Louboutin Adolescenza white
black elastic strap"
SMCL001100002.jpg,SMCL001100002,Christian Louboutin Adolescenza black black elastic strap
SMCL001200001.jpg,SMCL001200001,"CHRISTIAN LOUBOUTIN Low-top
brown white sole"
SMCL001200002.jpg,SMCL001200002,"CHRISTIAN LOUBOUTIN Low-top
white perforated leather"
SMCL001200003.jpg,SMCL001200003,"CHRISTIAN LOUBOUTIN Low-top
white black heel black"
SMCL001200004.jpg,SMCL001200004,"CHRISTIAN LOUBOUTIN Low-top
black studded spikes across toe cap&heel patterned fabric"
SMCL001300001.jpg,SMCL001300001,"Christian Louboutin Urbino derby
Black red outsole"
SMCO000400004.jpg,SMCO000400004,كونفرس ستار بلتفورم تايجر
SMCO000700001.jpg,SMCO000700001,بلك هايبر بينك CX كونفرس ستار
SMCY000100001.jpg,SMCY000100001,Chunky Adults Black selver
SMCY000100002.jpg,SMCY000100002,Chunky Adults White selver
SMCY000100003.jpg,SMCY000100003,Chunky Adults Blue selver
SMDD000100001.jpg,SMDD000100001,""""""" High-top BLACK دسكواريد
"""""""
SMDD000200001.jpg,SMDD000200001,"Fly high-top sock sneaker Black White
2دسكواريد"
SMDG000100005.jpg,SMDG000100005,دولسي سورينتو سنيكرز بلك لوجو وايت
SMDG000400001.jpg,SMDG000400001,دولسي كالفسكين بورتوفينو وايت بلك
SMDG000400002.jpg,SMDG000400002,دولسي كالفسكين بورتوفينو تريبل بلك
SMDG000400007.jpg,SMDG000400007,وايت بلك Vintage  دولسي كالفسكين بورتوفينو
SMDG000400009.jpg,SMDG000400009,وايت بلك Graffiti دولسي كالفسكين بورتوفينو
SMDG000500002.jpg,SMDG000500002,بلك وايت ZERO.دولسي 2
SMDG000500003.jpg,SMDG000500003,"DOLCE&GABBANA  2.ZERO white
black stripes white logo"
SMDG000700002.jpg,SMDG000700002,"دولسي MIXED-MATERIAL SPACE Black
GREY"
SMDG000700003.jpg,SMDG000700003,"دولسي MIXED-MATERIAL SPACE Triple
Black"
SMDG000700004.jpg,SMDG000700004,"دولسي MIXED-MATERIAL SPACE
MULTICOLOUR"
SMDG000700005.jpg,SMDG000700005,"دولسي MIXED-MATERIAL SPACE
WHITE"
SMDG000700007.jpg,SMDG000700007,دولسي MIXED-MATERIAL SPACE pink
SMDG000700009.jpg,SMDG000700009,"دولسي MIXED-MATERIAL SPACE
White Phosphorous"
SMDG000800001.jpg,SMDG000800001,دولسي Fast Sc BLACK WHITE
SMDG000800002.jpg,SMDG000800002,دولسي Fast Sc BLACK inside WHITE
SMDG000800003.jpg,SMDG000800003,دولسي  Fast Sc WHITE Grey
SMDG000800004.jpg,SMDG000800004,دولسي Fast Sc BLACK inside Orange
SMDG000900001.jpg,SMDG000900001,بلك سيلفر لوجو Luxury دولسي
SMDG000900002.jpg,SMDG000900002,"DOLCE & GABBANA BLACK Back,
DG monogram, Metallic LOGO"
SMDG001000004.jpg,SMDG001000004,"Dolce&Gabbana New Roma black
white"
SMDG001000005.jpg,SMDG001000005,"Dolce&Gabbana New Roma
white/off-white"
SMDG001100002.jpg,SMDG001100002,دولسي LOGO LOW-TOP  بلك وايت
SMDG001400003.jpg,SMDG001400003,"Dolce&Gabbana DG Cushion black
white"
SMDG001500001.jpg,SMDG001500001,بلك جولد Portofino دولسي
SMDG001500002.jpg,SMDG001500002,بلك وايت Portofino دولسي
SMDG001500003.jpg,SMDG001500003,بلك لوجو وايت Portofino دولسي
SMDG001500004.jpg,SMDG001500004,تربيل وايت Portofino دولسي
SMDG001500005.jpg,SMDG001500005,وايت جولد Portofino دولسي
SMDG001500007.jpg,SMDG001500007,دولسي  Portofino Vintage White Gold
SMDG001500008.jpg,SMDG001500008,دولسي  Portofino Vintage White Silver
SMDG001500013.jpg,SMDG001500013,دولسي Portofino Made in Italy
SMDG001500014.jpg,SMDG001500014,"دولسي Portofino Sneakers White
Leather"
SMDG001500015.jpg,SMDG001500015,"دولسي Portofino Sneakers Black
Leather"
SMDG001500016.jpg,SMDG001500016,دولسي Portofino Sneakers perforated-logo leather
SMDG001500017.jpg,SMDG001500017,"دولسي Portofino Two-Tone Sneakers
White black"
SMDG001500018.jpg,SMDG001500018,Portofino panelled Beige Suede دولسي
SMDG001500019.jpg,SMDG001500019,دولسي Portofino panelled black white
SMDG001500020.jpg,SMDG001500020,light beige دولسي كالفسكين بورتوفينو
SMDG001500021.jpg,SMDG001500021,Green White دولسي كالفسكين بورتوفينو
SMDG001500022.jpg,SMDG001500022,TRIBLE White دولسي كالفسكين بورتوفينو
SMDG001500023.jpg,SMDG001500023,"دولسي كالفسكين بورتوفينو  Vintage White
black beig"
SMDG001500024.jpg,SMDG001500024,"DOLCE & GABBANA Portofino White
black WITHE STRIP"
SMDG001500025.jpg,SMDG001500025,"Dolce&Gabbana Portofino Low-Top
white black red line"
SMDG001500026.jpg,SMDG001500026,"DOLCE&GABBANA Portofino low-top
white blackDG heel tab"
SMDG001500027.jpg,SMDG001500027,"Dolce & Gabbana Portofino low-top
white rubber sole"
SMDG001500028.jpg,SMDG001500028,Dolce&Gabbana Portofino low-top black white laces orange loop
SMDG001500029.jpg,SMDG001500029,"Dolce&Gabbana Portofino black
gold-tone accents"
SMDG001500030.jpg,SMDG001500030,"Dolce&Gabbana Portofino light strobel
black"
SMDG001500031.jpg,SMDG001500031,Dolce&Gabbana Portofino WHITE black logo&heel tab&laces
SMDG001500032.jpg,SMDG001500032,"Dolce&Gabbana Portofino black white
logo black frame"
SMDG001500033.jpg,SMDG001500033,Dolce&Gabbana Portofino black white logo black frame Light Strobel
SMDG001500034.jpg,SMDG001500034,"Dolce&Gabbana Portofino white blue
black brand logo side"
SMDG001700002.jpg,SMDG001700002,"DolceGabbana AIRMASTER Black
GRAY"
SMDG001700003.jpg,SMDG001700003,"DolceGabbana AIRMASTER
Whitelight gray"
SMDG001700004.jpg,SMDG001700004,"DolceGabbana AIRMASTER TRIBLE
Black"
SMDG001900001.jpg,SMDG001900001,دولسي Vita Block Brown
SMDG001900002.jpg,SMDG001900002,دولسي Vita Black
SMDG002000001.jpg,SMDG002000001,دولسي Daymaster Triple Black
SMDG002000002.jpg,SMDG002000002,دولسي Daymaster Triple White
SMDG002000003.jpg,SMDG002000003,دولسي Daymaster Low White Black
SMDG002100001.jpg,SMDG002100001,"دولسي Sorrento High Top Black Grey
Whte"
SMDG002100002.jpg,SMDG002100002,"Dolce&Gabbana Sorrento black white
colorway"
SMDG002200001.jpg,SMDG002200001,دولسي Brushed calfskin loafers
SMDG002300001.jpg,SMDG002300001,"Dolce & Gabbana logo-tag SHINE
BLACK  Chelsea boot"
SMDG002400001.jpg,SMDG002400001,DolceGabbana RUNNING white black
SMDG002400002.jpg,SMDG002400002,"DolceGabbana RUNNING TRIBLE
black"
SMDG002400003.jpg,SMDG002400003,DolceGabbana RUNNING black white
SMDG002500001.jpg,SMDG002500001,"Dolce&Gabbana Sneakers triple black
strip and logo"
SMDG002500002.jpg,SMDG002500002,"Dolce&Gabbana Sneakers dark gray
black metallic strip"
SMDG002500003.jpg,SMDG002500003,"Dolce&Gabbana Sneakers white black
strip"
SMDG002600001.jpg,SMDG002600001,"Dolce&Gabbana Ankle Boot black
metal logo upper"
SMDG002600002.jpg,SMDG002600002,"Dolce&Gabbana ankle boots lug glossy leather sole strap featuring the
DG logo"
SMDG002600003.jpg,SMDG002600003,"Dolce&Gabbana branded-strap Ankle
Boot black rubber lug sole"
SMDG002600004.jpg,SMDG002600004,"Dolce&Gabbana suede Ankle Boot
brown metal clasp"
SMDG002700001.jpg,SMDG002700001,"Dolce & Gabbana NS1 Chunky black
white logo"
SMDG002800001.jpg,SMDG002800001,"Dolce&Gabbana Day Faster triple
white"
SMDM000100001.jpg,SMDM000100001,"Dr. Martens Jadon Platform Leather
Boot Black"
SMDR000500001.jpg,SMDR000500001,ديور B33 Navy Blue
SMDR000500002.jpg,SMDR000500002,"ديور B33 Tears Blue Denim Peace
Sign"
SMDR000500003.jpg,SMDR000500003,"ديور B33 Spin White Calfskin Oblique
Jacquard"
SMDR000500004.jpg,SMDR000500004,"ديور B33 Black Smooth Calfskin
Oblique Raised Embr"
SMDR000500005.jpg,SMDR000500005,ديور B33 White Monogram Cowhide
SMDR000500006.jpg,SMDR000500006,ديور B33 Tears Blue Denim Peace
SMDR000500007.jpg,SMDR000500007,ديور B33 Black Smooth black
SMDR000500008.jpg,SMDR000500008,ديور b33 green OLIV
SMDR000500009.jpg,SMDR000500009,"ديور b33 gray and cream raised
embroidery"
SMDR000500010.jpg,SMDR000500010,"Dior B33 black gray Dior Oblique
embroidered panel"
SMDR000500011.jpg,SMDR000500011,"Dior B33 Spin blue brown mohair
laces"
SMDR000500012.jpg,SMDR000500012,"Dior B33 black Anthracite Gray
Silver-tone logo"
SMDR000700001.jpg,SMDR000700001,B22 White Silver Reflectiveديور
SMDR000700002.jpg,SMDR000700002,B22 Black Silver Reflectiveديور
SMDR000700003.jpg,SMDR000700003,B22 White Black ديور
SMDR000700004.jpg,SMDR000700004,ديور B22 White Black Grey
SMDR000700005.jpg,SMDR000700005,ديور B22 White Silver Fluo Green
SMDR000700006.jpg,SMDR000700006,ديور B22 Orange Olive Olive Black
SMDR000700007.jpg,SMDR000700007,ديور B22 Black Red
SMDR000700008.jpg,SMDR000700008,ديور B22 Black White Silver
SMDR000700009.jpg,SMDR000700009,ديور B22 White Silver Gre
SMDR000700010.jpg,SMDR000700010,ديور B22 Jeans Black
SMDR000700011.jpg,SMDR000700011,تريبل وايت B‏22 ديور
SMDR000700012.jpg,SMDR000700012,ديورB22 Khaki Black Calfskin
SMDR000700013.jpg,SMDR000700013,Dior B22 Lavender Cream Green Grey
SMDR000800001.jpg,SMDR000800001,ديور B30 Triple Black
SMDR000800002.jpg,SMDR000800002,"ديور B30 White Mesh Silver-Tone
Metallic Calfskin"
SMDR000800003.jpg,SMDR000800003,ديور B30 Countdown  Black
SMDR000800004.jpg,SMDR000800004,ديور B30 Countdown  White
SMDR000800005.jpg,SMDR000800005,ديور B30 White Mesh White
SMDR000800006.jpg,SMDR000800006,ديور  B30 White Mesh  Black white
SMDR000800007.jpg,SMDR000800007,Dior B30 Grey white
SMDR000800008.jpg,SMDR000800008,Dior B30 beige white
SMDR000800009.jpg,SMDR000800009,Dior B30 white black sole
SMDR000900001.jpg,SMDR000900001,B35 Next triple Black Mesh Fabric ديور
SMDR000900002.jpg,SMDR000900002,B35 Next Black Lime Mesh Fabric ديور
SMDR001000001.jpg,SMDR001000001,"ديور B27 Uptown Low-Top Sneaker
Gravity - White"
SMDR001000002.jpg,SMDR001000002,"ديور B27 Uptown Low-Top Sneaker
BLACK"
SMDR001000003.jpg,SMDR001000003,"ديور B27 Uptown Low-Top Sneaker
Blue Denim White"
SMDR001000004.jpg,SMDR001000004,"ديور B27 Uptown Low-Top Sneaker
Grey White"
SMDR001000005.jpg,SMDR001000005,Dior B27 LowWhite Navy Blue CD
SMDR001000006.jpg,SMDR001000006,Dior B27 triple black
SMDR001000007.jpg,SMDR001000007,Dior B27  White Oblique Galaxy black
SMDR001100001.jpg,SMDR001100001,ديور B44 Blade Sneaker Black White
SMDR001200001.jpg,SMDR001200001,"ديور Combat Derby Black Polished with
Beige and Bl"
SMDR001300001.jpg,SMDR001300001,ديور Homme Granville Boat  BIEGE
SMDR001300002.jpg,SMDR001300002,ديور Homme Granville Boat  NAVY
SMDR001400001.jpg,SMDR001400001,"Dior B01 Black, white, tongue dark
gray"
SMDR001400002.jpg,SMDR001400002,"Dior B01 White with black gray
accents"
SMDR001500001.jpg,SMDR001500001,Dior B9 SkaterTweed Navy Blue
SMDR001500002.jpg,SMDR001500002,Dior B9 SkaterTweed Silver-Tone
SMDR001800001.jpg,SMDR001800001,Dior Sneaker RNN Black GRAY BLU
SMDR001800002.jpg,SMDR001800002,Dior Sneaker RNN Black BLU
SMDR001800003.jpg,SMDR001800003,Dior Sneaker RNN White BLU
SMDR001900001.jpg,SMDR001900001,"Dior B25 Runner Black Smooth
Calfskin Oblique Jacq"
SMDR002000001.jpg,SMDR002000001,"Dior Formal Timeless BLACK
MONOGRAM"
SMDR002000002.jpg,SMDR002000002,DIOR Formal Timeless BLACK embellished glossed-leather
SMDR002000003.jpg,SMDR002000003,"Dior Formal Timeless BLACK TOP
SLIVER LOGO"
SMDR002000004.jpg,SMDR002000004,Dior Timeless black Shiny black
SMDR002000005.jpg,SMDR002000005,"Dior Timeless black lace-up Black and
gray pattern"
SMDR002000006.jpg,SMDR002000006,Dior Timeless Granville Loafer Black Smooth Calfskin Oblique Jacquard
SMDR002100001.jpg,SMDR002100001,"Dior CLASSIC black MONGRAM
Leather"
SMDR002200001.jpg,SMDR002200001,Dior B9S white light grey
SMDR002200002.jpg,SMDR002200002,Dior B9S TRUPLE BLACK
SMDR002200003.jpg,SMDR002200003,Dior B9S Indigo Blue
SMDR002300001.jpg,SMDR002300001,Dior Vibe White Gray
SMDR002400001.jpg,SMDR002400001,"Dior D-Sketch black white
laces&midsole"
SMDR002400002.jpg,SMDR002400002,Dior D-Sketch white beige
SMDR002500001.jpg,SMDR002500001,"Dior Chrono Beige Terry-Effect
Technical Fabric"
SMDR002600001.jpg,SMDR002600001,"Dior B01 Matchpoint Sneaker White
Black"
SMDR002600002.jpg,SMDR002600002,"Dior B01 Matchpoint Sneaker triple
Black"
SMDR002600003.jpg,SMDR002600003,"Dior B01 Matchpoint Sneaker triple
white"
SMDR002700001.jpg,SMDR002700001,"DIOR Granville Loafer black white
silver accent logo"
SMDR002700002.jpg,SMDR002700002,DIOR Granville Loafer navy blue iconic Dior Oblique jacquard motif
SMDR002700003.jpg,SMDR002700003,DIOR Granville Loafer Beige Dior Oblique Suede and Jacquard
SMDR002700004.jpg,SMDR002700004,"Dior Granville loafer black signature
silver-tone buckle"
SMDR002700005.jpg,SMDR002700005,"Dior Granville loafer khaki green white
silver-tone buckle"
SMDR002700006.jpg,SMDR002700006,"Dior Granville loafer gray white
silver-tone buckle"
SMDR002700007.jpg,SMDR002700007,"Dior Granville loafer beige white
silver-tone buckle"
SMEA000100001.jpg,SMEA000100001,"إمبوريو أرماني Cordura Runner Black
White Gold"
SMEA000100002.jpg,SMEA000100002,"إمبوريو أرماني Cordura Runner Black
Black Gold"
SMEA000100003.jpg,SMEA000100003,Cordura Runner BLACk امبوريو ارماني
SMEA000100005.jpg,SMEA000100005,"Cordura Runner Blue white  امبوريو
ارماني"
SMEA000100006.jpg,SMEA000100006,"Cordura Runner Navy White Plume
امبوريو ارماني"
SMEA000100008.jpg,SMEA000100008,"Cordura Runner black Gold  امبوريو
ارماني"
SMEA000100009.jpg,SMEA000100009,"Cordura Runner black with logo  امبوريو
ارماني"
SMEA000100010.jpg,SMEA000100010,"Cordura Runner Navy - White  امبوريو
ارماني"
SMEA000100011.jpg,SMEA000100011,"Cordura Runner Grey- White  امبوريو
ارماني"
SMEA000100012.jpg,SMEA000100012,"Cordura Runner Black - White  امبوريو
ارماني"
SMEA000200001.jpg,SMEA000200001,"إمبوريو أرماني Ultimate C2 Kombat Deep
Black"
SMEA000200004.jpg,SMEA000200004,"إمبوريو أرمانى ULTIMATE C2 KOMBAT
BLACK SILVER"
SMEA000200005.jpg,SMEA000200005,"إمبوريو أرماني  Ultimate C2 Kombat
BLUE WHITE"
SMEA000400001.jpg,SMEA000400001,"EA7 Sneakers White begie  امبوريو
أرماني"
SMEA000400002.jpg,SMEA000400002,"EA7 Sneakers Black White  امبوريو
أرماني"
SMEA000400003.jpg,SMEA000400003,EA7 Sneakers Black Gold امبوريو أرماني
SMEA000400004.jpg,SMEA000400004,EA7 Sneakers Navy White امبوريو أرماني
SMEA000400005.jpg,SMEA000400005,"EA7 Sneakers White Black  امبوريو
أرماني"
SMEA000400006.jpg,SMEA000400006,EA7 Sneakers Black امبوريو أرماني
SMEA000400007.jpg,SMEA000400007,"EA7 Sneakers Black writWhite  امبوريو
ارماني"
SMEA000400008.jpg,SMEA000400008,EA7 Sneakers gray green امبوريو ارماني
SMEA000400009.jpg,SMEA000400009,"EA7 Sneakers Round Black White
امبوريو ارماني"
SMEA000400010.jpg,SMEA000400010,"EA7 Sneakers Round White Black
امبوريو ارماني"
SMEA000400011.jpg,SMEA000400011,Emporio Armani white black
SMEA000400012.jpg,SMEA000400012,"Emporio Armani EA7 Sneaker triple
black"
SMEA000400013.jpg,SMEA000400013,"Emporio Armani EA7 Sneaker white
gray"
SMEA000400014.jpg,SMEA000400014,"Emporio Armani EA7 Sneaker white
black logo&outsole"
SMEA000400015.jpg,SMEA000400015,"Emporio Armani EA7 Sneaker Black
Gold accents"
SMEA000400016.jpg,SMEA000400016,"Emporio Armani EA7 Sneaker Black
white logo&sole"
SMEA000500001.jpg,SMEA000500001,EA7 Runner BLACk Gold امبوريو ارماني
SMEA000500002.jpg,SMEA000500002,EA7 Runner White Silver امبوريو ارماني
SMEA000500003.jpg,SMEA000500003,EA7 Runner BLACk Silver امبوريو ارماني
SMEA000500004.jpg,SMEA000500004,EA7 Runner Triple Black امبوريو ارماني
SMEA000500005.jpg,SMEA000500005,EA7 Runner Black White امبوريو ارماني
SMEA000500006.jpg,SMEA000500006,EA7 Runner White Black امبوريو ارماني
SMEA000500007.jpg,SMEA000500007,EA7 Runner Graffiti Silver امبوريو ارماني
SMEA000500008.jpg,SMEA000500008,EA7 Runner Graffiti Gold امبوريو ارماني
SMEA000500009.jpg,SMEA000500009,"Armani amornini  EA7 Runner White
Navy"
SMEA000500010.jpg,SMEA000500010,"Armani amornini  EA7 Runner White
kink"
SMEA000500011.jpg,SMEA000500011,"Armani amornini  EA7 Runner Black
kink"
SMEA000500012.jpg,SMEA000500012,"Armani amornini EA7 Runner WHITE
gray kink"
SMEA000500013.jpg,SMEA000500013,"Armani amornini EA7 Runner black
gray kink"
SMEA000500014.jpg,SMEA000500014,"Armani amornini EA7 Runner gray
gray kink"
SMEA000500015.jpg,SMEA000500015,"Armani amornini EA7 Runner blue
gray kink"
SMEA000500016.jpg,SMEA000500016,"Armani amornini EA7 Runner triple
black"
SMEA000500017.jpg,SMEA000500017,"Armani amornini EA7 Runner white
black logo"
SMEA000600001.jpg,SMEA000600001,EA7 Logo White Black امبوريو ارماني
SMEA000600002.jpg,SMEA000600002,EA7 Logo Black Gray امبوريو ارماني
SMEA000700001.jpg,SMEA000700001,Sneakers Black White امبوريو ارماني
SMEA000700002.jpg,SMEA000700002,Sneakers White Black امبوريو ارماني
SMEA000700003.jpg,SMEA000700003,"Sneakers Black Black White  امبوريو
ارماني"
SMEA000700004.jpg,SMEA000700004,"Sneakers Navy Black White  امبوريو
ارماني"
SMEA000700005.jpg,SMEA000700005,"""
Emporio Armani Logo Sneakers TRIPLE BLACK"""
SMEA000700006.jpg,SMEA000700006,"""
Emporio Armani Logo Sneakers GREEN BLACK"""
SMEA000700007.jpg,SMEA000700007,"Emporio Armani sneaker black knit
fabric suede details"
SMEA000700008.jpg,SMEA000700008,Emporio Armani sneaker white knit fabric suede details black outsole
SMEA000700009.jpg,SMEA000700009,"Emporio Armani Mex Sneaker black
Metal Eagle Logo"
SMEA000700010.jpg,SMEA000700010,"Emporio Armani sneaker Navy Blue
white black"
SMEA000700011.jpg,SMEA000700011,Emporio Armani sneaker dark grey black white logo&tongue
SMEA000800001.jpg,SMEA000800001,EA7 Giorgio White Blue امبوريو ارماني
SMEA000800002.jpg,SMEA000800002,EA7 Giorgio Black White امبوريو ارماني
SMEA000800003.jpg,SMEA000800003,EA7 Giorgio White Gray امبوريو ارماني
SMEA000800004.jpg,SMEA000800004,"Emporio Armani EA7 Giorgio WHITE
BLUE"
SMEA000800005.jpg,SMEA000800005,Emporio Armani EA7 Giorgio BLUE
SMEA000800006.jpg,SMEA000800006,Emporio Armani EA7 Giorgio GRAY
SMEA000800007.jpg,SMEA000800007,"Emporio Armani EA7 Giorgio BLACK
GRAY"
SMEA000800008.jpg,SMEA000800008,"Emporio Armani EA7 Giorgio WHITE
NAVY"
SMEA000800009.jpg,SMEA000800009,"Emporio Armani EA7 Giorgio NAVY
SILVER LINE"
SMEA000800010.jpg,SMEA000800010,"Emporio Armani EA7 Giorgio BLACK
GRAY LOGO"
SMEA000800011.jpg,SMEA000800011,"Emporio Armani EA7 Giorgio WHITE
GRAY LOGO"
SMEA000900001.jpg,SMEA000900001,EA7 brand White Blue امبوريو ارماني
SMEA000900002.jpg,SMEA000900002,"EA7 brand Black White Red  امبوريو
ارماني"
SMEA000900003.jpg,SMEA000900003,"EA7 brand Black White Gold  امبوريو
ارماني"
SMEA001000001.jpg,SMEA001000001,"امبوريو ارماني Baskets Nylon Off White
Black"
SMEA001000002.jpg,SMEA001000002,"امبوريو ارماني Baskets Nylon Tripple
Black"
SMEA001100001.jpg,SMEA001100001,"Emporio Armani EA7 CRUSHER
Sneakers Navy"
SMEA001100002.jpg,SMEA001100002,"Emporio Armani EA7 CRUSHER
Sneakers White Silver"
SMEA001100003.jpg,SMEA001100003,Emporio Armani EA7 CRUSHER Sneakers WHITE BLACK
SMEA001100004.jpg,SMEA001100004,Emporio Armani EA7 CRUSHER Sneakers BLACK WHITE SO
SMEA001200001.jpg,SMEA001200001,AMIRI MA-1 black white details
SMEA001200002.jpg,SMEA001200002,AMIRI MA-1 black leather and mesh
SMEA001200003.jpg,SMEA001200003,"AMIRI MA-1 White leather and mesh
with gold-tone"
SMEC000100001.jpg,SMEC000100001,ECCO Soft 7 triple white ORG
SMEC000100002.jpg,SMEC000100002,ECCO Soft 7 triple black ORG
SMER000100001.jpg,SMER000100001,سكيتشر GO WALK DISTANCE WALKER Walking Black
SMER000100002.jpg,SMER000100002,سكيتشر GO WALK DISTANCE WALKER Walking White Black
SMER000100003.jpg,SMER000100003,سكيتشر GO WALK DISTANCE WALKER Walking White
SMER000100004.jpg,SMER000100004,سكيتشر GO WALK DISTANCE WALKER Walking BLACK BLUE
SMER000100005.jpg,SMER000100005,سكيتشر GO WALK DISTANCE WALKER Walking GREY PINK
SMER000100006.jpg,SMER000100006,سكيتشر GO WALK DISTANCE WALKER Walking Black MULTI
SMER000100007.jpg,SMER000100007,سكيتشر GO WALK DISTANCE WALKER Walking Black LIGHT
SMER000200001.jpg,SMER000200001,"سكيتشر GO WALK MAX WALKER -
Augustus جراي بلو بلك"
SMER000200002.jpg,SMER000200002,"سكيتشر GO WALK MAX WALKER -
Augustus وايت بلك"
SMER000200003.jpg,SMER000200003,"سكيتشر GO WALK MAX WALKER -
Augustus وايت بلو"
SMER000200004.jpg,SMER000200004,"سكيتشر GO WALK MAX WALKER -
Augustus بلك مالتي كل"
SMER000200005.jpg,SMER000200005,"سكيتشر GO WALK MAX WALKER -
Augustus تريبل وايت"
SMFA000100001.jpg,SMFA000100001,fashinable skate grey black white design notable air cushion sole
SMFA000100002.jpg,SMFA000100002,"fashinable skate black gray scheme a
prominent air cushion sole"
SMFA000100003.jpg,SMFA000100003,"fashinable skate black grey green air
bubble sole"
SMFA000100004.jpg,SMFA000100004,"fashinable skate white gray black air
bubble white outsole"
SMFA000100005.jpg,SMFA000100005,fashinable skate triple white air bubble
SMFA000100006.jpg,SMFA000100006,"fashinable skate shock-absorbing sole
black gray"
SMFD000100001.jpg,SMFD000100001,Fendi Match BLUE WHITE JEANS
SMFD000100002.jpg,SMFD000100002,Fendi Match White Black brown
SMFD000200001.jpg,SMFD000200001,Fendi Flow Triple Black
SMFD000200002.jpg,SMFD000200002,Fendi Flow Black WHITE LINE
SMFD000200003.jpg,SMFD000200003,Fendi Flow Black LIGHT BROWN
SMFD000200004.jpg,SMFD000200004,"فيندي Fendi Flow Sneakers White
leather low-tops"
SMFD000200005.jpg,SMFD000200005,"فيندي Fendi Flow Sneakers Black
leather low-tops"
SMFD000200006.jpg,SMFD000200006,"فيندي Fendi Flow Sneakers Jacquard
Denim low-tops"
SMFD000200007.jpg,SMFD000200007,"فيندي Fendi Flow Sneakers BLACK
YELLOW leather low"
SMFD000200008.jpg,SMFD000200008,"FENDI Flow Black Monogram Dark
Brown/Bronze"
SMFD000200009.jpg,SMFD000200009,"Fendi Flow white Monogram black
grey yellow accents"
SMFD000200010.jpg,SMFD000200010,"Fendi Flow beige leather and brown
Fffabric"
SMFD000200011.jpg,SMFD000200011,Fendi Flow white blue gray details
SMFD000200012.jpg,SMFD000200012,Fendi Flow black multi-color accents
SMFD000200013.jpg,SMFD000200013,"Fendi Flow White/Off-White Black
accents"
SMFD000200014.jpg,SMFD000200014,"Fendi Flow black grey leopard print
detail"
SMFD000200015.jpg,SMFD000200015,"Fendi Flow black yellow brown FF
pattern"
SMFD000300001.jpg,SMFD000300001,Fendi Flow FD Black
SMFD000300002.jpg,SMFD000300002,Fendi Flow FD White
SMFD000300003.jpg,SMFD000300003,Fendi Flow FD White GRAY
SMFD000300004.jpg,SMFD000300004,Fendi Flow FD BLACK
SMFD000400001.jpg,SMFD000400001,فيندي Ff Leather Loafers بلك
SMFD000500001.jpg,SMFD000500001,"Fendi  Logo Strap Saks White BLACK
Logo"
SMFD000500002.jpg,SMFD000500002,"Fendi  Logo Strap Saks White Brown
Logo"
SMFD000600001.jpg,SMFD000600001,"FENDI Force white brown beige FF
jacquard details"
SMFD000700001.jpg,SMFD000700001,Fendi Force Derby black
SMFO000100001.jpg,SMFO000100001,بلك sneakers فيراغامو
SMFO000100002.jpg,SMFO000100002,فيراغامو sneakers  Blue Amiri LV
SMFO000100003.jpg,SMFO000100003,فيراغامو sneakers Optic white/Grey
SMFO000200001.jpg,SMFO000200001,"Ferragamo Horsebit Leather Loafer
BLACK"
SMFO000200002.jpg,SMFO000200002,Ferragamo Loafer black Buckle
SMFO000200003.jpg,SMFO000200003,"Ferragamo Loafer Gancini bit be
antique silver tone"
SMFO000200004.jpg,SMFO000200004,"Ferragamo Loafer black polished
leather penny"
SMFO000200005.jpg,SMFO000200005,Ferragamo loafer black Gancini detail
SMFO000200006.jpg,SMFO000200006,Ferragamo loafers brown gold logo
SMFO000200007.jpg,SMFO000200007,Ferragamo loafers black buckle patent leather silver-tone logo SHINY
SMFO000200008.jpg,SMFO000200008,Ferragamo loafers brown silver logo
SMFO000200009.jpg,SMFO000200009,"Ferragamo loafers black patent black
logo"
SMFO000200010.jpg,SMFO000200010,"Ferragamo loafer penny-slot leather
loafer triple black"
SMFO000200011.jpg,SMFO000200011,"Ferragamo loafers black buckle patent
leather silver-tone logo"
SMFO000300001.jpg,SMFO000300001,Ferragamo low top black white
SMGG000300002.jpg,SMGG000300002,جولدن جوس سوبر ستار جليتر هاند رايتن ليترينج
SMGG000300005.jpg,SMGG000300005,جولدن جوس سوبر ستار ليت جليتر لزار سويد
SMGG000300011.jpg,SMGG000300011,"جولدن جوس سوبر ستار silver glitter with
ice-gray s"
SMGG000300012.jpg,SMGG000300012,"جولدن جوس سوبر ستار Emerald Green
Glitter"
SMGG000300013.jpg,SMGG000300013,"جولدن جوس سوبر ستار Rose Gold Glitter
and Leather"
SMGG000300014.jpg,SMGG000300014,وايت SILVER Glitter جولدن جوس سوبر ستار
SMGG000300015.jpg,SMGG000300015,"MULTI COLOR جولدن جوس سوبر ستار
وايت Glitter"
SMGG000300016.jpg,SMGG000300016,جولدن جوس سوبر ستار جرافيتي لوجو وايت
SMGG000300019.jpg,SMGG000300019,وايت بينك  Glitter جولدن جوس سوبر ستار سيلفر تايل
SMGG000300021.jpg,SMGG000300021,"جولدن جوس سوبر ستار Silver Glitter With
Black Sued"
SMGG000300023.jpg,SMGG000300023,white STAR navy جولدن جوس سوبر ستار
SMGG000300024.jpg,SMGG000300024,"جولدن جوس سوبر ستار  white red grey calf
leather"
SMGG000300026.jpg,SMGG000300026,brown camo print جولدن جوس سوبر ستار
SMGG000300027.jpg,SMGG000300027,جولدن جوس سوبر ستار سيلفر ايس
SMGG000300028.jpg,SMGG000300028,جولدن جوس سوبر ستار ميتاليك سيلفر تايل بينك
SMGG000300031.jpg,SMGG000300031,"جولدن جوس سوبر ستار LOVE WITHOUT
LIMITS PINK"
SMGG000300032.jpg,SMGG000300032,"WHITE STAR جولدن جوس سوبر ستار
BLACK"
SMGG000300033.jpg,SMGG000300033,جولدن جوز سوبر ستار ليزر سيلفر بلك
SMGG000300034.jpg,SMGG000300034,TIGER Black star جولدن جوس سوبر ستار
SMGG000300035.jpg,SMGG000300035,Multicolour جولدن جوس سوبر ستار
SMGG000300036.jpg,SMGG000300036,Leopard  جولدن جوس سوبر ستار
SMGG000300037.jpg,SMGG000300037,Mlikyجولدن جوس سوبر ستار  تايجر
SMGG000300038.jpg,SMGG000300038,Leopard silver جولدن جوس سوبر ستار
SMGG000300042.jpg,SMGG000300042,جولدن جوس سوبر ستار White Silver Glitter
SMGG000300046.jpg,SMGG000300046,"جولدن جوس سوبر ستار
EmbroideredLeatherWhiteGlitter"
SMGG000300048.jpg,SMGG000300048,"جولدن جوس سوبر ستار White Leather
Retro Comfortabl"
SMGG000300049.jpg,SMGG000300049,"جولدن جوس سوبر ستار Silver Snake
Embossed Leather"
SMGG000300050.jpg,SMGG000300050,"جولدن جوس سوبر ستار Metallic Heel Tab in
Leather"
SMGG000300051.jpg,SMGG000300051,"جولدن جوس سوبر ستار Classic White
Purple Black Ice"
SMGG000300052.jpg,SMGG000300052,"جولدن جوس سوبر ستارLightweight
Non-slipLeatherFlat"
SMGG000300053.jpg,SMGG000300053,"جولدن جوس سوبر ستار
OldSchoolwithgoldlaminatedltr"
SMGG000300054.jpg,SMGG000300054,"جولدن جوس سوبر ستار
LeatherGlitterInserts In White"
SMGG000300055.jpg,SMGG000300055,جولدن جوس سوبر ستار Black White Glitter
SMGG000300056.jpg,SMGG000300056,"جولدن جوس سوبر ستار Silver with Leopard
Print Lace"
SMGG000300058.jpg,SMGG000300058,"جولدن جوس سوبر ستار glitter tongue
leopard pony sk"
SMGG000300059.jpg,SMGG000300059,"جولدن جوس سوبر ستار Ice White Brown
Leo Fuchs"
SMGG000300060.jpg,SMGG000300060,"جولدن جوس سوبر ستار Black glitter suede
sneakers"
SMGG000300061.jpg,SMGG000300061,"جولدن جوس سوبر ستار White Leather
Swarovski CrystL"
SMGG000300062.jpg,SMGG000300062,"جولدن جوس سوبر ستار in leather White
with mesh"
SMGG000300063.jpg,SMGG000300063,جولدن جوس سوبر ستار with black
SMGG000300064.jpg,SMGG000300064,"perforated ice-gray heel tab  جولدن جوس
سوبر ستار"
SMGG000300065.jpg,SMGG000300065,Golden Goose Super-Star LTD in military-green suede with screen-printed star
SMGG000300066.jpg,SMGG000300066,"GOLDEN GOOSE SuperStar white
navy blue and grey"
SMGG000300067.jpg,SMGG000300067,"GOLDEN GOOSE SuperStar white
grey star black heel tab"
SMGG000300068.jpg,SMGG000300068,Golden Goose Super-Star off-white gold glitter star silver heal tab
SMGG000300069.jpg,SMGG000300069,"Golden Goose Super-Star white gold
glitter star silver black tab"
SMGG000300070.jpg,SMGG000300070,Golden Goose Super-Star leopard print metallic star pink heel tab
SMGG000300071.jpg,SMGG000300071,Golden Goose Super-Star white light blue heel tab grey suede star
SMGG000300072.jpg,SMGG000300072,"Golden Goose Super-Star white gold
glitter star blue heel tab"
SMGG000300073.jpg,SMGG000300073,"Golden Goose Super-Star white navy
blue star red heel tab"
SMGG000300074.jpg,SMGG000300074,"Golden Goose Super-Star black white
star&heel tab"
SMGG000300075.jpg,SMGG000300075,"Golden Goose Super-Star white red
star black heel tab"
SMGG000300076.jpg,SMGG000300076,"Golden Goose Super-Star white gray
star silver-tone heel tab"
SMGG000300077.jpg,SMGG000300077,"Golden Goose Super-Star white blue
suede star gray heel tab"
SMGG000300078.jpg,SMGG000300078,"Golden Goose Super-Star white blue
heel tab red stripe sole"
SMGG000300079.jpg,SMGG000300079,"Golden Goose Superstar white silver
glitter star&heel tab"
SMGG000300080.jpg,SMGG000300080,"Golden Goose Super-Star white South
Beach gray accents"
SMGG000300081.jpg,SMGG000300081,Golden Goose Superstar white silver glitter star&heel tab signature side
SMGG000300082.jpg,SMGG000300082,"Golden Goose SuperStar white gray
star&heel tab&laces"
SMGG000300083.jpg,SMGG000300083,Golden Goose SuperStar white silver glitter star black glitter heel tab
SMGG000300084.jpg,SMGG000300084,Golden Goose SuperStar lilac silver metallic star burgundy heel tab
SMGG000300085.jpg,SMGG000300085,"Golden Goose SuperStar black gold metallic star black glitter heel tab heel
tab"
SMGG000300086.jpg,SMGG000300086,"Golden Goose SuperStar off-white
gray star brown"
SMGG000300087.jpg,SMGG000300087,"Golden Goose SuperStar white red
star grey heel tab"
SMGG000300088.jpg,SMGG000300088,"Golden Goose Super-Star burgundy
glitter star silver heel tab"
SMGG000300089.jpg,SMGG000300089,"Golden Goose Super-Star Black
star&heel tab"
SMGG000300090.jpg,SMGG000300090,Golden Goose Super-Star grey suede star blue heel tab greyish finish Sole
SMGG000300091.jpg,SMGG000300091,Golden Goose Super-Star white grey star gold signature star patch
SMGG000300092.jpg,SMGG000300092,"GOLDEN GOOSE SuperStar white
grey star black heel tab"
SMGG000300093.jpg,SMGG000300093,"Golden Goose SuperStar White Silver
glitter star&heel tab"
SMGG000300095.jpg,SMGG000300095,"Golden Goose Super-Star White
Black Croc Glitter"
SMGG000300096.jpg,SMGG000300096,"Golden Goose Super-Star White gold
star&heel tab"
SMGG000300097.jpg,SMGG000300097,Golden Goose Super-Star Grey Black Python Sand Platin snake print glitter
SMGG000300098.jpg,SMGG000300098,Golden Goose Super-Star White Zebra Print star Silver heel tab
SMGG000300099.jpg,SMGG000300099,"Golden Goose Super-Star burgundy
glitter black white"
SMGG000300100.jpg,SMGG000300100,"Golden Goose Super-Star White
Silver Ice Blue"
SMGG000300101.jpg,SMGG000300101,Golden Goose Super-Star leopard metallic pink star print Purple heel tab
SMGG000300102.jpg,SMGG000300102,Golden Goose Super-Star white burgundy glitter star silver heel tab
SMGG000300103.jpg,SMGG000300103,"Golden Goose Super-Star black white
sole"
SMGG000300104.jpg,SMGG000300104,"Golden Goose Super-Star silver glitter
white star"
SMGG000300105.jpg,SMGG000300105,"Golden Goose Super-Star grey suede
star metallic heel tab"
SMGG000300106.jpg,SMGG000300106,GOLDEN GOOSE SuperStar white grey star light black heel tab
SMGG000300107.jpg,SMGG000300107,GOLDEN GOOSE SuperStar white navy blue grey blue signature
SMGG000300108.jpg,SMGG000300108,"Golden Goose Super-Star White Ice
Grey"
SMGG000300109.jpg,SMGG000300109,Golden Goose Super-Star white seliverglitter star gold metallic heel tab
SMGG000300110.jpg,SMGG000300110,Golden Goose Super-Star white glittery gold star pink glitter heel tab
SMGG000300111.jpg,SMGG000300111,"Golden Goose Super-Star white silver glitter pink star black text  text LOVE
NEVER CHANGES"
SMGG000400001.jpg,SMGG000400001,جولدن جوس Based Stardan White
SMGG000400002.jpg,SMGG000400002,"Golden Goose Stardan white\off-white
black star"
SMGG000400003.jpg,SMGG000400003,"Golden Goose Stardan white black
star white heel tab"
SMGG000400004.jpg,SMGG000400004,"Golden Goose Stardan white gray star
black heel tab"
SMGG000400005.jpg,SMGG000400005,Golden Goose Stardan black star White sole distressed effect
SMGG000500001.jpg,SMGG000500001,"GOLDEN GOOSE BallStar white ice
and black grey"
SMGG000500002.jpg,SMGG000500002,Golden Goose Ball Star dark brown silver glitter Star beige sole
SMGG000500003.jpg,SMGG000500003,"Golden Goose Ball Star silver glitter
white ice-gray heel tab"
SMGG000500004.jpg,SMGG000500004,"Golden Goose Ball Star black glitter
white heel tab&5 logo"
SMGG000500005.jpg,SMGG000500005,"Golden Goose Ball Star White Silver
Glitter gray Laces"
SMGG000500006.jpg,SMGG000500006,Golden Goose Ball Star Burgundy Suede Crystal Star Metallic Heel Tab
SMGG000500007.jpg,SMGG000500007,"Golden Goose Ball Star WHITE blue star black heel tab iconic logo
branding"
SMGG000500008.jpg,SMGG000500008,Golden Goose Ball-Star Low White Nappa Black Star heel tab
SMGG000600001.jpg,SMGG000600001,"Golden Goose True Star black  white
brown accents"
SMGG000600002.jpg,SMGG000600002,"Golden Goose True Star brown white
star orange laces"
SMGG000600003.jpg,SMGG000600003,"Golden Goose True Star pastel pink
silver star heel tab"
SMGG000600004.jpg,SMGG000600004,"Golden Goose True Star tobacco-colored white star platinum
heel tab"
SMGG000600005.jpg,SMGG000600005,Golden Goose True Star off-white Gold star Light Brown heel tab
SMGG000600006.jpg,SMGG000600006,Golden Goose True rose gold glitter black star metallic gold-toned heel tab
SMGG000600007.jpg,SMGG000600007,"Golden Goose True Star Silver glitter
black star Silver heel tab"
SMGG000600008.jpg,SMGG000600008,"Golden Goose True Star black red
star Tan Heel tab"
SMGG000600009.jpg,SMGG000600009,"Golden Goose True-Star Black Suede
Swarovski Crystals"
SMGI000300001.jpg,SMGI000300001,"City Sport White With Double Stripe In
Black جيفنش"
SMGI000300002.jpg,SMGI000300002,"City Sport leather sneakers White
Black جيفنشيى"
SMGI000300003.jpg,SMGI000300003,"City Sport leather sneakers Black
White Sool جيفنش"
SMGI000300004.jpg,SMGI000300004,"City Sport leather sneakers TRIPLE
BLACK جيفنشيى"
SMGI000300005.jpg,SMGI000300005,"GIVENCHY City Sport white black
logo-print elastic band"
SMGI000300006.jpg,SMGI000300006,GIVENCHY City Sport white silver-toned metallic elastic strap
SMGI000400001.jpg,SMGI000400001,جيفنشي Terra Boot Ankle Oil Olive
SMGI000400002.jpg,SMGI000400002,جيفنشي Terra Boot Ankle Chamois
SMGI000400003.jpg,SMGI000400003,جيفنشي Terra Boot Ankle Black
SMGI000400004.jpg,SMGI000400004,جيفنشي Terra Boot Ankle CHESTNUT
SMGI000400005.jpg,SMGI000400005,"GIVENCHY Terra Boot Ankle triple
black"
SMGI000500001.jpg,SMGI000500001,جيفنشيى Urban Street logo strap Black
SMGI000600001.jpg,SMGI000600001,"Givenchy Lock Ankle Boot black with
silver 4G clip"
SMGI000700001.jpg,SMGI000700001,Givenchy Padded Nylon triple black
SMGI000700002.jpg,SMGI000700002,Givenchy Padded Nylon triple white
SMGS000100001.jpg,SMGS000100001,"Guess REGGIO accent logo detail
BLACK"
SMGU000100007.jpg,SMGU000100007,Cream جوتشي رايتون براون
SMGU000100009.jpg,SMGU000100009,black Leather Luxury جوتشي رايتون
SMGU000100010.jpg,SMGU000100010,white Leather Luxury جوتشي رايتون
SMGU000100011.jpg,SMGU000100011,BLACK HIGH SOLE جوتشي رايتون
SMGU000100012.jpg,SMGU000100012,BROWN HIGH SOLE جوتشي رايتون
SMGU000100013.jpg,SMGU000100013,Gucci Rython GG Grey Navy
SMGU000100014.jpg,SMGU000100014,"Gucci Rhyton Brick Red  beige ebony
GG Supreme monogram"
SMGU000200001.jpg,SMGU000200001,جوتشي ACE BEE
SMGU000400005.jpg,SMGU000400005,"جوتشي Screener Black, Leather"
SMGU000400006.jpg,SMGU000400006,Gucci Screener tranier Beige/Green
SMGU000400007.jpg,SMGU000400007,Gucci Screener tranier white/Green/brown
SMGU000400008.jpg,SMGU000400008,"Gucci Screener tranier black /black
white sole"
SMGU000400009.jpg,SMGU000400009,"Gucci Screener tranier navy / white
navy sole"
SMGU000400010.jpg,SMGU000400010,Gucci Screener tranier white
SMGU000400011.jpg,SMGU000400011,Gucci Screener tranier white BURGHANDY GREEN
SMGU000400012.jpg,SMGU000400012,"Gucci Screener tranier White / Yellow /
Pink / Sil"
SMGU000400013.jpg,SMGU000400013,"Gucci Screener GG Monogram -
Beige Ebony"
SMGU000400014.jpg,SMGU000400014,"Gucci Screener Black white GG
Monogram"
SMGU000400015.jpg,SMGU000400015,"Gucci Screener brown beige White
Grey heel tab"
SMGU000600001.jpg,SMGU000600001,"جوتشي Tennis 1977 Canvas High Top
Beige GG Print"
SMGU000700001.jpg,SMGU000700001,"Trainer Sock Adidas Black White
Canvas جوتشي"
SMGU000700002.jpg,SMGU000700002,"جوتشي Trainer Sock creamy white
Leather"
SMGU000800001.jpg,SMGU000800001,جوتشي Loafer Black GG logo
SMGU000900001.jpg,SMGU000900001,"جوتشي Re Web Sneaker GG Canvas
White Beige"
SMGU000900002.jpg,SMGU000900002,Gucci Re-Web grey black GG-monogram canvas Off-White
SMGU001000001.jpg,SMGU001000001,Gucci cub3d gray white sole
SMGU001000002.jpg,SMGU001000002,Gucci cub3d black &black white sole
SMGU001100001.jpg,SMGU001100001,"GUCCI low-top Off-white suede GG
canvas"
SMGU001100002.jpg,SMGU001100002,"GUCCI low-top blue suede GG
canvas"
SMGU001200001.jpg,SMGU001200001,"Gucci GG embossed sneaker black
white"
SMGU001200002.jpg,SMGU001200002,"Gucci GG embossed sneaker beige
brown"
SMGU001200003.jpg,SMGU001200003,Gucci GG embossed sneaker navy blue beige paneled design
SMGZ000100001.jpg,SMGZ000100001,جوسيبي زانوتي BLACK Low Top
SMGZ000100002.jpg,SMGZ000100002,جوسيبي زانوتي WHITE GOLD Low Top
SMGZ000100005.jpg,SMGZ000100005,Giuseppe Zanotti low-top Green/Black
SMGZ000200001.jpg,SMGZ000200001,"جوسيبي زانوتي Side Zipped Sneakers
Black White"
SMGZ000300001.jpg,SMGZ000300001,جوسيبي زانوتي Talon white sneakers
SMGZ000300003.jpg,SMGZ000300003,Giuseppe Zanotti Talon sneaker black distinctive eagle-inspired claw sole.
SMGZ000400001.jpg,SMGZ000400001,"Giuseppe Zanotti High top BLACK
GLOD"
SMGZ000400002.jpg,SMGZ000400002,"Giuseppe Zanotti high-top black
Velcro straps"
SMGZ000500001.jpg,SMGZ000500001,Giuseppe Zanotti Gail Cut slip-on white gold-tone hardware
SMGZ000500002.jpg,SMGZ000500002,Giuseppe Zanotti Gail Cut slip-on black gold-tone hardware
SMGZ000600001.jpg,SMGZ000600001,Giuseppe Zanotti Talon high-top Metallic Croc-Embossed gold
SMGZ000600002.jpg,SMGZ000600002,Giuseppe Zanotti Talon high-top black golden hardware tongue&sole
SMGZ000600003.jpg,SMGZ000600003,"Giuseppe Zanotti Talon high-top black
white"
SMGZ000600004.jpg,SMGZ000600004,"Giuseppe Zanotti Talon hi-top black
white text logo"
SMHG000300001.jpg,SMHG000300001,هوجو بوس Saturn BLACK
SMHG000300003.jpg,SMHG000300003,هوجو بوس Saturn BLACK white
SMHG000400001.jpg,SMHG000400001,هوجو بوس KAI Black
SMHG000500004.jpg,SMHG000500004,هوجو بوس  parkour runner وايت بيج
SMHG000500005.jpg,SMHG000500005,هوجو بوس  parkour runner بلك وايت
SMHG000600001.jpg,SMHG000600001,هوجو بوس leather Trainer بلك
SMHG000800001.jpg,SMHG000800001,هوجو بوس SNEAKERS ICELIN بلك
SMHG000900002.jpg,SMHG000900002,هوجو بوس Leather Upper Shine Black
SMHG001000001.jpg,SMHG001000001,هوجو بوس LEON RUNN White
SMHG001000002.jpg,SMHG001000002,هوجو بوس LEON RUNN Black
SMHG001100001.jpg,SMHG001100001,هوجو بوس  trainer Black White
SMHG001100002.jpg,SMHG001100002,هوجو بوس trainer Navy White
SMHG001100003.jpg,SMHG001100003,هوجو بوس trainer White Black
SMHG001100004.jpg,SMHG001100004,هوجو بوس trainer Black belt RubberSole
SMHG001100005.jpg,SMHG001100005,هوجو بوس trainer Navy belt RubberSole
SMHG001100006.jpg,SMHG001100006,HUGO BOSS Trainer black white skin
SMHG001100007.jpg,SMHG001100007,هوجو بوس  trainerSneakers Blue White
SMHG001100008.jpg,SMHG001100008,"هوجو بوس  trainerSneakers TRIBLE
Black"
SMHG001100009.jpg,SMHG001100009,HUGO BOSS Trainer navy white sole
SMHG001100010.jpg,SMHG001100010,"HUGO BOSS Trainer havan white
sole"
SMHG001200001.jpg,SMHG001200001,"هوجو بوس Ttnm Evo Runn sneakers
White"
SMHG001200002.jpg,SMHG001200002,"هوجو بوس Ttnm Evo Runn sneakers
Black"
SMHG001400001.jpg,SMHG001400001,"هوجو بوس  Leon_Runn Sneakers
TRIBLE Black"
SMHG001400002.jpg,SMHG001400002,"هوجو بوس  Leon_Runn Sneakers Light
Grey black"
SMHG001400003.jpg,SMHG001400003,"HUGO BOSS Leon_Runn Sneakers
BLACK"
SMHG001400004.jpg,SMHG001400004,"HUGO BOSS Leon_Runn Sneakers
triple white"
SMHG001500001.jpg,SMHG001500001,"هوجو بوس  Chunky Sneakers TRIBLE
Black"
SMHG001600001.jpg,SMHG001600001,هوجو بوس jonah runn KNS White Beige
SMHG001600002.jpg,SMHG001600002,"هوجو بوس  jonah runn KNS Black
Currant"
SMHG001700001.jpg,SMHG001700001,هوجو بوس Jace  Multicolor
SMHG001800001.jpg,SMHG001800001,"HUGO BOSS logo-plaque leather
triple black"
SMHG001800002.jpg,SMHG001800002,"HUGO BOSS logo-plaque leather
white"
SMHG001800003.jpg,SMHG001800003,"HUGO BOSS logo-plaque leather
browen white sole"
SMHM000200001.jpg,SMHM000200001,هيرميس Bouncing بلك
SMHM000200002.jpg,SMHM000200002,وايت Bouncing هيرميس
SMHM000200003.jpg,SMHM000200003,"Hermes Bouncing white ribbed detail
serrated outsole"
SMHM000200004.jpg,SMHM000200004,"Hermes Bouncing black ribbed detail
serrated outsole"
SMHM000200005.jpg,SMHM000200005,"Hermes Hermes Bouncing white black
outsole"
SMHM000200006.jpg,SMHM000200006,"Hermes Hermes Bouncing black white
black outsole"
SMHM000200007.jpg,SMHM000200007,"Hermes Bouncing black calfskin
leather white laces"
SMHM000200008.jpg,SMHM000200008,"Hermes Bouncing black mesh suede
skin"
SMHM000200009.jpg,SMHM000200009,"Hermes Bouncing white with orange
""H"" logo"
SMHM000200010.jpg,SMHM000200010,"Hermes Bouncing black and white
black logo"
SMHM000200011.jpg,SMHM000200011,Hermes Bouncing black white sole&lines black logo
SMHM000200012.jpg,SMHM000200012,Hermes Bouncing navy blue white
SMHM000200013.jpg,SMHM000200013,"Hermès Bouncing blue orange trim
white sole"
SMHM000200014.jpg,SMHM000200014,"Hermès Bouncing black white Black H
logo white accents sole"
SMHM000200015.jpg,SMHM000200015,Hermès Bouncing black white H logo
SMHM000200016.jpg,SMHM000200016,"Hermès Bouncing brown dark brown
H logo white sole"
SMHM000200017.jpg,SMHM000200017,"Hermès Bouncing brown dark brown
H logo white midsole"
SMHM000200018.jpg,SMHM000200018,Hermès Bouncing triple black technical mesh&suede Ribbed sole
SMHM000200019.jpg,SMHM000200019,Hermès Bouncing white technical mesh&suede Ribbed sole orange logo
SMHM000200020.jpg,SMHM000200020,"Hermès Bouncing Vert Toundra Khaki
sole"
SMHM000200021.jpg,SMHM000200021,"Hermès Bouncing navy blue orange
""H"" logo white"
SMHM000200022.jpg,SMHM000200022,"Hermès Bouncing Charcoal navy
black white"
SMHM000200023.jpg,SMHM000200023,Hermès Bouncing Blue/White Denim white assents orange logo
SMHM000200024.jpg,SMHM000200024,"Hermès Bouncing Light cloud-grey
white"
SMHM000200025.jpg,SMHM000200025,"Hermès Bouncing navy blue white
navy H pattern logo"
SMHM000200026.jpg,SMHM000200026,Hermes Bouncing Sneaker Light Beige White Black logo
SMHM000200027.jpg,SMHM000200027,"Hermes Bouncing Denim blue orange
logo"
SMHM000300001.jpg,SMHM000300001,هيرميس Ankle Boots Black Logo
SMHM000300002.jpg,SMHM000300002,هيرميس Ankle Boots Black Chamois
SMHM000300003.jpg,SMHM000300003,هيرميس Ankle Boots Brawon Logo
SMHM000400001.jpg,SMHM000400001,هيرميس Tenis Just multicolore noir
SMHM000400002.jpg,SMHM000400002,هيرميس Tenis Just brun fume
SMHM000400003.jpg,SMHM000400003,هيرميس Tenis Just Grey
SMHM000400004.jpg,SMHM000400004,هيرميس Tenis Just BLACK WHITE
SMHM000400005.jpg,SMHM000400005,Hermes Tenis Just Black Orange
SMHM000500001.jpg,SMHM000500001,"HERMES KETUNI Selective Black
White"
SMHM000600001.jpg,SMHM000600001,HERMES Jumpy sneaker  OLIV GREEN WHITE SOLE
SMHM000600002.jpg,SMHM000600002,"Hermes Jumpy sneaker black white
MONGRAM"
SMHM000600003.jpg,SMHM000600003,"Hermes Jumpy sneaker black white
SOLE"
SMHM000600004.jpg,SMHM000600004,Hermes Jumpy sneaker white
SMHM000700001.jpg,SMHM000700001,"HERMES Kuma Low-Top Multicolor
BLACK GRAY WHITE"
SMHM000800001.jpg,SMHM000800001,Hermes Loop Sneaker triple black
SMHM000800002.jpg,SMHM000800002,"Hermes Loop Sneaker white black
accents"
SMHM000800003.jpg,SMHM000800003,"Hermes Loop Sneaker black white
calfskin and suede"
SMHM000900001.jpg,SMHM000900001,"Hermes Kid sneaker black white laces
browm outsole"
SMHM000900002.jpg,SMHM000900002,"Hermes Kid sneaker white laces black
outsole"
SMHM001000001.jpg,SMHM001000001,"Hermes Day sneaker black knit white
sole black H buckle"
SMHM001000002.jpg,SMHM001000002,"Hermes Day sneaker white black
strap black H buckle"
SMHM001000003.jpg,SMHM001000003,Hermes Day sneaker brown white signature double buckle design detail
SMHM001100001.jpg,SMHM001100001,Hermès loafers black silver H buckle
SMHM001100002.jpg,SMHM001100002,Hermès loafers black black H buckle
SMHM001100003.jpg,SMHM001100003,"Hermès loafers black silver H buckle
shiny"
SMHM001200001.jpg,SMHM001200001,"Hermes Giga Sneaker white Orange
accents"
SMHM001200002.jpg,SMHM001200002,"Hermes Giga Sneaker black Orange
sole"
SMHM001200003.jpg,SMHM001200003,"Hermes Giga Sneaker black white
Orange sole"
SMHM001400001.jpg,SMHM001400001,"Hermes Katana white knit black
Accents&out sole"
SMHM001400002.jpg,SMHM001400002,Hermes Katana black knit white
SMHM001500001.jpg,SMHM001500001,Hermes Espana white beige light grey
SMHM001600001.jpg,SMHM001600001,"Hermès suede loafers dark brown
white rubber sole"
SMHM001600002.jpg,SMHM001600002,"Hermès suede loafers dark blue white
rubber sole"
SMHO000100002.jpg,SMHO000100002,Hoka One One Clifton 9 Peach Whip
SMHO000300002.jpg,SMHO000300002,Hoka Clifton 8 Lilac Marble Elderberry
SMHO000400001.jpg,SMHO000400001,"هوكا ONE ONE STINSON ATR 6
Nimbus Cloud"
SMHO000400002.jpg,SMHO000400002,"هوكا ONE ONE STINSON ATR 6 Black
White"
SMHO000400003.jpg,SMHO000400003,"هوكا ONE ONE STINSON ATR 6
CastlerockCantaloupe"
SMHO000400004.jpg,SMHO000400004,"هوكا ONE ONE STINSON ATR 6 Blue
Purple Comfort"
SMHO000500001.jpg,SMHO000500001,"هوكا Anacapa 2 Low GTX brown dark
green"
SMHO000600001.jpg,SMHO000600001,"Anacapa Breeze Low Baked Clay
Shortbread هوكا"
SMHO000700001.jpg,SMHO000700001,"هوكا Kaha Low GTX  Charcoal Grey
Green Sheen"
SMHO000700002.jpg,SMHO000700002,"Kaha Low GTX Black Charcoal Grey
هوكا"
SMHO000700003.jpg,SMHO000700003,Kaha Low GTX Bodega هوكا
SMHO000700004.jpg,SMHO000700004,Kaha Low GTX Fennel Eggnog هوكا
SMHO000800001.jpg,SMHO000800001,"SKYLINE FLOAT X Shifting Sands
Eggnog هوكا"
SMHO000800002.jpg,SMHO000800002,"SKYLINE FLOAT X TRIPLE WHITE
هوكا"
SMHO000800003.jpg,SMHO000800003,SKYLINE FLOAT X Hiking Black هوكا
SMHO000900001.jpg,SMHO000900001,"CIELO X1 Orange Cerise/Solar Flare
هوكا"
SMHO000900002.jpg,SMHO000900002,"CIELO X1 ROAD RACING BLACK
GREY هوكا"
SMHO001000001.jpg,SMHO001000001,هوكا Tor Summit Hidden Characters
SMHO001000002.jpg,SMHO001000002,"Tor Summit OAT MILK OXFORD TAN
هوكا"
SMHO001000003.jpg,SMHO001000003,هوكا Tor Summit Seed Green Eggnog
SMHO001000004.jpg,SMHO001000004,Tor Summit Outer Orbit Black هوكا
SMHO001000005.jpg,SMHO001000005,هوكا Tor Summit 2 Black
SMHO001100001.jpg,SMHO001100001,"هوكا One One Mafate Speed 2 Moncler
White"
SMHO001200001.jpg,SMHO001200001,"هوكا One One Transport Avacado
Harbor Mist"
SMHO001200002.jpg,SMHO001200002,هوكا One One Transport Black White
SMHO001200003.jpg,SMHO001200003,هوكا One One Transport Dune Eggnog
SMHO001200004.jpg,SMHO001200004,هوكا One One Transport White Gum
SMHO001200005.jpg,SMHO001200005,هوكا One One Transport Black Black
SMHO001200006.jpg,SMHO001200006,"Hoka One One Transport Cosmic
Pearl/Oat Milk/Pink"
SMHO001200007.jpg,SMHO001200007,"Hoka One One Transport Smoky
Quartz / Oat Milk"
SMHO001300001.jpg,SMHO001300001,هوكا One One Restore TC Black
SMHO001300002.jpg,SMHO001300002,"هوكا One One Restore TC dark gray
Oxford Tan"
SMHO001300003.jpg,SMHO001300003,هوكا One One Restore TC gray Tan
SMHO001400001.jpg,SMHO001400001,هوكا one one Cielo X1 2.0  black white
SMHO001400002.jpg,SMHO001400002,"هوكا one one Cielo X1 2.0 TRIBLE
black"
SMHO001400003.jpg,SMHO001400003,هوكا one one Cielo X1 2.0  Frost Black
SMHO001500001.jpg,SMHO001500001,هوكا Stinson 7 Black/Outer Orbit
SMHO001500002.jpg,SMHO001500002,هوكا Stinson 7  Forest  DARK GRAY
SMHO001500003.jpg,SMHO001500003,"هوكا Stinson 7  Olive Haze Forest
Cover"
SMHO001500004.jpg,SMHO001500004,"هوكا Stinson 7  grey skies / pale
tangerine"
SMKL000100001.jpg,SMKL000100001,"Karl Lagerfeld Kapri Nft Lo White heel
Black"
SMKL000100002.jpg,SMKL000100002,"Karl Lagerfeld Kapri Nft Lo White
Black"
SMKL000100003.jpg,SMKL000100003,"Karl Lagerfeld Kapri Nft Lo trible
BlackNoir"
SMKL000100004.jpg,SMKL000100004,"Karl Lagerfeld Kapri Nft  Black leather
logo white"
SMKL000200001.jpg,SMKL000200001,"Karl Lagerfeld Kapri Maison Karl Lace
white silver-tone accents"
SMKL000300001.jpg,SMKL000300001,"Karl Lagerfeld Kapri Signia black
glitter heel white sole"
SMLC000300001.jpg,SMLC000300001,Lacoste Partner 70s White beige
SMLC000300002.jpg,SMLC000300002,Lacoste Partner 70s off white
SMLC000300003.jpg,SMLC000300003,Lacoste Partner 70s  Black
SMLC000400001.jpg,SMLC000400001,Lacoste Elite active blackwhite gris
SMLC000400002.jpg,SMLC000400002,Lacoste Elite active Off Wht Nvy
SMLC000400003.jpg,SMLC000400003,Lacoste Elite active Vert KHAKI
SMLC000400004.jpg,SMLC000400004,Lacoste Elite active blck Wht Nvy
SMLC000400005.jpg,SMLC000400005,Lacoste Elite active White Green
SMLC000500001.jpg,SMLC000500001,Lacoste Powercourt White Leather
SMLC000500002.jpg,SMLC000500002,Lacoste/Tommy MIX colors
SMLC000600001.jpg,SMLC000600001,Lacoste L003 Neo Shot Off White
SMLC000600002.jpg,SMLC000600002,"Lacoste L003 Neo Shot black gum
outsole"
SMLC000600003.jpg,SMLC000600003,Lacoste L003 Neo Shot white
SMLC000600004.jpg,SMLC000600004,"Lacoste L003 Neo Shot SMA Light
Grey"
SMLC000700001.jpg,SMLC000700001,"Lacoste Club-Low brown red white
midsole"
SMLC000700002.jpg,SMLC000700002,Lacoste Club-Low White / Dark Green
SMLC000700003.jpg,SMLC000700003,Lacoste Club-Low TRIPLE BLACK
SMLN000100001.jpg,SMLN000100001,وايت بيج بلك Curb Sneaker لنفين
SMLN000100002.jpg,SMLN000100002,لنفين Curb Sneaker Orange
SMLN000100003.jpg,SMLN000100003,لنفين Curb Sneaker White Fluo Green
SMLN000100004.jpg,SMLN000100004,لنفين Curb Sneaker Blue Black
SMLN000100005.jpg,SMLN000100005,لنفين Curb Sneaker Gray
SMLN000100006.jpg,SMLN000100006,لنفين Curb Sneaker Pink
SMLN000100007.jpg,SMLN000100007,لنفين Curb Sneaker Black
SMLN000100008.jpg,SMLN000100008,Lanvin وايت بلك جراى
SMLN000100010.jpg,SMLN000100010,"Lanvin Curb Sneaker Brown fish
scales"
SMLN000100011.jpg,SMLN000100011,Lanvin Curb Sneaker Green  وايت يلو
SMLN000100012.jpg,SMLN000100012,Lanvin Curb Sneaker  بلو وايت بلك
SMLN000100013.jpg,SMLN000100013,Lanvin Curb Sneaker WHITE
SMLN000100014.jpg,SMLN000100014,Lanvin Curb Sneaker beige Creamy
SMLN000100015.jpg,SMLN000100015,Lanvin Curb Sneaker Blue JEANS
SMLN000100016.jpg,SMLN000100016,Lanvin Curb Sneaker beige Black
SMLN000100017.jpg,SMLN000100017,White BlueGrey Curb Sneaker لنفين
SMLN000100018.jpg,SMLN000100018,"Black with Thick Sole Curb Sneaker
لنفين"
SMLN000100019.jpg,SMLN000100019,White Black Gum Curb Sneakerr لنفين
SMLN000100020.jpg,SMLN000100020,White Ivory  Curb Sneakerr لنفين
SMLN000100021.jpg,SMLN000100021,"White Leather Grey Curb Sneakerr
لنفين"
SMLN000100023.jpg,SMLN000100023,Red White Curb Sneakerr لنفين
SMLN000100024.jpg,SMLN000100024,White Light Blue Curb Sneakerr لنفين
SMLN000100025.jpg,SMLN000100025,"Burgundy BlueWhite Curb Sneakerr
لنفين"
SMLN000100026.jpg,SMLN000100026,"greyaquablue calfsd Curb Sneakerr
لنفين"
SMLN000100028.jpg,SMLN000100028,Vintage White Curb Sneaker لنفين
SMLN000100029.jpg,SMLN000100029,"Snake Laces, Shark Grey Curb
Sneaker لنفين"
SMLN000100030.jpg,SMLN000100030,"Speckled Effect DARK Lit Grey Curb
Sneaker لنفين"
SMLN000100031.jpg,SMLN000100031,"لنفين Snake Laces White Grey Curb
Sneaker"
SMLN000100032.jpg,SMLN000100032,"Gray Black WHITE/ANTH Curb
Sneaker لنفين"
SMLN000100033.jpg,SMLN000100033,Black Purple. Curb Sneaker لنفين
SMLN000100034.jpg,SMLN000100034,White Gre. Curb Sneaker لنفين
SMLN000100035.jpg,SMLN000100035,Cream bieg Curb Sneakerr لنفين
SMLP000100001.jpg,SMLP000100001,"LORO PIANA Charms Walk
SANDSTONE"
SMLP000100002.jpg,SMLP000100002,LORO PIANA Charms Walk Brown
SMLP000100003.jpg,SMLP000100003,LORO PIANA Charms Walk Light Blue
SMLP000100004.jpg,SMLP000100004,"LORO PIANA Charms Walk navy
white"
SMLP000100005.jpg,SMLP000100005,LORO PIANA Charms Walk black
SMLP000100006.jpg,SMLP000100006,Loro piana Charms Walk LIGHT gray
SMLP000100007.jpg,SMLP000100007,"Loro piana Charms Walk Baobab
Green"
SMLP000100008.jpg,SMLP000100008,Loro piana Charms Walk Caramel
SMLP000100009.jpg,SMLP000100009,Loro piana Charms Walk sky blue
SMLP000100010.jpg,SMLP000100010,Loro piana Charms Walk Pink Sand
SMLP000100011.jpg,SMLP000100011,"LORO PIANA Charms Walk Green
Lagoon Ghw"
SMLP000100012.jpg,SMLP000100012,LORO PIANA Charms Walk dark gray
SMLP000100013.jpg,SMLP000100013,LORO PIANA Charms Walk yellow
SMLP000100014.jpg,SMLP000100014,"Loro piana Charms Walk Beige
Suede"
SMLP000100015.jpg,SMLP000100015,Loro Piana Charms Walk burgundy
SMLP000200001.jpg,SMLP000200001,"LORO PIANA Summer Walk
Chocolate"
SMLP000200002.jpg,SMLP000200002,"LORO PIANA Summer Walk
ShamrocK"
SMLP000200003.jpg,SMLP000200003,LORO PIANA Summer Walk White
SMLP000200004.jpg,SMLP000200004,"LORO PIANA Summer Walk dark
gray"
SMLP000200005.jpg,SMLP000200005,"LORO PIANA Summer Walk Murano
Green"
SMLP000200006.jpg,SMLP000200006,LORO PIANA Summer Walk Mimetico
SMLP000200007.jpg,SMLP000200007,"LORO PIANA Summer Walk Light
gray Smoke"
SMLP000200008.jpg,SMLP000200008,"LORO PIANA Summer Walk dark
green"
SMLP000200009.jpg,SMLP000200009,"LORO PIANA Summer Seaside Walk
Espdrlk beige"
SMLP000200010.jpg,SMLP000200010,"LORO PIANA Summer Seaside Walk
Espdrlk Dark Purple"
SMLP000200011.jpg,SMLP000200011,"LORO PIANA Summer Walk black
white"
SMLP000200012.jpg,SMLP000200012,"LORO PIANA Summer Walk navy
blue white"
SMLP000200013.jpg,SMLP000200013,"LORO PIANA Summer Walk beige
white"
SMLP000200014.jpg,SMLP000200014,"Loro Piana Summer Walk Woven
black white"
SMLP000200015.jpg,SMLP000200015,"Loro Piana Summer Walk Woven
brown white"
SMLP000200016.jpg,SMLP000200016,"Loro Piana Summer Walk Woven
navy blue white"
SMLP000200017.jpg,SMLP000200017,"Loro Piana Summer Walk Woven
Beige white"
SMLP000500001.jpg,SMLP000500001,LORO PIANA trainer white
SMLP000500002.jpg,SMLP000500002,LORO PIANA trainer gray
SMLP000500003.jpg,SMLP000500003,LORO PIANA trainer black
SMLP000600001.jpg,SMLP000600001,"Loro Piana Tennis Walk Navy Blue
Gum Sole"
SMLP000600002.jpg,SMLP000600002,"Loro Piana Tennis Walk Off-White
Gum Sole brown heel"
SMLP000600003.jpg,SMLP000600003,"Loro Piana Tennis Walk beige suede
White heel"
SMLP000600004.jpg,SMLP000600004,Loro Piana Tennis Walk Sneaker Suede Calf Split Tundra Green
SMLP000600005.jpg,SMLP000600005,"Loro Piana Tennis Walk black brown
sole heel tab"
SMLP000600006.jpg,SMLP000600006,"Loro Piana Tennis Walk gray white
gum sole"
SMLP000600007.jpg,SMLP000600007,"LORO PIANA Charms Walk Brown
silver-tone buckle strap"
SMLP000700001.jpg,SMLP000700001,"Loro Piana 410 LP Walk black white
beigo"
SMLP000700002.jpg,SMLP000700002,"Loro Piana 410 LP Walk brown beige
white"
SMLP000700003.jpg,SMLP000700003,"Loro Piana 410 LP Walk navy blue
white beigo"
SMLP000700004.jpg,SMLP000700004,"Loro Piana 410 LP Walk beige white
ivory"
SMLP000800001.jpg,SMLP000800001,"Loro Piana modular walk Navy Blue
White Brown Outsole"
SMLP000800002.jpg,SMLP000800002,"Loro Piana modular walk solid Grey
white"
SMLP000800003.jpg,SMLP000800003,Loro Piana modular walk black white
SMLP000800004.jpg,SMLP000800004,"Loro Piana modular walk dark brown
white"
SMLP000800005.jpg,SMLP000800005,"Loro Piana modular walk Black gray
gum sole"
SMLP000800006.jpg,SMLP000800006,"Loro Piana modular walk Dark Grey
white sole gum sole"
SMLP000800007.jpg,SMLP000800007,"Loro Piana modular walk white navy
blue"
SMLP000800008.jpg,SMLP000800008,"Loro Piana modular walk dark navy
blue white"
SMLP000800009.jpg,SMLP000800009,"Loro Piana modular walk black orange-toned accent line along heel
area"
SMLQ000100001.jpg,SMLQ000100001,نيفي وايت ريد LCS لكوك سبورتيف
SMLQ000100002.jpg,SMLQ000100002,بلك وايت LCS لكوك سبورتيف
SMLQ000100003.jpg,SMLQ000100003,نيفي بلو دارك ريد LCS لكوك سبورتيف
SMLQ000100004.jpg,SMLQ000100004,ليت جراي وايت بلك LCS لكوك سبورتيف
SMLQ000100005.jpg,SMLQ000100005,"Le Coq Sportif LCS white gray red and
blue"
SMLQ000100006.jpg,SMLQ000100006,"Le Coq Sportif LCS white and gray
with green accents"
SMLQ000100007.jpg,SMLQ000100007,"Le Coq Sportif LCS white black and
red"
SMLQ000100008.jpg,SMLQ000100008,"Le Coq Sportif LCS black with white
and grey accents"
SMLR000100001.jpg,SMLR000100001,lore rana trainer white
SMLR000100002.jpg,SMLR000100002,lore rana trainer GRAY
SMLR000100003.jpg,SMLR000100003,lore rana trainer BLACK
SMLV000100002.jpg,SMLV000100002,لويس فيتون ارتيشليت سنيكر وايت براون
SMLV000100003.jpg,SMLV000100003,لويس فيتون ارتيشليت بلك براون
SMLV000400006.jpg,SMLV000400006,"Louis Vuitton LV Runner black mesh
and smooth calf leather"
SMLV000400007.jpg,SMLV000400007,Louis Vuitton LV Runner Tatic white blue black grey modest level
SMLV000400008.jpg,SMLV000400008,"Louis Vuitton LV Runner Tatic Triple
Black modest level"
SMLV000400009.jpg,SMLV000400009,"Louis Vuitton LV Runner Tatic Grey
white modest level"
SMLV000400010.jpg,SMLV000400010,"Louis Vuitton LV Runner Tatic black
white modest level"
SMLV000400011.jpg,SMLV000400011,"Louis Vuitton LV Runner brown dark
grey white"
SMLV000500002.jpg,SMLV000500002,Louis Vuitton LV Sneaker Marine
SMLV000500003.jpg,SMLV000500003,"""Louis Vuitton LV Sneaker Denim Noir
"""
SMLV000500004.jpg,SMLV000500004,"Louis Vuitton LV Sneaker Black glow
gre"
SMLV000700004.jpg,SMLV000700004,"لويس فيتون archlight 2.0 platform  وايت
سيلفر"
SMLV000700006.jpg,SMLV000700006,لويس فيتون archlight 2.0 platform بلك
SMLV000700007.jpg,SMLV000700007,"Louis Vuitton Archlight 2.0 Platform
silver white orange"
SMLV000700008.jpg,SMLV000700008,Louis Vuitton Archlight 2.0 Platform silver black white orange
SMLV000900001.jpg,SMLV000900001,"لويس فيتون LV Trainer White Black
Panda"
SMLV000900003.jpg,SMLV000900003,لويس فيتون LV Trainer White Black
SMLV000900005.jpg,SMLV000900005,تريبل وايت LV Trainer لويس فيتون
SMLV000900006.jpg,SMLV000900006,وايت بلو LV Trainer لويس فيتون
SMLV000900007.jpg,SMLV000900007,لويس فيتون LV Trainer BLACK WHITE
SMLV000900008.jpg,SMLV000900008,"لويس فيتون LV Trainer Blue Embossed
Monogram"
SMLV000900009.jpg,SMLV000900009,"لويس فيتون LV Trainer Monogram Plain
Leather"
SMLV000900017.jpg,SMLV000900017,وايت براون LV Trainer لويس فيتون
SMLV000900019.jpg,SMLV000900019,لويس فيتون LV Trainer crocodile
SMLV000900020.jpg,SMLV000900020,لويس فيتون LV Trainer Multicolor
SMLV000900021.jpg,SMLV000900021,"لويس فيتون LV Trainer Monogram Plain
Leather ORG"
SMLV000900022.jpg,SMLV000900022,بلك جراي LV Trainer لويس فيتون
SMLV000900023.jpg,SMLV000900023,"لويس فيتون LV Trainer Damier
2024 Leather"
SMLV000900024.jpg,SMLV000900024,"لويس فيتون LV Trainer 54 Signature
White Gray"
SMLV000900025.jpg,SMLV000900025,وايت بلك جراي LV Trainer لويس فيتون
SMLV000900026.jpg,SMLV000900026,لويس فيتون LV Trainer Mocha
SMLV000900027.jpg,SMLV000900027,"لويس فيتون LV Trainer White Black
Panda Modest lev"
SMLV000900028.jpg,SMLV000900028,"لويس فيتون LV Trainer Modest level  وايت
بلو"
SMLV000900029.jpg,SMLV000900029,"لويس فيتون LV Trainer White Green
Modest level"
SMLV000900030.jpg,SMLV000900030,"لويس فيتون LV Trainer REAL ALIGATOR
SKIN"
SMLV000900031.jpg,SMLV000900031,بلك بربل وايت LV Trainer لويس فيتون
SMLV000900032.jpg,SMLV000900032,لويس فيتون LV Trainer Blue
SMLV000900033.jpg,SMLV000900033,"لويس فيتون LV Trainer CREAM BLACK
AND WHITE"
SMLV000900034.jpg,SMLV000900034,"لويس فيتون LV Trainer Monogram Flower
Beige"
SMLV000900035.jpg,SMLV000900035,"لويس فيتون LV Trainer Black Modest
level"
SMLV000900036.jpg,SMLV000900036,"لويس فيتون LV Trainer تريبل وايت Modest
level"
SMLV000900037.jpg,SMLV000900037,لويس فيتون LV Trainer White Mocha
SMLV000900038.jpg,SMLV000900038,لويس فيتون LV Trainer University Blue
SMLV000900039.jpg,SMLV000900039,"لويس فيتون LV Trainer Sneaker Black
White Sole"
SMLV000900040.jpg,SMLV000900040,لويس فيتون LV Trainer Marron Brown
SMLV000900041.jpg,SMLV000900041,"لويس فيتون LV Trainer Black Damier 3D
Denim"
SMLV000900042.jpg,SMLV000900042,"لويس فيتون LV Trainer Green Damier 3D
Denim"
SMLV000900043.jpg,SMLV000900043,"لويس فيتون LV Trainer Light Blue Damier
3D Denim"
SMLV000900044.jpg,SMLV000900044,"لويس فيتون LV Trainer Patent Leather
Triple Black"
SMLV000900045.jpg,SMLV000900045,"لويس فيتون LV Trainer Blue Damier 3D
Denim"
SMLV000900046.jpg,SMLV000900046,لويس فيتون LV Trainer Black Signature
SMLV000900047.jpg,SMLV000900047,"White and Grey Crocodile-Embossed
Leather لويس فيت"
SMLV000900048.jpg,SMLV000900048,Gris لويس فيتون LV Trainer
SMLV000900049.jpg,SMLV000900049,"White Orange Black لويس فيتون LV
Trainer"
SMLV000900050.jpg,SMLV000900050,Black Monogram لويس فيتون LV Trainer
SMLV000900051.jpg,SMLV000900051,"Louis Vuitton LV Trainer Beige
Damoflage Pixell"
SMLV000900052.jpg,SMLV000900052,"Louis Vuitton LV Trainer Black White
Mgrm"
SMLV000900053.jpg,SMLV000900053,"لويس فيتون LV Trainer Green Monogram
Denim White"
SMLV000900054.jpg,SMLV000900054,"لويس فيتون LV Trainer Pink MODEST
LEVEL"
SMLV000900055.jpg,SMLV000900055,"Louis Vuitton LV Trainer Black /
BROWEN"
SMLV000900056.jpg,SMLV000900056,Louis Vuitton LV Trainer Cognac
SMLV000900057.jpg,SMLV000900057,"Louis Vuitton LV Trainer White
BROWN RED LOGO"
SMLV000900058.jpg,SMLV000900058,"Louis Vuitton LV Trainer Green /
Green"
SMLV000900059.jpg,SMLV000900059,Louis Vuitton LV Trainer Taupe
SMLV000900060.jpg,SMLV000900060,"Louis Vuitton LV Trainer WHITE
GREEN 2025"
SMLV000900061.jpg,SMLV000900061,"Louis Vuitton LV Trainer Denim
Noir2025"
SMLV000900062.jpg,SMLV000900062,"Louis Vuitton LV Trainer WHITE BLUE
2025"
SMLV000900063.jpg,SMLV000900063,"Louis Vuitton LV Trainer CHERRY
Blossom White"
SMLV000900064.jpg,SMLV000900064,لويس فيتون LV Trainer Monogram BLACK Flower GRAY
SMLV000900065.jpg,SMLV000900065,"Louis Vuitton LV TrainerBlue Beige
Damier"
SMLV000900066.jpg,SMLV000900066,"Louis Vuitton LV Trainer golf sneaker
white green"
SMLV000900067.jpg,SMLV000900067,"Louis Vuitton LV Trainer sneaker
monochrome black"
SMLV000900068.jpg,SMLV000900068,"Louis Vuitton LV Trainer white blue
and gold details"
SMLV000900069.jpg,SMLV000900069,"LV Trainer MODEST LEVEl red and
white"
SMLV000900070.jpg,SMLV000900070,Louis Vuitton LV Trainer white Monogram mesh calf leather
SMLV000900071.jpg,SMLV000900071,Louis Vuitton LV Trainer white and grey grained beige accents
SMLV000900072.jpg,SMLV000900072,"Louis Vuitton LV Trainer Off-white light
beige"
SMLV000900073.jpg,SMLV000900073,Louis Vuitton LV Trainer white brown
SMLV000900074.jpg,SMLV000900074,"Louis Vuitton LV Trainer white Mini
Monogram pattern"
SMLV000900075.jpg,SMLV000900075,"Louis Vuitton LV Trainer white black
accents"
SMLV000900076.jpg,SMLV000900076,Louis Vuitton LV Trainer white blue light blue translucent outsole
SMLV000900077.jpg,SMLV000900077,"Louis Vuitton LV Trainer white black
Monogram"
SMLV000900078.jpg,SMLV000900078,"Louis Vuitton LV Trainer white blue
grey"
SMLV000900079.jpg,SMLV000900079,Louis Vuitton LV Trainer white green
SMLV000900080.jpg,SMLV000900080,Louis Vuitton LV Trainer rubber detail
SMLV000900081.jpg,SMLV000900081,"Louis Vuitton LV Trainer black gray
white accents"
SMLV000900082.jpg,SMLV000900082,Louis Vuitton LV Trainer sneaker monochrome black GRAY
SMLV000900083.jpg,SMLV000900083,"Louis Vuitton LV Trainer WHITE small
dog graphic"
SMLV000900084.jpg,SMLV000900084,"Louis Vuitton LV Trainer Black / Grey
LV details"
SMLV000900085.jpg,SMLV000900085,"Louis Vuitton Monogram Embellished Trainer black stud details iconic
contrast LV logos"
SMLV000900086.jpg,SMLV000900086,"Louis Vuitton LV Trainer Vintage
Cognac Brown"
SMLV000900087.jpg,SMLV000900087,"Louis Vuitton LV Trainer Black White
Mini Monogram"
SMLV001000002.jpg,SMLV001000002,لويس فيتون Beverly Hills بلك
SMLV001600001.jpg,SMLV001600001,اوف وايت بيج  Archlight لويس فيتون
SMLV001600002.jpg,SMLV001600002,بلك Archlight لويس فيتون
SMLV001600003.jpg,SMLV001600003,تريبل بلك  Archlight لويس فيتون
SMLV001600005.jpg,SMLV001600005,وايت جولد Archlight لويس فيتون
SMLV001600006.jpg,SMLV001600006,لويس فيتون Archlight monogram ligh
SMLV001600007.jpg,SMLV001600007,وايت بلك Archlight لويس فيتون
SMLV001600008.jpg,SMLV001600008,وايت بلو Archlight لويس فيتون
SMLV001600009.jpg,SMLV001600009,وايت بينك Archlight لويس فيتون
SMLV001600010.jpg,SMLV001600010,لويس فيتون Archlight White Beige
SMLV002000002.jpg,SMLV002000002,"لويس فيتون Tyler The Creator Multi-Color
Monogram"
SMLV002300001.jpg,SMLV002300001,"لويس فيتون LV Skate Sneaker Marine
White"
SMLV002300002.jpg,SMLV002300002,"لويس فيتون LV Skate Sneaker Beige
White"
SMLV002300003.jpg,SMLV002300003,لويس فيتون LV Skate Sneaker Blue
SMLV002300004.jpg,SMLV002300004,لويس فيتون LV Skate Sneaker Red White
SMLV002300005.jpg,SMLV002300005,"لويس فيتون LV Skate Sneaker Grey
White"
SMLV002300006.jpg,SMLV002300006,"لويس فيتون LV Skate Sneaker Green
White"
SMLV002300007.jpg,SMLV002300007,"لويس فيتون LV Skate Sneaker Blue
SMarovski Monogra"
SMLV002300008.jpg,SMLV002300008,"لويس فيتون LV Skate Sneaker Bordeaux
Red"
SMLV002300009.jpg,SMLV002300009,"لويس فيتون LV Skate Sneaker Black
White"
SMLV002300010.jpg,SMLV002300010,لويس فيتون LV Skate Sneaker Grey
SMLV002300011.jpg,SMLV002300011,"لويس فيتون LV Skate Sneaker Denim
Blue"
SMLV002300012.jpg,SMLV002300012,"Louis Vuitton LV Skate Sneaker Triple
Black"
SMLV002300013.jpg,SMLV002300013,"LV Skate Sneaker BLUE WHITE
Modest level"
SmLV002300014.jpg,SmLV002300014,Louis Vuitton Skate white Modest level
SMLV002300015.jpg,SMLV002300015,Louis Vuitton LV Skate white gray
SMLV002300016.jpg,SMLV002300016,"لويس فيتون LV Skate Sneaker Beige
White Modest level"
SMLV002300017.jpg,SMLV002300017,"لويس فيتون LV Skate Sneaker Black
White Modest level"
SMLV002300018.jpg,SMLV002300018,"لويس فيتون LV Skate Sneaker Marine
White Modest level"
SMLV002300019.jpg,SMLV002300019,"LOUIS VUITTON  LV Skate Sneaker
BLUE WHITE"
SMLV002300020.jpg,SMLV002300020,"Louis Vuitton LV Skate black white
star"
SMLV002300022.jpg,SMLV002300022,Louis Vuitton Skate Trainer Black Swarovski Monogran Modest level
SMLV002300023.jpg,SMLV002300023,Louis Vuitton Skate white pink
SMLV002300024.jpg,SMLV002300024,LV Skate Sneaker BLUE WHITE Modest level distinctive bicolor
SMLV002300025.jpg,SMLV002300025,"Louis Vuitton LV Skate Sneaker Triple
Black Modest level strass"
SMLV002300026.jpg,SMLV002300026,لويس فيتون LV Skate Sneaker Beige White Modest level strass
SMLV002300027.jpg,SMLV002300027,STRASSلويس فيتون LV Skate Sneaker Black White Modest level
SMLV002400001.jpg,SMLV002400001,لويس فيتون Loafers LV54 Black
SMLV002400002.jpg,SMLV002400002,"Louis Vuitton  Loafers LV54
EstateNAVY white"
SMLV002400003.jpg,SMLV002400003,"Louis Vuitton Loafers LV54 Estate
Black  Marine"
SMLV002400004.jpg,SMLV002400004,"Louis Vuitton Loafers LV54 Estate
trible Black lit"
SMLV002400005.jpg,SMLV002400005,"Louis Vuitton Loafers LV54
EstateDark Brown"
SMLV002400006.jpg,SMLV002400006,"Louis Vuitton Loafers LV54 Estate
Dark Blue"
SMLV002400007.jpg,SMLV002400007,Louis Vuitton Estate loafers brown suede metal LV white sole
SMLV002400008.jpg,SMLV002400008,"Louis Vuitton Estate loafers Gray
white"
SMLV002500001.jpg,SMLV002500001,Louis Vuitton LV Classic All  Black
SMLV002500002.jpg,SMLV002500002,"Louis Vuitton LV Classic white  gray
blue"
SMLV002500003.jpg,SMLV002500003,"Louis Vuitton LV Classic WHITE
BLACK LOGO"
SMLV002600001.jpg,SMLV002600001,Louis Vuitton Run Away Iridescent Monogram Sneakers Black
SMLV002600002.jpg,SMLV002600002,"Louis Vuitton Run Away black  mesh
and Monogram"
SMLV002600003.jpg,SMLV002600003,"Louis Vuitton Run Away Maxi black
white"
SMLV002700001.jpg,SMLV002700001,"Louis Vuitton BUTTERSOFT triple
black"
SMLV002700002.jpg,SMLV002700002,"Louis Vuitton BUTTERSOFT blue
orange accents"
SMLV002800001.jpg,SMLV002800001,"Louis Vuitton Rivoli sneaker boot Black with Colorful Monogram
Patches"
SMLV002900001.jpg,SMLV002900001,"Louis Vuitton LV Remix Derby black
tan/orange accents"
SMLV002900002.jpg,SMLV002900002,"Louis Vuitton LV Remix Derby beige
brown off-white"
SMLV002900003.jpg,SMLV002900003,Louis Vuitton LV Remix Derby brown
SMLV003000001.jpg,SMLV003000001,"Louis Vuitton LV Sneakerina black
monogram Brown"
SMLV003000002.jpg,SMLV003000002,"Louis Vuitton LV Sneakerina white
brown monogram"
SMLV003000003.jpg,SMLV003000003,"Louis Vuitton LV Sneakerina vibrant pink fuchsia white tonal pink double
laces"
SMLV003000004.jpg,SMLV003000004,Louis Vuitton LV Sneakerina silver metallic WHITE light gray accents
SMLV003000005.jpg,SMLV003000005,"Louis Vuitton LV Sneakerina Hazelnut
Brown Sand white"
SMLV003100001.jpg,SMLV003100001,Louis Vuitton Ballet Flat Natural Raffia
SMMA000100001.jpg,SMMA000100001,"Maison Margiela Replica low-top
BLACK white assents"
SMMA000100002.jpg,SMMA000100002,Maison Margiela Replica low-top BLACK white assents مقاسات خاصة
SMMA000100003.jpg,SMMA000100003,"Maison Margiela Replica low-top triple
black"
SMMA000100004.jpg,SMMA000100004,"Maison Margiela Replica low-top triple
black مقاسات خاصة"
SMMA000100005.jpg,SMMA000100005,"Maison Margiela Replica low-top black
navy blue white laces"
SMMA000100006.jpg,SMMA000100006,Maison Margiela Replica low-top black navy blue white laces مقاسات خاصة
SMMA000100007.jpg,SMMA000100007,"Maison Margiela Replica low-top white
gray gum sole"
SMMA000100008.jpg,SMMA000100008,"Maison Margiela Replica low-top white
gray gum sole مقاسات خاصة"
SMMA000100009.jpg,SMMA000100009,"Maison Margiela Replica low-top white
gray gum sole fashion"
SMMA000100010.jpg,SMMA000100010,"Maison Margiela Replica low-topa German Army Trainer (GATs) Black
Gum fashion"
SMMA000100011.jpg,SMMA000100011,Maison Margiela Replica low-top black brown Dark Khaki gum sole fashion
SMMA000200001.jpg,SMMA000200001,Maison Mihara Yasuhiro Blakey OG Sole Low BONBOM Black white
SMMA000200002.jpg,SMMA000200002,Maison Mihara Yasuhiro Peterson OG Sole Canvas Low Black white
SMMA000300001.jpg,SMMA000300001,"Maison Margiela Tabi ballerina flats
GOLD"
SMMA000300002.jpg,SMMA000300002,"Maison Margiela Tabi ballerina flats
SELIVER"
SMMC000100001.jpg,SMMC000100001,"Moncler Emilien neakers Black mesh
beige"
SMMC000100002.jpg,SMMC000100002,"Moncler Emilien Sneakers white
brown mesh"
SMMC000200001.jpg,SMMC000200001,"Moncler Neoprene Emilien LwTp
Black white"
SMMC000200002.jpg,SMMC000200002,Moncler Neoprene Emilien LwTp white
SMMC000200003.jpg,SMMC000200003,"Moncler Neoprene Emilien LwTp white
Black cwd"
SMMC000300001.jpg,SMMC000300001,"Moncler Pacey quilted sneakers black
white"
SMMC000300002.jpg,SMMC000300002,Moncler Pacey quilted sneakers white
SMMC000300003.jpg,SMMC000300003,"Moncler Pacey quilted sneakers black
leather"
SMMC000300004.jpg,SMMC000300004,"Moncler Pacey quilted sneakers blue
WHITE SOLE"
SMMC000300005.jpg,SMMC000300005,"Moncler Pacey quilted sneakers black
white sole&logo"
SMMC000300006.jpg,SMMC000300006,"Moncler Pacey quilted sneaker white
black logo"
SMMC000300007.jpg,SMMC000300007,"Moncler Pacey quilted sneaker olive
green black white logo"
SMMC000400001.jpg,SMMC000400001,"MONCLER Lunarove BLACK WHITE
SOLE"
SMMC000400002.jpg,SMMC000400002,"MONCLER Lunarove Olive green
white sole"
SMMC000400003.jpg,SMMC000400003,MONCLER Lunarove triple white
SMMC000400004.jpg,SMMC000400004,Moncler Lunarove black mesh neoprene upper white
SMMC000500001.jpg,SMMC000500001,"Moncler Lite Runner white gray
outsole black"
SMMC000600001.jpg,SMMC000600001,"Moncler Trailgrip Lite black white red
accents"
SMMC000600002.jpg,SMMC000600002,"Moncler Trailgrip Lite Olive Green
Khaki gray"
SMMC000600003.jpg,SMMC000600003,Moncler Trailgrip Lite brown beige
SMMC000600004.jpg,SMMC000600004,Moncler Trailgrip Lite navy blue white
SMMC000600005.jpg,SMMC000600005,"Moncler Trailgrip Lite Black metallic
MONCLER logo"
SMMC000700001.jpg,SMMC000700001,Moncler Slip-on black white
SMMC000700002.jpg,SMMC000700002,Moncler Slip-on triple black
SMMC000700003.jpg,SMMC000700003,Moncler Slip-on triple white
SMMC000800001.jpg,SMMC000800001,Moncler Altive black natural/beige
SMMC000800002.jpg,SMMC000800002,"Moncler Altive Tapioca natural/beige
Off White"
SMMC000900001.jpg,SMMC000900001,Moncler Trailgrip Knit black white
SMMF000100001.jpg,SMMF000100001,MSCHF 2x4 Camel
SMMF000100002.jpg,SMMF000100002,MSCHF 2x4 BRUTAL BOOT Blac
SMMI000100001.jpg,SMMI000100001,"Mizuno Wave Prophecy black white
red"
SMMI000100002.jpg,SMMI000100002,"Mizuno Wave Prophecy metallic silver
red accents"
SMMI000100003.jpg,SMMI000100003,"Mizuno Wave Prophecy white black
seliver"
SMMI000100004.jpg,SMMI000100004,"Mizuno Wave Prophecy black white
logo"
SMMK000100001.jpg,SMMK000100001,Mark Fairwhale height Black Glacier
SMMK000100002.jpg,SMMK000100002,Mark Fairwhale Plain Leather Black
SMMK000100003.jpg,SMMK000100003,MarkFairwhale Plain Leather White
SMMK000200001.jpg,SMMK000200001,Mark Warfield Fairwhale Black Focus
SMMK000200002.jpg,SMMK000200002,Mark Warfield Fairwhale beige mesh
SMMU000400001.jpg,SMMU000400001,"Miu Miu Woven Mary Jane Ballet Flat
white woven nappa"
SMMU000400002.jpg,SMMU000400002,"Miu Miu Woven Mary Jane Ballet Flat
BLACK woven nappa"
SMMU000400003.jpg,SMMU000400003,"Miu Miu Woven Mary Jane Ballet
PINK ROSE"
SMMU000400004.jpg,SMMU000400004,"Miu Miu Woven Mary Jane Ballet
white tan gum sole"
SMMU000400005.jpg,SMMU000400005,Miu Miu Woven Mary Jane Ballet Cream Light beige Strap black logo
SMMU000400006.jpg,SMMU000400006,Miu Miu Woven Mary Jane Ballet white black strap buckle
SMMU000400007.jpg,SMMU000400007,Miu Miu Woven Mary Jane Ballet brown Gold-tone Miu Miu logo
SMMU000500001.jpg,SMMU000500001,Miu Miu Plume Sneakers White Gum
SMMU000500002.jpg,SMMU000500002,Miu Miu Plume Sneakers black Gum
SMMU000500003.jpg,SMMU000500003,Miu Miu Plume Suede Sneaker Cannella Desert Beige
SMMX000100001.jpg,SMMX000100001,"maxida diior Running ptrns Black
WHAITE"
SMMX000100002.jpg,SMMX000100002,"maxida dior Running Black brown
ptrns"
SMMX000100003.jpg,SMMX000100003,"maxida dior Running  White  graytrns
black"
SMMX000100004.jpg,SMMX000100004,"maxida dior Running whiteblack
ptrned"
SMMX000100005.jpg,SMMX000100005,"maxida dior Running whiteblack
ptrnedgold"
SMMY000100001.jpg,SMMY000100001,وايت بلك Canvas ميزون ميهارا ياسوهيرو
SMNB000100001.jpg,SMNB000100001,نيوبالنس 574 ابيض سادة
SMNB000100011.jpg,SMNB000100011,نيوبالنس 574 كلسيك نيفي
SMNB000100013.jpg,SMNB000100013,نيوبالنس 574 ليت جراي
SMNB000100017.jpg,SMNB000100017,"574  نيو بالنس Miu Miu Denim Colonial
Beige"
SMNB000100018.jpg,SMNB000100018,574  نيو بالنس Miu Miu Denim Blue
SMNB000100019.jpg,SMNB000100019,574  نيو بالنس Miu Miu Denim White
SMNB000100020.jpg,SMNB000100020,نيوبالنس 574 بلك جراي
SMNB000100021.jpg,SMNB000100021,"New Balance 574 Legacy Cream
white tan midsole"
SMNB000100022.jpg,SMNB000100022,"New Balance 574 Legacy Ash Cream
Distressed"
SMNB000100023.jpg,SMNB000100023,New Balance 574 Legacy Shadow Grey white gray tan black outsole
SMNB000100024.jpg,SMNB000100024,"New Balance 574 Stone Pink white
grey"
SMNB000100025.jpg,SMNB000100025,New Balance 574 Legacy Natural Indigo/Angora navy blue off-white
SMNB000100026.jpg,SMNB000100026,"New Balance 574 Legacy Grey white
black outsole"
SMNB000100027.jpg,SMNB000100027,"New Balance 574 Legacy Grey white
gum outsole"
SMNB000200001.jpg,SMNB000200001,نيوبالنس 530 وايت بينك
SMNB000200003.jpg,SMNB000200003,نيوبالنس 530 وايت جرين
SMNB000200004.jpg,SMNB000200004,نيوبالنس 530 وايت سيلفر نيفي
SMNB000200005.jpg,SMNB000200005,نيوبالنس 530 وايت فوشيا
SMNB000200006.jpg,SMNB000200006,نيوبالنس 530 تريبل وايت
SMNB000200007.jpg,SMNB000200007,نيوبالنس 530 بلك وايت
SMNB000200008.jpg,SMNB000200008,نيوبالنس 530 وايت بربل
SMNB000200009.jpg,SMNB000200009,نيوبالنس 530 وايت سيلفر
SMNB000200010.jpg,SMNB000200010,نيوبالنس 530 وايت بلك
SMNB000200011.jpg,SMNB000200011,نيوبالنس 530 ايفوري
SMNB000200013.jpg,SMNB000200013,نيوبالنس 530 بيج
SMNB000200014.jpg,SMNB000200014,530 نيوبالنس white olive cream
SMNB000200017.jpg,SMNB000200017,نيو بالنس 530 سلفير جرين
SMNB000200018.jpg,SMNB000200018,نيوبالنس 530 وايت ريد
SMNB000200020.jpg,SMNB000200020,530 نيوبالنس Classic Black Grey White
SMNB000200021.jpg,SMNB000200021,530 نيوبالنس Raincloud
SMNB000200022.jpg,SMNB000200022,نيوبالنس 530 وايت جراى جولد
SMNB000200023.jpg,SMNB000200023,"530 نيوبالنس White Light Chrome Blue
Clay Ash"
SMNB000200024.jpg,SMNB000200024,530 نيوبالنس Ice Wine
SMNB000200025.jpg,SMNB000200025,530 نيوبالنس Stone Pink
SMNB000200026.jpg,SMNB000200026,530 نيوبالنس White New Spruce
SMNB000200027.jpg,SMNB000200027,530 نيوبالنس beige gray
SMNB000200028.jpg,SMNB000200028,530 نيوبالنس Brown Tan
SMNB000200029.jpg,SMNB000200029,530 نيوبالنس Tri Black
SMNB000200030.jpg,SMNB000200030,530 نيوبالنس Utility Pack Grey
SMNB000200031.jpg,SMNB000200031,"530 نيوبالنس OFF WHITE/BROWN
NIKO"
SMNB000200032.jpg,SMNB000200032,530 نيوبالنس LIGHT Black
SMNB000200033.jpg,SMNB000200033,530 نيوبالنس Dark Olivine
SMNB000200034.jpg,SMNB000200034,530 نيوبالنس Sea Salt Mercury Red
SMNB000200035.jpg,SMNB000200035,530 نيوبالنس pink purple
SMNB000200036.jpg,SMNB000200036,530 نيوبالنس White Castlerock
SMNB000200037.jpg,SMNB000200037,"New Balance 530 white NAVY metallic
silver gray"
SMNB000200038.jpg,SMNB000200038,"New Balance 530 white base mint
green orange accents"
SMNB000200039.jpg,SMNB000200039,"New Balance 530 white blue accents
hook loop closure"
SMNB000200040.jpg,SMNB000200040,New Balance 530 off-white silver metallic accents hook loop closure
SMNB000200041.jpg,SMNB000200041,New Balance 530 white mint pink accents hook loop closure
SMNB000200042.jpg,SMNB000200042,"New Balance 530 black white hook
loop closure"
SMNB000200043.jpg,SMNB000200043,new balance 530 white silver pink
SMNB000200044.jpg,SMNB000200044,New Balance 530 Vintage Grey Matter
SMNB000200045.jpg,SMNB000200045,New Balance 530 gray Beige sand
SMNB000200046.jpg,SMNB000200046,New Balance 530 Silver White black
SMNB000200047.jpg,SMNB000200047,"New Balance 530 Moonbeam/Cow
Print"
SMNB000200048.jpg,SMNB000200048,New Balance 530 Cream Polka Dot
SMNB000200049.jpg,SMNB000200049,"New Balance 530 Silver Metallic Polka
Dots"
SMNB000200050.jpg,SMNB000200050,New Balance 530 Triple Black
SMNB000200051.jpg,SMNB000200051,"New Balance 530 white Beige Black
Silver accents"
SMNB000200052.jpg,SMNB000200052,New Balance 530 White Red Custom
SMNB000200053.jpg,SMNB000200053,New Balance 530 Custom Beige Red
SMNB000200054.jpg,SMNB000200054,New Balance 530 white black pink
SMNB000200055.jpg,SMNB000200055,New Balance 530 Pink White Silver
SMNB000200056.jpg,SMNB000200056,"New Balance 530  Silver STEAL
GRAY WHITE"
SMNB000200057.jpg,SMNB000200057,New Balance 530 Grey Silver Metallic
SMNB000200058.jpg,SMNB000200058,"New Balance 530 Turtledove
Mushroom"
SMNB000400001.jpg,SMNB000400001,نيوبالنس 550 وايت جرين
SMNB000400003.jpg,SMNB000400003,نيوبالنس 550 وايت بلك
SMNB000400011.jpg,SMNB000400011,"550 نيوبالنس Aime Leon Dore White
Grey"
SMNB000400012.jpg,SMNB000400012,"550 نيوبالنس UNC White University
Blue"
SMNB000400013.jpg,SMNB000400013,550 نيوبالنس Rich Paul
SMNB000400014.jpg,SMNB000400014,550 نيوبالنس Rich Paul Forever Yours
SMNB000600001.jpg,SMNB000600001,بروتكشن باك ريين كلود Rنيوبالنس 2002
SMNB000600002.jpg,SMNB000600002,Sea Salt بروتكشن باك Rنيوبالنس 2002
SMNB000600003.jpg,SMNB000600003,بروتكشن باك فانتوم Rنيوبالنس 2002
SMNB000600004.jpg,SMNB000600004,BAPE بلك Rنيوبالنس 2002
SMNB000600005.jpg,SMNB000600005,وايت بيج Rنيوبالنس 2002
SMNB000600006.jpg,SMNB000600006,بروتكشن باك ليت اركتيك جراي Rنيوبالنس 2002 بربل
SMNB000600007.jpg,SMNB000600007,BAPE جراي Rنيوبالنس 2002
SMNB000600008.jpg,SMNB000600008,بروتكشن باك بلك جراي Rنيوبالنس 2002
SMNB000600009.jpg,SMNB000600009,بروتكشن باك دريفت وود Rنيوبالنس 2002
SMNB000600010.jpg,SMNB000600010,2002 نيوبالنسR Sandstone
SMNB000600011.jpg,SMNB000600011,"2002 نيوبالنسR Gore-Tex JJJJound
Charcoal"
SMNB000600012.jpg,SMNB000600012,2002 نيوبالنسR Vintage Black Grey
SMNB000600013.jpg,SMNB000600013,2002 نيوبالنسR Gore-Tex Castlerock
SMNB000600014.jpg,SMNB000600014,2002 نيوبالنسR JJJJound Storm Blue
SMNB000600015.jpg,SMNB000600015,2002 نيوبالنسR Grey White
SMNB000600016.jpg,SMNB000600016,2002 نيوبالنسR Marblehead
SMNB000600017.jpg,SMNB000600017,2002 نيوبالنسR Steel Blue
SMNB000600018.jpg,SMNB000600018,"2002 نيوبالنسR Gore-Tex JJJJound
Pine"
SMNB000600019.jpg,SMNB000600019,New Balance 2002R Phantom Grey
SMNB000600020.jpg,SMNB000600020,"New Balance 2002R Dark Navy Blue
white gray"
SMNB000600021.jpg,SMNB000600021,New Balance 2002R Eclipse/Raincloud/Graphite
SMNB000600022.jpg,SMNB000600022,"New Balance 2002R Gore-Tex Black
Castlerock grey white"
SMNB000600023.jpg,SMNB000600023,"New Balance 2002R Cherry Blossom
Powder Grey White"
SMNB000600024.jpg,SMNB000600024,"New Balance 2002R Olive Brown
WHITE"
SMNB000600025.jpg,SMNB000600025,"New Balance 2002R gray cream
Tan/Brown"
SMNB000800001.jpg,SMNB000800001,بروتكشن باك وايت Dنيوبالنس 1906
SMNB000800002.jpg,SMNB000800002,بروتكشن باك هاربور جراي Dنيوبالنس 1906
SMNB000800005.jpg,SMNB000800005,Turtledove بروتكشن باك Dنيوبالنس 1906
SMNB000900001.jpg,SMNB000900001,نيوبالنس 9060 بيبي شاور بلو
SMNB000900002.jpg,SMNB000900002,نيوبالنس 9060 ريين كلود جراي
SMNB000900004.jpg,SMNB000900004,نيوبالنس 9060 كوارتز جراي
SMNB000900005.jpg,SMNB000900005,نيوبالنس 9060 بلك كاسلروك جراي
SMNB000900006.jpg,SMNB000900006,9060 نيوبالنس Bricks & Wood
SMNB000900007.jpg,SMNB000900007,نيوبالنس 9060 بيني كوكي بينك
SMNB000900008.jpg,SMNB000900008,9060 نيوبالنس Blue Haze
SMNB000900011.jpg,SMNB000900011,نيوبالنس 9060 وايت بلك
SMNB000900012.jpg,SMNB000900012,9060 نيوبالنس Sea Salt
SMNB000900013.jpg,SMNB000900013,"9060 نيوبالنس Turtledove Black Silver
Metallic"
SMNB000900014.jpg,SMNB000900014,نيوبالنس 9060 دارك جراي
SMNB000900017.jpg,SMNB000900017,9060 نيوبالنس DECEMBER SKY PINK
SMNB000900020.jpg,SMNB000900020,9060 تيو بالنس GRANITE PINK
SMNB000900022.jpg,SMNB000900022,9060 نيوبالنس Triple Black
SMNB000900023.jpg,SMNB000900023,9060 نيوبالنس Black Castlerock Grey
SMNB000900024.jpg,SMNB000900024,9060 نيوبالنس Beef and Broccoli
SMNB000900025.jpg,SMNB000900025,9060 نيوبالنس Triple Year of the Snake
SMNB000900026.jpg,SMNB000900026,9060 نيوبالنس Dark Olivine
SMNB000900027.jpg,SMNB000900027,"9060 نيوبالنس Mowalola Burglarwear
Black Teal Pin"
SMNB000900028.jpg,SMNB000900028,9060 نيوبالنس White Grey
SMNB000900029.jpg,SMNB000900029,9060  نيوبالنس beige pink
SMNB000900030.jpg,SMNB000900030,9060 نيوبالنس Nori Green
SMNB000900031.jpg,SMNB000900031,9060 نيوبالنس Triple White
SMNB000900032.jpg,SMNB000900032,9060 نيوبالنس Bone Sparrow
SMNB000900033.jpg,SMNB000900033,9060 نيوبالنس Green Cream
SMNB000900034.jpg,SMNB000900034,Grey Leather Mesh 9060 نيوبالنس
SMNB000900035.jpg,SMNB000900035,9060  نيوبالنس Sea Salt Brown
SMNB000900036.jpg,SMNB000900036,9060  نيوبالنس Sydney McLaughlin
SMNB000900037.jpg,SMNB000900037,New Balance 9060 Mushroom Brown
SMNB000900038.jpg,SMNB000900038,New Balance 9060 Fuchsia Pink white
SMNB000900039.jpg,SMNB000900039,"New Balance 9060 ASOS Exclusive
Pink Overdye"
SMNB000900040.jpg,SMNB000900040,"New Balance 9060 Rose Pink white
beige gum"
SMNB000900041.jpg,SMNB000900041,New Balance 9060 black white
SMNB000900042.jpg,SMNB000900042,New Balance 9060 white brown grey
SMNB000900044.jpg,SMNB000900044,New Balance 9060 white light blue
SMNB000900046.jpg,SMNB000900046,"New Balance 9060 Black Castlerock
Grey white"
SMNB000900047.jpg,SMNB000900047,New Balance 9060 Cream Leopard
SMNB000900048.jpg,SMNB000900048,New Balance 9060 Grey/Jet Black
SMNB000900049.jpg,SMNB000900049,New Balance 9060 black dark gray
SMNB000900050.jpg,SMNB000900050,New Balance 9060 Sea Salt Moonbeam white grey
SMNB000900051.jpg,SMNB000900051,New Balance 9060 beige/oatmeal
SMNB000900052.jpg,SMNB000900052,New Balance 9060 light grey beige
SMNB000900053.jpg,SMNB000900053,"New Balance 9060 ASOS Exclusive
Sea Salt Leopard Print"
SMNB000900054.jpg,SMNB000900054,New Balance 9060 Crystal Pink White
SMNB000900056.jpg,SMNB000900056,New Balance 9060 Chocolate Brown
SMNB000900057.jpg,SMNB000900057,"New Balance 9060 Triple Black
leather"
SMNB000900058.jpg,SMNB000900058,New Balance 9060 grey black white
SMNB000900059.jpg,SMNB000900059,New Balance 9060 Summer Black
SMNB000900060.jpg,SMNB000900060,New Balance 9060 Summer White
SMNB000900061.jpg,SMNB000900061,New Balance 9060 Sea Stone Black
SMNB000900062.jpg,SMNB000900062,New Balance 9060 Summer Raincloud Castlerock
SMNB000900063.jpg,SMNB000900063,"New Balance 9060 Summer Silver
Metallic/Sea Salt"
SMNB000900064.jpg,SMNB000900064,"New Balance 9060 Summer Black / Afterglow / Black Metallic purple
LOGO"
SMNB000900065.jpg,SMNB000900065,New Balance 9060 Summer Mushroom Brown Arid Stone
SMNB000900066.jpg,SMNB000900066,"New Balance 9060 Summer Off White
Mauve"
SMNB001000001.jpg,SMNB001000001,نيوبالنس 725 ميتاليك سيلفر وايت
SMNB001100008.jpg,SMNB001100008,1906 نيوبلنسR Cordura Pocket Black
SMNB001100009.jpg,SMNB001100009,New Balance 1906D Protection Pack Turtledove white light beige
SMNB001100010.jpg,SMNB001100010,New Balance 1906R black phantom
SMNB001100011.jpg,SMNB001100011,"New Balance 1906R Harbor Grey
Silver Metallic"
SMNB001100012.jpg,SMNB001100012,"New Balance 1906R Black Grey silver
accents"
SMNB001100013.jpg,SMNB001100013,"New Balance 1906R White Metallic
Gold"
SMNB001100014.jpg,SMNB001100014,"New Balance 1906R White Team
Royal"
SMNB001300001.jpg,SMNB001300001,"327 نيوبالنس Moonbeam Classic
Burgundy"
SMNB001300002.jpg,SMNB001300002,"327 نيوبالنس Moonbeam Classic  جراي
نيفي"
SMNB001300005.jpg,SMNB001300005,327 نيوبالنس Moonbeam with Grey
SMNB001300006.jpg,SMNB001300006,327 نيوبالنس Moonbeam Driftwood
SMNB001300008.jpg,SMNB001300008,327 نيوبالنس Sea Salt Black
SMNB001300009.jpg,SMNB001300009,327 نيوبالنس White Green
SMNB001300010.jpg,SMNB001300010,327 نيوبالنس SEA SALT PINK HAZE
SMNB001300012.jpg,SMNB001300012,327 نيو بالنس off white
SMNB001300013.jpg,SMNB001300013,"327 نيو بالنس Bandier white gray
tan/light brown logo"
SMNB001300014.jpg,SMNB001300014,327 نيوبالنس Black White
SMNB001300015.jpg,SMNB001300015,327 نيوبالنس x niko Dark Blue
SMNB001300017.jpg,SMNB001300017,327 نيوبالنس Grey White
SMNB001300018.jpg,SMNB001300018,327 نيوبالنس Black White Tongue Logo
SMNB001300019.jpg,SMNB001300019,327 نيوبالنس White Leopard
SMNB001300020.jpg,SMNB001300020,327 نيوبالنس Sea Salt Leopard Pantera
SMNB001300021.jpg,SMNB001300021,"New Balance 327 Off White pink black
sole edge"
SMNB001300022.jpg,SMNB001300022,New Balance 327Nimbus Cloud gray
SMNB001300023.jpg,SMNB001300023,New Balance 327 Incense Sea Salt
SMNB001300026.jpg,SMNB001300026,"New Balance 327 Marathon Running
black white"
SMNB001300027.jpg,SMNB001300027,"New Balance 327 brown white logo
black outsole"
SMNB001300028.jpg,SMNB001300028,New Balance 327 White Black Pink
SMNB001300029.jpg,SMNB001300029,"New Balance 327 Grey Matter
Reflection"
SMNB001300030.jpg,SMNB001300030,"New Balance 327 olive green white
logo black outsole"
SMNB001300031.jpg,SMNB001300031,"New Balance 327 Timberwolf
Nightwatch Green"
SMNB001400001.jpg,SMNB001400001,"نيوبالنس FuelCell Elite v3 Neon Cosmic
Rose"
SMNB001500001.jpg,SMNB001500001,""" نيو بالنس
Stone Island Brown FuelCell"""
SMNB001700001.jpg,SMNB001700001,WRPD RUNNER Black White نيوبالنس
SMNB001700002.jpg,SMNB001700002,WRPD RUNNER White نيوبالنس
SMNB001700003.jpg,SMNB001700003,WRPD RUNNER Black نيوبالنس
SMNB001700004.jpg,SMNB001700004,WRPD RUNNER Olive نيوبالنس
SMNB001700005.jpg,SMNB001700005,"WRPD RUNNER BROWN BLACK
نيوبالنس"
SMNB001800001.jpg,SMNB001800001,نيوبالنس Dark Grey White XC-72
SMNB001900001.jpg,SMNB001900001,"990v3 MiUSA Teddy Santis Sea Salt
نيوبالنس"
SMNB001900002.jpg,SMNB001900002,990v3 MiUSA JJJJound Olive نيوبالنس
SMNB001900003.jpg,SMNB001900003,"990v3 MiUSA Teddy Santis Khaki
Orange نيوبالنس"
SMNB001900004.jpg,SMNB001900004,990v3 MiUSA Kith Daytona نيوبالنس
SMNB001900005.jpg,SMNB001900005,"New Balance 990v3 MiUSA military
green and black"
SMNB002000001.jpg,SMNB002000001,"990v6 MiUSA Action Bronson Lapis
Lazuli نيوبالنس"
SMNB002000002.jpg,SMNB002000002,"New Balance 990v6MiUSA Black Grey
White"
SMNB002000003.jpg,SMNB002000003,"New Balance 990v6MiUSa Triple
Black"
SMNB002100001.jpg,SMNB002100001,نيوبالنس White Navy 574Plus
SMNB002100002.jpg,SMNB002100002,نيوبالنس Black Grey White 574Plus
SMNB002100003.jpg,SMNB002100003,نيوبالنس Reflection Grey White 574Plus
SMNB002100004.jpg,SMNB002100004,نيوبالنس Vanilla 574Plus
SMNB002100005.jpg,SMNB002100005,نيوبالنس Reflection Rain Cloud 574Plus
SMNB002100006.jpg,SMNB002100006,نيوبالنس Linen Phantom 574Plus
SMNB002100007.jpg,SMNB002100007,نيوبالنس White Burgundy 574Plus
SMNB002100008.jpg,SMNB002100008,"نيوبالنس ASTRAL PURPLE WHITE
574Plus"
SMNB002100009.jpg,SMNB002100009,New Balance 574 Burgundy white
SMNB002200001.jpg,SMNB002200001,نيوبالنس Miu Miu Cinnamon 530SL
SMNB002200002.jpg,SMNB002200002,نيوبالنس Miu Miu Ecru 530SL
SMNB002200003.jpg,SMNB002200003,نيوبالنس Miu Miu Black 530SL
SMNB002200004.jpg,SMNB002200004,نيوبالنس Miu Miu White Gum 530SL
SMNB002200005.jpg,SMNB002200005,نيوبالنس Miu Miu Silver 530SL
SMNB002200006.jpg,SMNB002200006,نيوبالنس Miu Miu Pink 530SL
SMNB002200007.jpg,SMNB002200007,"NEW BALANCE 530 SL white navy
blue laces"
SMNB002400001.jpg,SMNB002400001,1000 نيوبالنس Green Grey
SMNB002400002.jpg,SMNB002400002,1000 نيوبالنس Light Blue Cream
SMNB002400003.jpg,SMNB002400003,1000 نيوبالنس Dark Olivine Magnet
SMNB002500001.jpg,SMNB002500001,"رنيوبالنس FuelCell SuperComp Pacer
v2 Black"
SMNB002500002.jpg,SMNB002500002,"نيوبالنس FuelCell SuperComp Pacer v2
Black White"
SMNB002500003.jpg,SMNB002500003,"نيوبالنس FuelCell SuperCompPacer v2
CJ WhiteBlack"
SMNB002600001.jpg,SMNB002600001,1906 نيوبالنسL Grey
SMNB002600002.jpg,SMNB002600002,1906 نيو بالنسL Black Suede
SMNB002600003.jpg,SMNB002600003,1906 نيو بالنسL Blacktop Phantom
SMNB002700001.jpg,SMNB002700001,نيو بالنس Abzorb 2000 Silver Black
SMNB002700002.jpg,SMNB002700002,نيو بالنس Abzorb 2000 gris
SMNB002700003.jpg,SMNB002700003,"NEW BALANCE Abzorb 2000 Light
Chrome Blue"
SMNB002800001.jpg,SMNB002800001,740  نيوبالنسv Silver Metallic
SMNB002800002.jpg,SMNB002800002,740  نيوبالنسv Silver Castlerock
SMNB002800003.jpg,SMNB002800003,740  نيوبالنسv White Black
SMNB002800004.jpg,SMNB002800004,740  نيوبالنسv Triple Black
SMNB002800005.jpg,SMNB002800005,"New Balance 740 light grey silver
white black"
SMNB002800006.jpg,SMNB002800006,New Balance 740 black silver accent
SMNB002800007.jpg,SMNB002800007,"New Balance 740 White Silver
Metallic Navy"
SMNB002800008.jpg,SMNB002800008,New Balance 740 beige White
SMNB002800009.jpg,SMNB002800009,"New Balance 740 Pink Vacation
metallic silver"
SMNB002800010.jpg,SMNB002800010,"New Balance 740v2 Mercury Red
Castlerock"
SMNB002900001.jpg,SMNB002900001,509  نيوبالنسC Black Silver Metallic
SMNB002900002.jpg,SMNB002900002,509  نيوبالنسC SILVER WHITHE
SMNB003000001.jpg,SMNB003000001,"New Balance 471 Moonbeam Classic
GRAY NAVY ORG"
SMNB003000002.jpg,SMNB003000002,"New Balance 471 Navy Linen True
Red ORG"
SMNB003000003.jpg,SMNB003000003,"New Balance 471 Pink and Grey with
Colorful Laces ORG"
SMNB003100001.jpg,SMNB003100001,New Balance Fresh Foam X Trail More v3 trail black orange
SMNB003200001.jpg,SMNB003200001,"New Balance FuelCell Rebel v5 cream
mauve"
SMNB003200002.jpg,SMNB003200002,"New Balance FuelCell Rebel v5 Black
Silver White"
SMNB003200003.jpg,SMNB003200003,"New Balance FuelCell Rebel v5 Black
White"
SMNB003300001.jpg,SMNB003300001,"New Balance 204L Mushroom Arid
Stone"
SMNB003300002.jpg,SMNB003300002,"New Balance 204L Silver Metallic
Black"
SMNB003300003.jpg,SMNB003300003,New Balance 204L White gray
SMNB003300004.jpg,SMNB003300004,"New Balance 204L Basketcase Beef &
Broccoli"
SMNB003300005.jpg,SMNB003300005,New Balance 204L Year of the Horse White red accents black sole
SMNB003300006.jpg,SMNB003300006,"New Balance 204L Year of the Horse Ivory and Thunder Brown black sole
red laces"
SMNB003300007.jpg,SMNB003300007,"New Balance 204L Ribbon Pack Sea
Salt / Linen"
SMNB003300008.jpg,SMNB003300008,New Balance 204L Pastel Pink gray
SMNB003300009.jpg,SMNB003300009,"New Balance 204L silver metallic
brown sole"
SMNB003300010.jpg,SMNB003300010,"New Balance 204L Silver Metallic Flat
Taupe"
SMNB003300011.jpg,SMNB003300011,New Balance 204L Black Timberwolf
SMNB003400001.jpg,SMNB003400001,New Balance FuelCell SuperComp Elite v5 White Urgent Red black logo
SMNF000300001.jpg,SMNF000300001,نيكد وولف Chunky Lace-Up Black
SMNF000300002.jpg,SMNF000300002,"نيكد وولف Chunky Lace-Up Black white
sole"
SMNF000300003.jpg,SMNF000300003,"نيكد وولف Chunky Lace-Up Black Line
white"
SMNF000300004.jpg,SMNF000300004,"نيكد وولف  Chunky Lace-Up Graffiti
white Black"
SMNF000300005.jpg,SMNF000300005,نيكد وولف  Chunky Lace-Up Grey black
SMNF000300006.jpg,SMNF000300006,"نيكد وولف Chunky Lace-Up Black
Printed white"
SMNF000300007.jpg,SMNF000300007,نيكد وولف Chunky Lace-Up white
SMNF000300008.jpg,SMNF000300008,"نيكد وولف Chunky Lace-Up of white lines
blue yello"
SMNF000300009.jpg,SMNF000300009,"نيكد وولف Chunky Lace-Up of white
letter graphics"
SMNF000300010.jpg,SMNF000300010,"نيكد وولف Chunky Lace-Up black lines
green"
SMNF000300011.jpg,SMNF000300011,"نيكد وولف Chunky Lace-Up black star
white"
SMNF000300012.jpg,SMNF000300012,"نيكد وولف Chunky Lace-Up white star
black"
SMNF000300013.jpg,SMNF000300013,"نيكد وولف Chunky Lace-Up Graffiti white
foshia"
SMNF000300014.jpg,SMNF000300014,"نيكد وولف Chunky Lace-Up Graffiti Black
colors"
SMNF000300015.jpg,SMNF000300015,"نيكد وولف Chunky Lace-Up of White
graphics Black"
SMNF000300016.jpg,SMNF000300016,"نيكد وولف Chunky Lace-Up of Black
graphics White"
SMNF000300017.jpg,SMNF000300017,"نيكد وولف Chunky Lace-Up Glitter Grey
Black"
SMNF000300018.jpg,SMNF000300018,"نيكد وولف Chunky Lace-Up Glitter Off
White"
SMNF000300019.jpg,SMNF000300019,وايت يللو ديركشن Chunky Lace-Up نيكد وولف
SMNF000300020.jpg,SMNF000300020,بلك ديركشن Chunky Lace-Up نيكد وولف
SMNF000300021.jpg,SMNF000300021,نيكد وولف  Chunky Lace-Up Silver White
SMNF000300022.jpg,SMNF000300022,مالتى كلر New Chunky نيكد وولف
SMNF000300023.jpg,SMNF000300023,"NAKED WOLFE Chunky Lace-Up
white black Graffiti"
SMNF000300024.jpg,SMNF000300024,"NAKED WOLFE Chunky Lace-Up
black white Graffiti"
SMNF000300025.jpg,SMNF000300025,"NAKED WOLFE Chunky Lace-Up
metallic gray"
SMNF000300026.jpg,SMNF000300026,"NAKED WOLFE Chunky Lace-Up black white logo graffiti-inspired
WOLFE"
SMNF000300027.jpg,SMNF000300027,NAKED WOLFE Chunky Lace-Up black white large black WOLF
SMNF000400001.jpg,SMNF000400001,"نيكد وولف KOSA Scribble GRAFFITI
-Print  White"
SMNF000400003.jpg,SMNF000400003,Snow White Kosa نيكد وولف
SMNF000400004.jpg,SMNF000400004,GRAPE Purple KOSA نيكد وولف
SMNF000400005.jpg,SMNF000400005,"KrayHairy COw SdIce White KOSA نيكد
وولف"
SMNF000400006.jpg,SMNF000400006,NAKED WOLFE KOSA Graffiti black
SMNF000400007.jpg,SMNF000400007,"NAKED WOLFE KOSA White Graffiti
Buffalo"
SMNF000400008.jpg,SMNF000400008,"NAKED WOLFE KOSA wavy Graffiti
Buffalo"
SMNF000400009.jpg,SMNF000400009,"NAKED WOLFE KOSA White black
pattern green"
SMNF000400010.jpg,SMNF000400010,"NAKED WOLFE KOSA White black
pattern black"
SMNF000400011.jpg,SMNF000400011,"NAKED WOLFE KOSA White black
pattern red"
SMNF000400012.jpg,SMNF000400012,NAKED WOLFE KOSA black white
SMNF000400013.jpg,SMNF000400013,"Naked Wolfe Kosa Sundown suede
Green Purple Orange"
SMNF000400014.jpg,SMNF000400014,Naked Wolfe Kosa purple/grape black
SMNF000400015.jpg,SMNF000400015,"Naked Wolfe Kosa creme/orange
white"
SMNF000400016.jpg,SMNF000400016,Naked Wolfe Kosa triple white
SMNF000400017.jpg,SMNF000400017,Naked Wolfe KOSA Light Grey Cow
SMNF000500002.jpg,SMNF000500002,نيكد وولف Slider White
SMNF000500003.jpg,SMNF000500003,نيكد وولف Slider BABY PINK
SMNF000500006.jpg,SMNF000500006,بلك وايت لين Slider نيكد وولف
SMNF000500007.jpg,SMNF000500007,بلك اورانج Slider نيكد وولف
SMNF000500008.jpg,SMNF000500008,بلك وايت سول Slider نيكد وولف
SMNF000500009.jpg,SMNF000500009,بلك ريد لين slider نيكد وولف
SMNF000500010.jpg,SMNF000500010,نيكد وولف Slider black
SMNF000500011.jpg,SMNF000500011,نيكد وولف Slider Graffiti black White
SMNF000500012.jpg,SMNF000500012,نيكد وولف Slider Graffiti White Black
SMNF000500013.jpg,SMNF000500013,نيكد وولف Slider Shiny skin Black
SMNF000500014.jpg,SMNF000500014,نيكد وولف Slider Glitter Black
SMNF000500015.jpg,SMNF000500015,نيكد وولف Slider White beige
SMNF000500016.jpg,SMNF000500016,"نيكد وولف Slider Kosa GRAFFITI
BLACK Brown Green"
SMNF000500017.jpg,SMNF000500017,"نيكد وولف Slider Kosa GRAFFITI White
fushia"
SMNF000500018.jpg,SMNF000500018,نيكد وولف Slider GRAFFITI White Green
SMNF000500019.jpg,SMNF000500019,نيكد وولف Slider GRAFFITI Black fushia
SMNF000500020.jpg,SMNF000500020,نيكد وولف Slider Graffiti black Orange
SMNF000500021.jpg,SMNF000500021,نيكد وولف Slider in Black
SMNF000600001.jpg,SMNF000600001,وايت بلك لوجو TRACK نيكد وولف
SMNF000600002.jpg,SMNF000600002,بلك وايت لوجو TRACK نيكد وولف
SMNF000600004.jpg,SMNF000600004,وايت مالتي كلر TRACK نيكد وولف
SMNF000600005.jpg,SMNF000600005,وايت يللو ديركشن TRACK نيكد وولف
SMNF000600007.jpg,SMNF000600007,بلك لوجو لين TRACK نيكد وولف
SMNF000600008.jpg,SMNF000600008,وايت لوجو نيون TRACK نيكد وولف
SMNF000600009.jpg,SMNF000600009,وايت لوجو بينك TRACK نيكد وولف
SMNF000600010.jpg,SMNF000600010,وايت بلك TRACK نيكد وولف
SMNF000600011.jpg,SMNF000600011,بلك وايت TRACK نيكد وولف
SMNF000600012.jpg,SMNF000600012,بلك مالتي كلر لوجو TRACK نيكد وولف
SMNF000600013.jpg,SMNF000600013,نيكد وولف TRACK GRAFFITI Multicolor
SMNF000600014.jpg,SMNF000600014,نيكد وولف TRACK Graffiti Black
SMNF000600015.jpg,SMNF000600015,"Street Style Graffiti White Black    نيكد
وولف"
SMNF000600016.jpg,SMNF000600016,نيكد وولف TRACK Graffiti Black white
SMNF000600017.jpg,SMNF000600017,نيكد وولف  TRACK Graffiti white black
SMNF000600018.jpg,SMNF000600018,نيكد وولف TRACK Graffiti Black colors
SMNF000600019.jpg,SMNF000600019,"نيكد وولف Track GRAFFITI Top Black
fushia"
SMNF000600020.jpg,SMNF000600020,نيكد وولف Track black star white
SMNF000600021.jpg,SMNF000600021,نيكد وولف Track GRAFFITI Black fushia
SMNF000700001.jpg,SMNF000700001,نيكد وولف fantasy white diamonds
SMNF000700002.jpg,SMNF000700002,نيكد وولف fantasy black diamonds
SMNF000900001.jpg,SMNF000900001,نيكد وولف Sound Black Kid Suede
SMNF001000001.jpg,SMNF001000001,نيكد وولف Petal Suede Nylon Beige
SMNF001100001.jpg,SMNF001100001,نيكد وولف VIRGO orange
SMNF001100002.jpg,SMNF001100002,نيكد وولف   VIRGO BLUE
SMNF001100003.jpg,SMNF001100003,نيكد وولف VIRGO black white
SMNF001100004.jpg,SMNF001100004,نيكد وولف VIRGO beige white
SMNF001100005.jpg,SMNF001100005,نيكد وولف VIRGO Black
SMNF001100006.jpg,SMNF001100006,نيكد وولف VIRGO Brown white
SMNF001100007.jpg,SMNF001100007,نيكد وولف VIRGO Black White Logo
SMNF001100008.jpg,SMNF001100008,نيكد وولف VIRGO Black Off white
SMNF001100009.jpg,SMNF001100009,نيكد وولف VIRGO White
SMNF001100010.jpg,SMNF001100010,نيكد وولف VIRGO White in Black
SMNF001100011.jpg,SMNF001100011,نيكد وولف VIRGO Triple Black
SMNF001100012.jpg,SMNF001100012,NAKED WOLFE VIRGO gold Black
SMNF001100013.jpg,SMNF001100013,"NAKED WOLFE VIRGO  reddish gold
black"
SMNF001100014.jpg,SMNF001100014,"NAKED WOLFE VIRGO  black
darkgold"
SMNF001100015.jpg,SMNF001100015,نيكد وولف VIRGO Black Whit
SMNF001200001.jpg,SMNF001200001,نيكد وولف Stronger White
SMNF001200002.jpg,SMNF001200002,نيكد وولف Stronger Black
SMNF001200003.jpg,SMNF001200003,نيكد وولف Stronger Graffity White Clours
SMNF001200004.jpg,SMNF001200004,نيكد وولف Stronger Beige
SMNF001200005.jpg,SMNF001200005,بلك اورانج Stronger نيكد وولف
SMNF001200006.jpg,SMNF001200006,"NAKED WOLFE Stronger black
ptrned"
SMNF001200007.jpg,SMNF001200007,"NAKED WOLFE Stronger Metallic
strips"
SMNF001200008.jpg,SMNF001200008,"NAKED WOLFE Stronger white strips
glw hlium"
SMNF001200009.jpg,SMNF001200009,"NAKED WOLFE Stronger white glw
hlium"
SMNF001200010.jpg,SMNF001200010,"NAKED WOLFE Stronger black strips
glw hlium"
SMNF001200011.jpg,SMNF001200011,"NAKED WOLFE Stronger black  glw
hlium"
SMNF001200012.jpg,SMNF001200012,NAKED WOLFE Stronger Metallic
SMNF001300001.jpg,SMNF001300001,نيكد وولف Spring Olive
SMNF001300002.jpg,SMNF001300002,نيكد وولف Spring multicolor
SMNF001300003.jpg,SMNF001300003,نيكد وولف Spring Shine Black
SMNF001300004.jpg,SMNF001300004,نيكد وولف Spring Black White
SMNF001300005.jpg,SMNF001300005,نيكد وولف Spring Black
SMNF001300006.jpg,SMNF001300006,نيكد وولف Spring Off White
SMNI000100001.jpg,SMNI000100001,ايرماكس 97 تريبل وايت
SMNI000100002.jpg,SMNI000100002,ايرماكس 97 تريبل بلك
SMNI000100004.jpg,SMNI000100004,"ايرماكس 79 وايت بلك Sun Club Sail
Treeline"
SMNI000100005.jpg,SMNI000100005,Light Blue ايرماكس 97 وايت بلك
SMNI000100006.jpg,SMNI000100006,Cloud Plush ايرماكس 97 وايت بلك
SMNI000100007.jpg,SMNI000100007,97 ايرماكس  Violet White
SMNI000100008.jpg,SMNI000100008,97 نايك ايرماكس Black University Red
SMNI000100009.jpg,SMNI000100009,97 نايك ايرماكس Light Bone
SMNI000100010.jpg,SMNI000100010,97 نايك ايرماكس Volt Reflective Logo
SMNI000100011.jpg,SMNI000100011,نايك ايرماكس 97 بلك كور وايت
SMNI000100012.jpg,SMNI000100012,ORG White Rose 97 ايرماكس
SMNI000100013.jpg,SMNI000100013,97 ايرماكس Miami Hurricanes
SMNI000100014.jpg,SMNI000100014,White Reflect Silver 97 نايك ايرماكس
SMNI000100015.jpg,SMNI000100015,97 نايك ايرماكس Black White
SMNI000100016.jpg,SMNI000100016,Washed Denim Pack 97 نايك ايرماكس
SMNI000100017.jpg,SMNI000100017,Medium Olive Sequoia 97 نايك ايرماكس
SMNI000100018.jpg,SMNI000100018,Dallas Cowboys
SMNI000100019.jpg,SMNI000100019,White Bullet
SMNI000100020.jpg,SMNI000100020,"Nike Air Max 97 Particle Beige/Rush
Pink colorway"
SMNI000100021.jpg,SMNI000100021,"Nike Air Max 97 white black Blue
Tiffany"
SMNI000100022.jpg,SMNI000100022,"Nike Air Max 97 Ghost white light grey
light purple accents"
SMNI000100023.jpg,SMNI000100023,Nike Air Max 97 panda white black
SMNI000100024.jpg,SMNI000100024,"Nike Air Max 97 Silver Bullet Metallic
Silver&White red logo"
SMNI000100025.jpg,SMNI000100025,Nike Air Max 97 silver-tone purple
SMNI000100026.jpg,SMNI000100026,Nike Air Max 97 Have A Nike Day Purple/White Black Bleached Coral
SMNI000100027.jpg,SMNI000100027,Nike Air Max 97 SE Pure Platinum/Wolf Grey
SMNI000200002.jpg,SMNI000200002,نايك ايرماكس 270 وايت بلو
SMNI000200004.jpg,SMNI000200004,نايك ايرماكس 270 تريبل بلك
SMNI000200005.jpg,SMNI000200005,نايك ايرماكس 270 نيفي وايت
SMNI000200007.jpg,SMNI000200007,نايك ايرماكس 270 بلك وايت
SMNI000200008.jpg,SMNI000200008,Nike Air Max 270 White Black accents
SMNI000300002.jpg,SMNI000300002,نايك ايرفورس 1 ابيض سادة
SMNI000300010.jpg,SMNI000300010,نايك ايرفورس 1 ستوسي فوسيل
SMNI000300017.jpg,SMNI000300017,نايك ايرفورس 1 اسود سادة
SMNI000300019.jpg,SMNI000300019,نايك ايرفورس 1 دابل سووش
SMNI000300022.jpg,SMNI000300022,TM نايك ايرفورس 1 ابيض
SMNI000300023.jpg,SMNI000300023,نايك ايرفورس 1 جاست وايت بلك اورانج
SMNI000300030.jpg,SMNI000300030,نايك ايرفورس 1  براون اكس لويس فيتون
SMNI000300034.jpg,SMNI000300034,نايك ايرفورس 1 وايت بلك جولد
SMNI000300035.jpg,SMNI000300035,نايك ايرفورس 1 وايت جراي جولد
SMNI000300040.jpg,SMNI000300040,نايك ايرفورس 1 جراي سويد
SMNI000300041.jpg,SMNI000300041,نايك ايرفورس 1 لويس فيتون بلك
SMNI000300042.jpg,SMNI000300042,نايك ايرفورس 1 لويس فيتون وايت
SMNI000300048.jpg,SMNI000300048,نايك ايرفورس 1 اندفيتيد 5
SMNI000300049.jpg,SMNI000300049,نايك ايرفورس 1 اوبسيديان جم
SMNI000300053.jpg,SMNI000300053,نايك ايرفورس 1 انثراسايت دارك جراي بلك سول
SMNI000300054.jpg,SMNI000300054,1 نايك ايرفورس Valentine s Day
SMNI000300062.jpg,SMNI000300062,نايك ايرفورس 1 بلك سموك جراي
SMNI000300067.jpg,SMNI000300067,نايك ايرفورس 1 اسود سادة مقاسات خاصة
SMNI000300068.jpg,SMNI000300068,نايك ايرفورس 1 ابيض سادة مقاسات خاصة
SMNI000300075.jpg,SMNI000300075,CO & نايك ايرفورس 1 اكس تيفاني
SMNI000300076.jpg,SMNI000300076,نايك ايرفورس 1 لوكس بلك جم
SMNI000300083.jpg,SMNI000300083,NOLA نايك ايرفورس 1
SMNI000300084.jpg,SMNI000300084,1 نايك ايرفورس Valentine s Day 2022
SMNI000300085.jpg,SMNI000300085,نايك ايرفورس 1 جراي وايت فابريك
SMNI000300086.jpg,SMNI000300086,نايك ايرفورس 1 وايت سووش باندا
SMNI000300090.jpg,SMNI000300090,ORG نايك ايرفورس 1 لويس فيتون وايت
SMNI000300092.jpg,SMNI000300092,"1 نايك ايرفورس Computer Chip Space
Jam"
SMNI000300098.jpg,SMNI000300098,نايك ايرفورس 1 فودو كلر
SMNI000300100.jpg,SMNI000300100,JDC نايك ايرفورس 1
SMNI000300101.jpg,SMNI000300101,1 نايك ايرفورس CLOT 1WORLD (2018)
SMNI000300102.jpg,SMNI000300102,1 نايك ايرفورس Fragment x CLOT
SMNI000300105.jpg,SMNI000300105,"1 نايك ايرفورس High-Frequency Digital
Camouflage"
SMNI000300112.jpg,SMNI000300112,(نايك ايرفورس 1 وايت بلك (2018
SMNI000300113.jpg,SMNI000300113,1 نايك ايرفورس PREMIUM Washed Coral
SMNI000300115.jpg,SMNI000300115,نايك ايرفورس 1 براون ريد سووش
SMNI000300116.jpg,SMNI000300116,1 نايك ايرفورس North Face Gucci
SMNI000300118.jpg,SMNI000300118,"نايك ايرفورس 1 وايت Travis Scott Cactus
Jack Utopi"
SMNI000300122.jpg,SMNI000300122,ORG نايك ايرفورس 1 ابيض سادة
SMNI000300123.jpg,SMNI000300123,ORG نايك ايرفورس 1 اسود سادة
SMNI000300124.jpg,SMNI000300124,"1 نايك ايرفورس Spray Paint Swoosh
White Black Grey"
SMNI000300127.jpg,SMNI000300127,1 1نايك ايرفورسSE First Use
SMNI000300128.jpg,SMNI000300128,1 نايك ايرفورس Low Supreme White
SMNI000300130.jpg,SMNI000300130,1 نايك ايرفورس fresh white black silver
SMNI000300135.jpg,SMNI000300135,"1 نايك ايرفورس just do it summit white
team red"
SMNI000300136.jpg,SMNI000300136,"1 نايك ايرفورس prm halloween (2023)
white"
SMNI000300137.jpg,SMNI000300137,"""1 نايك ايرفورس Low PRM
Halloween (2023)"""
SMNI000300139.jpg,SMNI000300139,وايت Drake Nocta نايك ايرفورس 1
SMNI000300140.jpg,SMNI000300140,1 نايك ايرفورس Undefeated Multi-Patent
SMNI000300143.jpg,SMNI000300143,1 نايك ايرفورس Stussy Black
SMNI000300145.jpg,SMNI000300145,نايك ايرفورس 1 لويس فيتون بلك براون
SMNI000300146.jpg,SMNI000300146,"1 نايك ايرفورس Light Photo Blue Deep
Royal"
SMNI000300147.jpg,SMNI000300147,نايك ايرفورس 1ريأكت بلك
SMNI000300148.jpg,SMNI000300148,ايرفورس 1 لويس فيتون بلك وايت
SMNI000300149.jpg,SMNI000300149,نايك ايرفورس 1 رياكت وايت ليت بون
SMNI000300151.jpg,SMNI000300151,White Black Red نايك ايرفورس 1 رياكت
SMNI000300152.jpg,SMNI000300152,"1 نايك ايرفورس Low PRM
Halloween (2023) مقاسات خا"
SMNI000300153.jpg,SMNI000300153,نايك ايرفورس 1 جاست وايت بلك اورانج مقاسات خاصة
SMNI000300154.jpg,SMNI000300154,نايك ايرفورس 1 بلك سموك جراي مقاسات خاصة
SMNI000300155.jpg,SMNI000300155,1 نايك ايرفورس Grey Volt Glow
SMNI000300156.jpg,SMNI000300156,وايت بلك basketball نايك ايرفورس 1
SMNI000300157.jpg,SMNI000300157,نايك ايرفورس 1 اندفيتيد 5 مقاسات خاصة
SMNI000300158.jpg,SMNI000300158,جراي وايت AMG Led نايك ايرفورس 1
SMNI000300159.jpg,SMNI000300159,"وايت جراي Athletic Club نايك ايرفورس 1
ORG"
SMNI000300160.jpg,SMNI000300160,CO & نايك ايرفورس 1 اكس تيفاني ORG
SMNI000300161.jpg,SMNI000300161,"ORG PREMIUM Washed Coral  نايك
1 ايرفورس"
SMNI000300162.jpg,SMNI000300162,ORG نايك ايرفورس 1 اندفيتيد 5
SMNI000300163.jpg,SMNI000300163,ORG نايك ايرفورس 1 بلك سموك جراي
SMNI000300164.jpg,SMNI000300164,ORG نايك ايرفورس 1 لوكس بلك جم
SMNI000300165.jpg,SMNI000300165,ORG نايك ايرفورس 1 لوكس بيرل وايت
SMNI000300168.jpg,SMNI000300168,C نايك ايرفورس 1 ابيض سادة
SMNI000300169.jpg,SMNI000300169,1 نايك ايرفورس Low Supreme Black
SMNI000300170.jpg,SMNI000300170,1 نايك ايرفورس Molten Metal
SMNI000300171.jpg,SMNI000300171,1 نايك ايرفورس Wolf Grey Classic
SMNI000300172.jpg,SMNI000300172,مقاسات  Wolf Grey Classic نايك ايرفورس 1 خاصه
SMNI000300173.jpg,SMNI000300173,1 نايك ايرفورس Fragment White Black
SMNI000300174.jpg,SMNI000300174,1 نايك ايرفورس  LV Custom gray white
SMNI000300175.jpg,SMNI000300175,1 نايك ايرفورس TRIPLE WHITE Utopia
SMNI000300176.jpg,SMNI000300176,1 نايك ايرفورس LV8 Black Volt GS
SMNI000300177.jpg,SMNI000300177,"1 نايك ايرفورس the NORTH FACE X
GUCCI Blue jans"
SMNI000300178.jpg,SMNI000300178,1 نايك ايرفورس LV Custom White Navy
SMNI000300179.jpg,SMNI000300179,1 نايك ايرفورس Gucci Grey/Green
SMNI000300180.jpg,SMNI000300180,1 نايك ايرفورس Off-White Black
SMNI000300181.jpg,SMNI000300181,1 نايك ايرفورس Black Rope Laces White
SMNI000300182.jpg,SMNI000300182,1 نايك ايرفورس Valentine s Day (2025)
SMNI000300183.jpg,SMNI000300183,ORG 1 نايك ايرفورس Light Khaki Black
SMNI000300184.jpg,SMNI000300184,"ORG1 نايك ايرفورس Pack Photon Dust
Obsidian k"
SMNI000300185.jpg,SMNI000300185,مقاسات خاصة ORG نايك ايرفورس 1 ابيض سادة
SMNI000300186.jpg,SMNI000300186,Nike Air Force  Painted Heart Valentine s Day white blue
SMNI000300187.jpg,SMNI000300187,Nike Air Force 1 WHITE Dark green
SMNI000300188.jpg,SMNI000300188,"Nike Air Force 1 WHITE BLUE RED
LACE"
SMNI000300189.jpg,SMNI000300189,Nike Air Force 1 white and pink
SMNI000300190.jpg,SMNI000300190,Nike Air Force 1 white Brown Labubu
SMNI000300193.jpg,SMNI000300193,"Nike Air Force 1 Low Supreme White
Black LOGO&Outsole"
SMNI000300194.jpg,SMNI000300194,"Nike Air Force 1 Low The North Face
mocha brown white"
SMNI000300195.jpg,SMNI000300195,"Nike Air Force 1 white grey style emoji
charm smiley face logo"
SMNI000300196.jpg,SMNI000300196,"Nike Air Force 1 Low Supreme White
Black LOGO"
SMNI000300197.jpg,SMNI000300197,Nike Air Force 1 white black logo&sole
SMNI000300198.jpg,SMNI000300198,Nike Air Force 1 white brown swoosh
SMNI000300199.jpg,SMNI000300199,Nike Air Force 1 Pale Ivory Gum
SMNI000300200.jpg,SMNI000300200,"Air Force 1 Low Color of the Month
White Green Gum"
SMNI000300201.jpg,SMNI000300201,"Nike Air Force 1 Year of the Dragon
Sail/Vapor Green"
SMNI000300202.jpg,SMNI000300202,"Nike Air Force 1 Low Houston Comets
Four-Peat white navy red"
SMNI000300203.jpg,SMNI000300203,Nike Air Force 1 Low white green
SMNI000300204.jpg,SMNI000300204,Nike Air Force 1 Low Starry Swoosh White/Anthracite/Photon Dust
SMNI000300205.jpg,SMNI000300205,Nike Air Force 1 Low Retro Color of the Month white Forest Green
SMNI000300206.jpg,SMNI000300206,"Nike Air Force 1 white black
logo&outsole"
SMNI000300207.jpg,SMNI000300207,"Nike Air Force 1 Low black white
paisley pattern"
SMNI000300208.jpg,SMNI000300208,Nike Air Force 1 Low Gorge Green
SMNI000300209.jpg,SMNI000300209,Nike Air Force 1 Low white navy Supreme x The North Face
SMNI000300210.jpg,SMNI000300210,"Air Force 1 Low white grey Nike x
Supreme"
SMNI000300211.jpg,SMNI000300211,Nike Air Force 1 white dark green
SMNI000300212.jpg,SMNI000300212,Nike Air Force 1 black white BAPE-style logo patch
SMNI000300213.jpg,SMNI000300213,Nike Air Force 1 Low Black/White
SMNI000300214.jpg,SMNI000300214,Nike Air Force 1 grey white Gucci logo
SMNI000300215.jpg,SMNI000300215,"Nike Air Force 1 Low navy blue white
CDG LOGO"
SMNI000300216.jpg,SMNI000300216,Nike Air Force 1 navy blue red accents
SMNI000300217.jpg,SMNI000300217,"Nike Air Force 1 White/Sail the north
face white gilter logo"
SMNI000300218.jpg,SMNI000300218,"Nike Air Force 1 Low white black
logo&lace"
SMNI000300219.jpg,SMNI000300219,"Nike Air Force 1 07 Low WB Triple
Wolf Grey"
SMNI000300220.jpg,SMNI000300220,"Nike Air Force 1 Low beige Deep
Royal Blue accents"
SMNI000300221.jpg,SMNI000300221,Nike Air Force 1 Luxe Brown Basalt
SMNI000300222.jpg,SMNI000300222,Nike Air Force 1 Fossil/Wheat/Shimmer
SMNI000300223.jpg,SMNI000300223,"Nike Air Force 1 Low Custom Premier
Lunar Eclipse"
SMNI000300224.jpg,SMNI000300224,"Nike Air Force 1 07 LX Pearl Pink Paw
Print"
SMNI000300225.jpg,SMNI000300225,"Nike Air Force 1 Low black white
logo&Supreme"
SMNI000300226.jpg,SMNI000300226,"Air Force 1  07 in the White/Pink
Foam/Glacier Blue"
SMNI000300227.jpg,SMNI000300227,"Nike Air Force 1 Low White Midnight
Navy"
SMNI000300228.jpg,SMNI000300228,Nike Air Force 1 Low White/Black-Vapor Green
SMNI000300229.jpg,SMNI000300229,"Nike Air Force 1 Low Love and Peace
Sail Brown blue"
SMNI000300230.jpg,SMNI000300230,"AIR FORCE 1 07 LX Just Do It
sail/pale ivory pink"
SMNI000300231.jpg,SMNI000300231,"Nike Air Force 1 Low 07 LV8 Sea
Glass black"
SMNI000300232.jpg,SMNI000300232,"Nike Air Force 1 Low LV8 White
Reflect Silver"
SMNI000300233.jpg,SMNI000300233,Nike Air Force 1 Low Undefeated Ballistic Dunk Cargo Khaki/Black
SMNI000300234.jpg,SMNI000300234,"Nike Air Force 1 Low Olive Khaki
brown"
SMNI000300235.jpg,SMNI000300235,"Nike Air Force 1 Low PRM MF Velvet
Brown"
SMNI000300236.jpg,SMNI000300236,"Nike Air Force 1 Low 07 LV8 Black
Sail blue laces"
SMNI000300237.jpg,SMNI000300237,"Nike Air Force 1 Low 07 LV8 Light
Smoke Grey"
SMNI000300238.jpg,SMNI000300238,Nike Air Force 1 07 LX Ashen Slate
SMNI000300239.jpg,SMNI000300239,Nike Air Force 1 Low x Travis Scott Cactus Jack brown lilac navy black
SMNI000300240.jpg,SMNI000300240,Nike Air Force 1 Low 07 LV8 Reflective Swoosh Cool
SMNI000300241.jpg,SMNI000300241,"Nike Air Force 1 Low Cut Out Swoosh
- Grey"
SMNI000300242.jpg,SMNI000300242,Nike Air Force 1 white Labubu
SMNI000300243.jpg,SMNI000300243,"NIKE Air Force 1 07 white Light
Orewood Brown"
SMNI000300244.jpg,SMNI000300244,"Nike Air Force 1  07 SE Dance triple
white"
SMNI000300245.jpg,SMNI000300245,Nike Air Force 1 Low White Grey Gold
SMNI000300246.jpg,SMNI000300246,"Nike Air Force 1 Low Off White Grey
north face red supreme"
SMNI000300247.jpg,SMNI000300247,"Nike Air Force 1 Low black white
logo&supreme"
SMNI000300248.jpg,SMNI000300248,"Nike Air Force 1 Low white red
laces&supreme"
SMNI000300249.jpg,SMNI000300249,"Nike Air Force 1 Low white leopard-print logo GOODENOUGH
logo"
SMNI000300250.jpg,SMNI000300250,"Nike Air Force 1 Low Louis Vuitton
White/Grey"
SMNI000300251.jpg,SMNI000300251,"Nike Air Force 1 white burgundy the
north face"
SMNI000300252.jpg,SMNI000300252,"Nike Air Force 1 white gray the north
face"
SMNI000300253.jpg,SMNI000300253,NIKE AIR FORCE 1 LOW MINI SWOOSH WHITE/BLUE
SMNI000300254.jpg,SMNI000300254,"Nike Air Force 1 07 Low  oliv dark
green black"
SMNI000300255.jpg,SMNI000300255,"Nike Air Force 1 Low white black
logo&lace مقاسات خاصة"
SMNI000300256.jpg,SMNI000300256,"Nike Air Force 1 Low Louis Vuitton
white black logo"
SMNI000300257.jpg,SMNI000300257,Nike Air Force 1 Light Smoke Grey White Black The North Face
SMNI000300258.jpg,SMNI000300258,"Nike Air Force 1 white black accents
Love you forever"
SMNI000300259.jpg,SMNI000300259,"Nike Air Force 1 white black logo the
north face red heel tab"
SMNI000300260.jpg,SMNI000300260,Nike Air Force 1 Low  07 Essential White Worn Blue Paisley
SMNI000300261.jpg,SMNI000300261,"Nike Air Force 1 Low White Gray
logo&heel tab"
SMNI000300262.jpg,SMNI000300262,Nike Air Force 1 Low White Gray logo&heel tab the north face
SMNI000300263.jpg,SMNI000300263,"Nike Air Force 1 Louis Vuitton Blue
Knight Unisex"
SMNI000300264.jpg,SMNI000300264,"Nike Air Force 1 Low VT Premium
Black/Max Orange red"
SMNI000300265.jpg,SMNI000300265,"Nike Air Force 1 Paris Saint Germain
White GRAY NAVY"
SMNI000300266.jpg,SMNI000300266,"Nike Air Force 1 WHITE GRAY
LOGO&HEEL TAB"
SMNI000300267.jpg,SMNI000300267,Nike Air Force 1 white gray Dior-inspired paisley design
SMNI000300268.jpg,SMNI000300268,Nike Air Force 1 Low WHITE NAVY
SMNI000300269.jpg,SMNI000300269,"Nike Air Force 1 LOW Triple Black
Kobe Bryant"
SMNI000300270.jpg,SMNI000300270,"Nike Air Force 1 LOW Triple WHITE
Kobe Bryant"
SMNI000300271.jpg,SMNI000300271,"Nike Air Force 1 Low  07 LX Year of the Dragon Summit White Soft pastel
Pink"
SMNI000300272.jpg,SMNI000300272,"Nike Air Force 1 light gray The North
Face black logo&outsole"
SMNI000300273.jpg,SMNI000300273,"Nike Air Force 1 Low  07 LV8 Light
Smoke Grey black sole"
SMNI000300274.jpg,SMNI000300274,Nike Air Force 1 Low x Louis Vuitton White Navy Blue Red HEEL TAB
SMNI000300275.jpg,SMNI000300275,"Nike Air Force 1 x Louis Vuitton white Black black&white patterned design
Red SUPREME"
SMNI000300276.jpg,SMNI000300276,Nike Air Force 1 Low x Louis Vuitton White grey brown LV monogram
SMNI000300277.jpg,SMNI000300277,"Nike Air Force 1 Low white wine red
keep text Outsole&Laces"
SMNI000300278.jpg,SMNI000300278,"Nike Air Force 1 Low Venom black
white patterned laces"
SMNI000300279.jpg,SMNI000300279,"Nike Air Force 1 Low x The North Face off-white navy blue logo&heel
tab white splatter marks"
SMNI000300280.jpg,SMNI000300280,"Nike Air Force 1 07 Cacao Wow rich
brown suede"
SMNI000300281.jpg,SMNI000300281,"Nike Air Force 1 x Louis Vuitton black
monogram"
SMNI000300282.jpg,SMNI000300282,"Nike Air Force 1 x Louis Vuitton white berry purple Light grey Louis Vuitton
monogram"
SMNI000300283.jpg,SMNI000300283,Nike Air Force 1 black white graffiti-style graphic splatter design
SMNI000300284.jpg,SMNI000300284,"Nike Air Force 1 Low 07 Burgundy
Crush"
SMNI000300285.jpg,SMNI000300285,"Nike Air Force 1 07 Mink Brown suede
glossy logo"
SMNI000300286.jpg,SMNI000300286,"Nike Air Force 1 07 LV8 BlacK suede
glossy swoosh"
SMNI000300287.jpg,SMNI000300287,"Nike Air Force 1 07 Light Bone /
Off-White"
SMNI000300288.jpg,SMNI000300288,Nike Air Force 1 Low  07 LV8 Glam Rock Black White logo&heel tab
SMNI000300289.jpg,SMNI000300289,"Nike Air Force 1 Low  07 Black White
LOGO"
SMNI000300290.jpg,SMNI000300290,Nike Air Force 1 Low Cream Green Dior-monogram pattern tan SOLE
SMNI000300291.jpg,SMNI000300291,"Nike Air Force 1 Low  dark grey BLACK Medium Ash Anthracite
brushstroke detalies"
SMNI000300292.jpg,SMNI000300292,"Nike Air Force 1 Low Multi-Swoosh
Black Crimson"
SMNI000300293.jpg,SMNI000300293,"Nike Air Force 1 Low white/Photon
Dust black outsole"
SMNI000300294.jpg,SMNI000300294,Nike Air Force 1 Low Wolf Grey Dark Smoke Grey black sole&logo AIR text
SMNI000300295.jpg,SMNI000300295,"Nike Air Force 1 Low  07 LV8 Light Smoke Grey Suede Black sole&logo
AIR text"
SMNI000300296.jpg,SMNI000300296,"Nike Air Force 1 Low Black Varsity
Maize"
SMNI000300297.jpg,SMNI000300297,"Nike Air Force 1 Low gray white
Stüssy logo"
SMNI000300298.jpg,SMNI000300298,Nike Air Force 1 Low white LOVE AND PEACE  BLACK ASSENTS
SMNI000300299.jpg,SMNI000300299,"Nike Air Force 1 Low Light Smoke
Grey blue"
SMNI000300300.jpg,SMNI000300300,Nike Air Force 1 Low white BLACK Supreme x The North Face
SMNI000300301.jpg,SMNI000300301,Nike Air Force 1 WHITE Louis Vuitton monogram pattern swoosh logo
SMNI000300302.jpg,SMNI000300302,Nike Air Force 1 NOLA White Gold
SMNI000300303.jpg,SMNI000300303,Nike Air Force 1 Low white RED Supreme x The North Face
SMNI000300304.jpg,SMNI000300304,"Nike Air Force 1 WHITE black Louis Vuitton monogram pattern swoosh
logo"
SMNI000300305.jpg,SMNI000300305,"Nike Air Force 1 white black The North
Face Gucci logo&outsole"
SMNI000300306.jpg,SMNI000300306,Nike Air Force 1 white Brown Louis Vuitton Monogram&outsole
SMNI000300307.jpg,SMNI000300307,"Nike Air Force 1 Low Valentine s Day
Summit White dusty pink"
SMNI000300308.jpg,SMNI000300308,Nike Air Force 1 black premium
SMNI000300309.jpg,SMNI000300309,Nike Air Force 1 white premium
SMNI000600001.jpg,SMNI000600001,نايك ايرفورس 1 هاف ابيض سادة
SMNI000600004.jpg,SMNI000600004,نايك ايرفورس 1 هاف جراي بلك برايت كريمزن
SMNI000600005.jpg,SMNI000600005,نايك ايرفورس 1 هاف جراي وايت برايت كريمزن
SMNI000600007.jpg,SMNI000600007,نايك ايرفورس 1 هاف Stussy Fossil
SMNI000600008.jpg,SMNI000600008,نايك ايرفورس 1 هاف white royal blue
SMNI000600009.jpg,SMNI000600009,"نايك ايرفورس 1 هاف white red Supreme
logo"
SMNI000600010.jpg,SMNI000600010,"نايك ايرفورس 1 هاف black red Supreme
logo"
SMNI000600011.jpg,SMNI000600011,نايك ايرفورس 1 هاف white x Louis Vuitton
SMNI000700002.jpg,SMNI000700002,نايك جوردن 1 بلك توي
SMNI000700004.jpg,SMNI000700004,نايك جوردن 1 تاي داي
SMNI000700005.jpg,SMNI000700005,نايك جوردن 1 سموك جراي
SMNI000700008.jpg,SMNI000700008,نايك جوردن 1 موكا
SMNI000700009.jpg,SMNI000700009,نايك جوردن 1 يوني بلو
SMNI000700010.jpg,SMNI000700010,نايك جوردن 1 ليت سموك جراي
SMNI000700011.jpg,SMNI000700011,نايك جوردن 1 ميلن
SMNI000700013.jpg,SMNI000700013,نايك جوردن 1 جراي كامو
SMNI000700022.jpg,SMNI000700022,نايك جوردن 1 هايبر رويال
SMNI000700026.jpg,SMNI000700026,نايك جوردن 1 اكس ترافي سكوت فراجمنت
SMNI000700028.jpg,SMNI000700028,نايك جوردن 1 بلك وايت
SMNI000700048.jpg,SMNI000700048,نايك جوردن 1 كاندي
SMNI000700052.jpg,SMNI000700052,نايك جوردن 1 يونيون بربل وايت
SMNI000700055.jpg,SMNI000700055,نايك جوردن 1 مالتي كلر سووش فانتوم
SMNI000700056.jpg,SMNI000700056,"1 نايك جوردن Spider Man Across the
Spider Verse"
SMNI000700060.jpg,SMNI000700060,1 نايك جوردن Equality
SMNI000700062.jpg,SMNI000700062,1 نايك جوردن Union LA Bephies Beauty
SMNI000700068.jpg,SMNI000700068,M&M نايك جوردن 1
SMNI000700072.jpg,SMNI000700072,gina نايك جوردن 1
SMNI000700074.jpg,SMNI000700074,Rose نايك جوردن 1
SMNI000700075.jpg,SMNI000700075,ORG نايك جوردن 1 موكا
SMNI000700076.jpg,SMNI000700076,ORG نايك جوردن 1 تريبل بلك
SMNI000700078.jpg,SMNI000700078,1 نايك جوردن Black Metallic Gold
SMNI000700079.jpg,SMNI000700079,"1 نايك جوردن Hello Kitty White Rose
Green"
SMNI000700080.jpg,SMNI000700080,1 نايك جوردن Barely Grape White Purple
SMNI000700081.jpg,SMNI000700081,"1 نايك جوردن White True Red
Aquamarine Black"
SMNI000700082.jpg,SMNI000700082,1 نايك جوردن Black Grey White
SMNI000700083.jpg,SMNI000700083,"NIKE JORDAN 1 ELEMENT BLACK/CHILE RED-PARTICLE GRAY
ORG"
SMNI000700084.jpg,SMNI000700084,"nike Air Jordan1 High Midnight Navy
ORG"
SMNI000700085.jpg,SMNI000700085,"nike Air Jordan 1 Retro High OG
Rebellionaire ORG"
SMNI000700086.jpg,SMNI000700086,Air Jordan 1 High Element GORE-TEX SkY Light Olive ORG
SMNI000700087.jpg,SMNI000700087,"NIKE Air Jordan 1 Mid Black Fire Red
ORG"
SMNI000700088.jpg,SMNI000700088,"Air Jordan 1 Retro High ORG RED
BLACK WHITE"
SMNI000700089.jpg,SMNI000700089,ORG نايك جوردن 1 هايبر رويال
SMNI000700090.jpg,SMNI000700090,"nike Jordan Air Jordan 1 Mid Triple
White"
SMNI000700091.jpg,SMNI000700091,Air Jordan 1 Retro High OG A Ma Maniére Sail Burgundy ORG
SMNI000700092.jpg,SMNI000700092,"Jordan 1 Retro High Rare Air Sail
Cinnabar ORG"
SMNI000700093.jpg,SMNI000700093,"Jordan Air Jordan 1 Mid Triple Black
ORG"
SMNI000700094.jpg,SMNI000700094,nike Jordan 1 Mid White Shadow Black/White-Light Smoke Grey
SMNI000800001.jpg,SMNI000800001,نايك جوردن 1 فلت لو باريس
SMNI000800002.jpg,SMNI000800002,نايك جوردن 1 فلت وولف جراي
SMNI000800003.jpg,SMNI000800003,نايك جوردن 1 فلت ترافي سكوت موكا
SMNI000800008.jpg,SMNI000800008,نايك جوردن 1 فلت كارولينا بلو
SMNI000800011.jpg,SMNI000800011,نايك جوردن 1 فلت ليت سموك جراي
SMNI000800012.jpg,SMNI000800012,نايك جوردن 1 فلت لو باريس بربل
SMNI000800013.jpg,SMNI000800013,نايك جوردن 1 فلت ترافي سكوت ريفيرز موكا
SMNI000800014.jpg,SMNI000800014,نايك جوردن 1 فلت ترافي سكوت بلك فانتوم
SMNI000800015.jpg,SMNI000800015,نايك جوردن 1 فلت Year Of The Rabbit
SMNI000800016.jpg,SMNI000800016,نايك جوردن 1 فلت ترافي سكوت اوليف
SMNI000800018.jpg,SMNI000800018,"نايك جوردن 1 فلت ترافي سكوت ريفيرز موكا
ORG"
SMNI000800022.jpg,SMNI000800022,نايك جوردن 1 فلت زايون ويليامسون فودو
SMNI000800027.jpg,SMNI000800027,نايك جوردن 1 فلت Triple White (2022)
SMNI000800028.jpg,SMNI000800028,نايك جوردن 1 فلت Panda (2023)
SMNI000800029.jpg,SMNI000800029,نايك جوردن 1 فلت Diamond Shorts
SMNI000800030.jpg,SMNI000800030,"نايك جوردن 1 فلت White Black Noble
Green Pollen"
SMNI000800032.jpg,SMNI000800032,"نايك جوردن 1 فلت Travis Scott Neutral
Olive Golf"
SMNI000800033.jpg,SMNI000800033,"نايك جوردن 1 فلت White Industrial Blue
Siren Red"
SMNI000800034.jpg,SMNI000800034,نايك جوردن 1 فلت Atmosphere Grey
SMNI000800038.jpg,SMNI000800038,نايك جوردن 1 فلت ترافى سكوت لويس فيتون
SMNI000800039.jpg,SMNI000800039,نايك جوردن 1 فلت SE All-Star
SMNI000800040.jpg,SMNI000800040,"نايك جوردان1 فلت Canary YELLOW
WHITE"
SMNI000800041.jpg,SMNI000800041,ORG نايك جوردن 1 فلت ليت سموك جراي
SMNI000800042.jpg,SMNI000800042,ORG نايك جوردن 1 فلت زايون ويليامسون فودو
SMNI000800043.jpg,SMNI000800043,"ORG Triple White (2022)  1 نايك جوردن
فلت"
SMNI000800044.jpg,SMNI000800044,"نايك جوردن 1 فلت ترافي سكوت بلك فانتوم
ORG"
SMNI000800045.jpg,SMNI000800045,"نايك جوردن 1 فلت Travis Scott VELVET
BROWN"
SMNI000800046.jpg,SMNI000800046,نايك جوردن 1 فلت Black Metallic Gold
SMNI000800047.jpg,SMNI000800047,دارك براون Travis Scott نايك جوردن 1 فلت
SMNI000800048.jpg,SMNI000800048,"نايك جوردن 1 فلت Travis Scott White
party"
SMNI000800050.jpg,SMNI000800050,نايك جوردن 1 فلت Multi-Color Black Toe
SMNI000800051.jpg,SMNI000800051,نايك جوردن 1 فلت Island Green
SMNI000800052.jpg,SMNI000800052,"نايك جوردن 1 فلت Black Dark Powder
Blue"
SMNI000800053.jpg,SMNI000800053,نايك جوردن ا فلت travis scott’s x tiffany
SMNI000800054.jpg,SMNI000800054,جوردن 1 فلت University White Red
SMNI000800055.jpg,SMNI000800055,جوردن 1 فلت Digital Pink
SMNI000800056.jpg,SMNI000800056,جوردن 1 فلت Shadow Toe
SMNI000800057.jpg,SMNI000800057,جوردن 1 فلت OG Mocha Black White
SMNI000800058.jpg,SMNI000800058,1نايك جوردن Grey Toe
SMNI000800059.jpg,SMNI000800059,1نايك جوردن Patent Elephant Black
SMNI000800060.jpg,SMNI000800060,"1 نايك جوردن White Pink Blue Gold
Moon"
SMNI000800061.jpg,SMNI000800061,"ORG Travis Scott Velvet Brown  نايك
جوردن 1 فلت"
SMNI000800062.jpg,SMNI000800062,"Travis Scott Dark Pony Pink Oxford
1 نايك جوردن"
SMNI000800063.jpg,SMNI000800063,"ORG نايك جوردن 1 فلت Travis Scott
Fragment Milita"
SMNI000800064.jpg,SMNI000800064,"ORG نايك جوردن 1 فلت Washed Teal
Low"
SMNI000800065.jpg,SMNI000800065,"ORG نايك جوردن 1 فلت Low SE Coconut
Milk Black"
SMNI000800066.jpg,SMNI000800066,"Nike Air Jordan 1 Low SE Dark Pony
ORG"
SMNI000800067.jpg,SMNI000800067,"Nike Air Jordan 1 Retro Low SE Black
Elephant ORG"
SMNI000800068.jpg,SMNI000800068,Air Jordan 1 WHITE BLUE LOGO
SMNI000800069.jpg,SMNI000800069,"Air Jordan 1 Low white blue black
gucci logo"
SMNI000800070.jpg,SMNI000800070,ORG نايك جوردن 1 فلت ترافي سكوت موكا
SMNI000800071.jpg,SMNI000800071,"Nike Air Jordan 1 Low x Travis Scott x
Fragment Design"
SMNI000800072.jpg,SMNI000800072,Nike Air Jordan 1 Low SE Dune Red
SMNI000800073.jpg,SMNI000800073,"Nike Air Jordan 1 x Travis Scott Velvet
Brown Dark Mocha"
SMNI000800074.jpg,SMNI000800074,"Nike Air Jordan 1 Low Court Purple
black white"
SMNI000800075.jpg,SMNI000800075,Nike Air Jordan 1 Low Triple Black
SMNI000800076.jpg,SMNI000800076,"NIKE Jordan1 Low SE Paw Print Pink
Foam white Glacier Blue"
SMNI000800077.jpg,SMNI000800077,"NIKE Jordan 1 Low SE Legend Light
Brown"
SMNI000800078.jpg,SMNI000800078,"Nike Air Jordan 1 Low SE Metallic
Silver"
SMNI000800079.jpg,SMNI000800079,"Nike Air Jordan 1 Low Travis Scott
Muslin/Shy Pink"
SMNI000800080.jpg,SMNI000800080,Jordan 1 Low SE Aquarius Blue
SMNI000800081.jpg,SMNI000800081,Nike Air Jordan 1 pink white Labubu
SMNI000800082.jpg,SMNI000800082,"Nike Air Jordan 1 Low black white
Labubu"
SMNI000800083.jpg,SMNI000800083,Nike Air Jordan 1 white Louis Vuitton monogram pattern red accents
SMNI000800084.jpg,SMNI000800084,"Nike Air Jordan 1 white Louis Vuitton monogram pattern silver logo red
accents"
SMNI000800085.jpg,SMNI000800085,"Nike Jordan x Dior Air Jordan 1 Low
white navy blue"
SMNI000800086.jpg,SMNI000800086,"Nike Air Jordan 1 Low Louis Vuitton
black white"
SMNI000900001.jpg,SMNI000900001,نايك جوردن 4 وايت اوريو
SMNI000900005.jpg,SMNI000900005,نايك جوردن 4 بيور ماني
SMNI000900006.jpg,SMNI000900006,نايك جوردن 4 فاير ريد
SMNI000900008.jpg,SMNI000900008,نايك جوردن 4 باريس
SMNI000900009.jpg,SMNI000900009,نايك جوردن 4 بلك كات
SMNI000900010.jpg,SMNI000900010,نايك جوردن 4 بريد 2019
SMNI000900012.jpg,SMNI000900012,نايك جوردن 4 ريد ثاندر
SMNI000900013.jpg,SMNI000900013,نايك جوردن 4 يونيفرستي بلو
SMNI000900014.jpg,SMNI000900014,نايك جوردن 4 ابيض ميتاليك بربل
SMNI000900017.jpg,SMNI000900017,ORG نايك جوردن 4 وايت اوريو
SMNI000900019.jpg,SMNI000900019,ORG نايك جوردن 4 باريس
SMNI000900023.jpg,SMNI000900023,ORG نايك جوردن 4 ريد ثاندر
SMNI000900025.jpg,SMNI000900025,ORG نايك جوردن 4 بلك كات
SMNI000900032.jpg,SMNI000900032,نايك جوردن 4 بلك كات مقاسات خاصة
SMNI000900033.jpg,SMNI000900033,نايك جوردن 4 وايت اوريو مقاسات خاصة
SMNI000900034.jpg,SMNI000900034,نايك جوردن 4 ميليتري بلك
SMNI000900036.jpg,SMNI000900036,نايك جوردن 4 شيمر
SMNI000900039.jpg,SMNI000900039,ORG نايك جوردن 4 ميليتري بلك
SMNI000900042.jpg,SMNI000900042,نايك جوردن 4 باريس مقاسات خاصة
SMNI000900043.jpg,SMNI000900043,نايك جوردن 4 فاير ريد مقاسات خاصة
SMNI000900044.jpg,SMNI000900044,بين جرين SB نايك جوردن 4
SMNI000900045.jpg,SMNI000900045,نايك جوردن 4 مامانير فيوليت اور
SMNI000900048.jpg,SMNI000900048,نايك جوردن 4 بيور ماني مقاسات خاصة
SMNI000900049.jpg,SMNI000900049,نايك جوردن 4 كوول جراي مقاسات خاصة
SMNI000900053.jpg,SMNI000900053,4 نايك جوردن Frozen Moments
SMNI000900054.jpg,SMNI000900054,نايك SB 4 جوردن SAPPHIRE BLUE
SMNI000900055.jpg,SMNI000900055,4 نايك جوردن Retro Snorlax
SMNI000900056.jpg,SMNI000900056,4 نايك جوردن Craft  Olive
SMNI000900057.jpg,SMNI000900057,4 نايك جوردن Travis Scott Cactus Jack
SMNI000900059.jpg,SMNI000900059,نايك جوردن 4 ميليتري بلك مقاسات خاصة
SMNI000900061.jpg,SMNI000900061,نايك جوردن 4 ابيض ميتاليك بربل مقاسات خاصة
SMNI000900062.jpg,SMNI000900062,نايك جوردن 4 ميليتري بلو مقاسات خاصة
SMNI000900063.jpg,SMNI000900063,ORG نايك جوردن 4 مامانير فيوليت اور
SMNI000900064.jpg,SMNI000900064,ORG نايك جوردن 4 ميليتري بلو
SMNI000900065.jpg,SMNI000900065,مقاسات خاصة Midnight Navy نايك جوردن 4
SMNI000900066.jpg,SMNI000900066,نايك جوردن 4 ميليتري بلو
SMNI000900067.jpg,SMNI000900067,4 نايك جوردن Royalty Black Metallic Gold
SMNI000900068.jpg,SMNI000900068,4 نايك جوردن Thunder Black Yellow
SMNI000900069.jpg,SMNI000900069,4 نايك جوردن Motorsports 2017
SMNI000900070.jpg,SMNI000900070,بين جرين مقاسات خاصة SB نايك جوردن 4
SMNI000900071.jpg,SMNI000900071,Orchid نايك جوردن 4
SMNI000900072.jpg,SMNI000900072,نايك جوردن 4 ميليتري موف
SMNI000900073.jpg,SMNI000900073,4 نايك جوردن White Thunder
SMNI000900074.jpg,SMNI000900074,4 نايك جوردن Blue Tifanny Thunder
SMNI000900075.jpg,SMNI000900075,4 نايك جوردن Purple Violet
SMNI000900076.jpg,SMNI000900076,4 نايك جوردن Midnight Navy
SMNI000900077.jpg,SMNI000900077,ORG نايك جوردن 4 بلك كات لزار
SMNI000900078.jpg,SMNI000900078,Fear (2024) 4 نايك جوردن
SMNI000900079.jpg,SMNI000900079,Pink Oreo 4 نايك جوردن
SMNI000900080.jpg,SMNI000900080,Pink Orchid 4 نايك جوردن
SMNI000900081.jpg,SMNI000900081,"ORG4 نايك جوردن While You Were
Sleeping"
SMNI000900082.jpg,SMNI000900082,"ORG4 نايك جوردن SP Nigel Sylvester
Brick by Brick"
SMNI000900083.jpg,SMNI000900083,ORG 4 نايك جوردن Retro Cave Stone
SMNI000900084.jpg,SMNI000900084,Fear (2024) ORG 4 نايك جوردن
SMNI000900085.jpg,SMNI000900085,"Jordan 4 Retro Forget Me Not white
light blue"
SMNI000900086.jpg,SMNI000900086,"4 نايك جوردن Royalty Black Metallic Gold
مقاسات خاصة"
SMNI000900087.jpg,SMNI000900087,"Air Jordan 4 Retro in the White
Cement gray black"
SMNI000900088.jpg,SMNI000900088,"nike Jordan 4 Retro white Metallic
Green مقاسات خاصة"
SMNI000900089.jpg,SMNI000900089,4 نايك جوردن White Thunder ORG
SMNI000900090.jpg,SMNI000900090,"Jordan 4 Retro Forget Me Not white
light blue ORG"
SMNI000900091.jpg,SMNI000900091,Pink Ore ORG 4 نايك جوردن
SMNI000900092.jpg,SMNI000900092,ORG نايك جوردن 4 ميليتري بلك مقاسات خاصة
SMNI000900093.jpg,SMNI000900093,ORG نايك جوردن 4 وايت اوريو مقاسات خاصة
SMNI000900094.jpg,SMNI000900094,Air Jordan 4 Retro in the White Cement gray black org
SMNI001300007.jpg,SMNI001300007,نايك بليزر هاف جود جيم
SMNI001300009.jpg,SMNI001300009,نايك بليزر هاف باسيفك بلو
SMNI001300012.jpg,SMNI001300012,جريم ريبر X OFF WHITE نايك بليزر هاف
SMNI001300016.jpg,SMNI001300016,نايك بليزر هاف وايت بلك
SMNI001300026.jpg,SMNI001300026,نايك بليزر هاف جامبو جليز بودر
SMNI001300028.jpg,SMNI001300028,نايك بليزر هاف جامبو وايت هابانيرو ريد
SmNI001300031.jpg,SmNI001300031,"Nike Blazer Mid 77 Vintage Summit
White Pink renbow"
SMNI001300032.jpg,SMNI001300032,Nike Blazer Mid Victory Summit White/White-Phantom-Light Cream
SMNI001400001.jpg,SMNI001400001,تكنو ابيض M2K نايك
SMNI001400004.jpg,SMNI001400004,نايك M3K تكنو Black Obsidian
SMNI001400005.jpg,SMNI001400005,تكنو وايت ليزر فوشيا M2K نايك
SMNI001400007.jpg,SMNI001400007,تكنو وايت جراي بلك سول M2K نايك
SMNI001400017.jpg,SMNI001400017,نايك M4K M2K TRIBLE Black Sequoia
SMNI001400018.jpg,SMNI001400018,Nike M2K creamy off-white
SMNI001500002.jpg,SMNI001500002,فلت باندا SB نايك
SMNI001500006.jpg,SMNI001500006,فلت سيل كوست يوني جولد SB نايك
SMNI001500007.jpg,SMNI001500007,فلت سيراكيوز 2020 SB نايك
SMNI001500011.jpg,SMNI001500011,فلت ايستر SB نايك
SMNI001500015.jpg,SMNI001500015,فلت ليت سموك جراي SB نايك
SMNI001500018.jpg,SMNI001500018,فلت اوتومو كاتسهيرو براون جراي SB نايك
SMNI001500019.jpg,SMNI001500019,فلت اوتومو كاتسهيرو جراي بلك SB نايك
SMNI001500020.jpg,SMNI001500020,فلت اوتومو كاتسهيرو جرين اورانج SB نايك
SMNI001500023.jpg,SMNI001500023,فلت نكست ناتشر وايت منت SB نايك
SMNI001500027.jpg,SMNI001500027,فلت بيجون بينك SB نايك
SMNI001500028.jpg,SMNI001500028,فلت بربل بولس SB نايك
SMNI001500031.jpg,SMNI001500031,فلت تيم جرين SB نايك
SMNI001500035.jpg,SMNI001500035,فلت ميديم أوليف SB نايك
SMNI001500038.jpg,SMNI001500038,فلت باررا ابيستراكت ارت SB نايك
SMNI001500039.jpg,SMNI001500039,فلت بيجون بلك SB نايك
SMNI001500044.jpg,SMNI001500044,فلت ريفيرز باندا SB نايك
SMNI001500045.jpg,SMNI001500045,فلت باندا مقاسات خاصة SB نايك
SMNI001500046.jpg,SMNI001500046,فلت نكست ناتشر وايت منت مقاسات  SB نايك خاصة
SMNI001500047.jpg,SMNI001500047,فلت تيم جرين مقاسات خاصة SB نايك
SMNI001500048.jpg,SMNI001500048,فلت اوتومو كاتسهيرو وايت براون  SB نايك مقاسات خاص
SMNI001500049.jpg,SMNI001500049,فلت وايت جم مقاسات خاصة SB نايك
SMNI001500051.jpg,SMNI001500051,فلت وايت جم SB نايك
SMNI001500054.jpg,SMNI001500054,نايك SB فلت Kentucky (2020/2022)
SMNI001500061.jpg,SMNI001500061,نايك SB فلت Parra
SMNI001500065.jpg,SMNI001500065,نايك SB فلت Jarritos
SMNI001500066.jpg,SMNI001500066,نايك SB فلت Los Angeles Dodgers
SMNI001500067.jpg,SMNI001500067,"نايك SB فلت وايت لوبستر (Friends and
Family)"
SMNI001500071.jpg,SMNI001500071,فلت سوبريم راميلزي SB نايك
SMNI001500077.jpg,SMNI001500077,نايك SB One Block At A Time
SMNI001500084.jpg,SMNI001500084,"نايك SB Katsuhiro OST White Blue
Green مقاسات خاصة"
SMNI001500090.jpg,SMNI001500090,مقاسات خاصة SB Clear Aqua نايك
SMNI001500094.jpg,SMNI001500094,فلت اوتومو كاتسهيرو جراي بلك مقاسات SB نايك خاصة
SMNI001500096.jpg,SMNI001500096,فلت اوتومو كاتسهيرو براون موكا مقاسات SB نايك خاص
SMNI001500099.jpg,SMNI001500099,فلت شون كليفر مقاسات خاصة SB نايك
SMNI001500100.jpg,SMNI001500100,فلت انفراريد اورانج ليبل مقاسات خاصة SB نايك
SMNI001500103.jpg,SMNI001500103,نايك SB Girls Don t Cry (F&F)
SMNI001500107.jpg,SMNI001500107,فلت سيل كوست يوني جولد مقاسات  SB نايك خاصة
SMNI001500108.jpg,SMNI001500108,"نايك SB فلت IVORY HYPER ROYAL
مقاسات خاصة"
SMNI001500111.jpg,SMNI001500111,نايك SB فلت no-brainer AE86
SMNI001500112.jpg,SMNI001500112,نايك SB فلت Run The Jewels
SMNI001500113.jpg,SMNI001500113,نايك SB فلت Orange Label Court Purple
SMNI001500117.jpg,SMNI001500117,"نايك SB فلت The Powerpuff Girls
Buttercup"
SMNI001500119.jpg,SMNI001500119,نايك SB فلت Raygun Tie-Dye White
SMNI001500120.jpg,SMNI001500120,نايك SB فلت Batman Beyond
SMNI001500124.jpg,SMNI001500124,"نايك SB فلت Steamboy OST Dark
Brown White مقاسات"
SMNI001500125.jpg,SMNI001500125,نايك SB فلت Why So Sad?
SMNI001500136.jpg,SMNI001500136,نايك sb  Ishod Wair
SMNI001500137.jpg,SMNI001500137,فلت اوتومو كاتسهيرو سكاي وايت مقاسات SB نايك خاصة
SMNI001500138.jpg,SMNI001500138,فلت اوتومو كاتسهيرو براون جراي  SB نايك مقاسات خاص
SMNI001500140.jpg,SMNI001500140,"نايك SB فلت Steamboy OST Grey Black
مقاسات خاصة"
SMNI001500141.jpg,SMNI001500141,فلت اوتومو كاتسهيرو جراي بلك بربل  SB نايك مقاسات
SMNI001500143.jpg,SMNI001500143,نايك SB فلت ORG TIGHTBOOTH
SMNI001500144.jpg,SMNI001500144,ORG فلت باندا SB نايك
SMNI001500145.jpg,SMNI001500145,ORG فلت نكست ناتشر وايت منت SB نايك
SMNI001500147.jpg,SMNI001500147,"نايك SB فلت وايت لوبستر ORG (Friends
and Family)"
SMNI001500148.jpg,SMNI001500148,نايك SB فلت ORG Jarritos
SMNI001500149.jpg,SMNI001500149,ORG فلت وايت جم SB نايك
SMNI001500150.jpg,SMNI001500150,"نايك SB Otomo Katsuhiro Green Purple
مقاسات خاصة"
SMNI001500151.jpg,SMNI001500151,"نايك SB Katsuhiro OST Green Blue
مقاسات خاصة"
SMNI001500152.jpg,SMNI001500152,"نايك SB دانك لو Midnight Navy University
Blue"
SMNI001500153.jpg,SMNI001500153,نايك SB دانك لو Reverse UNC
SMNI001500154.jpg,SMNI001500154,نايك SB دانك لو J-Pack Chicago
SMNI001500155.jpg,SMNI001500155,نايك SB 520 دانك لو Pack Pink
SMNI001500156.jpg,SMNI001500156,نايك sb Baskets White Red
SMNI001500157.jpg,SMNI001500157,نايك SB فلت White Wolf Gre
SMNI001500158.jpg,SMNI001500158,نايك SB فلت  Grey Blue Red LV
SMNI001500159.jpg,SMNI001500159,Nike SB TEAM WHITE RED
SMNI001500160.jpg,SMNI001500160,Nike SB Wolf Grey BROWEN ORG
SMNI001500161.jpg,SMNI001500161,ORG فلت تيم جرين SB نايك
SMNI001500162.jpg,SMNI001500162,Nike SB TEAM WHITE RED ORG
SMNI001500163.jpg,SMNI001500163,نايك SB One Block At A Time ORG
SMNI001500164.jpg,SMNI001500164,فلت اوتومو كاتسهيرو بلك جراي مقاسات SB نايك خاصة
SMNI001500165.jpg,SMNI001500165,ORGنايك SB فلت Why So Sad?
SMNI001500166.jpg,SMNI001500166,"Nike SB Dunk Low J-Pack Shadow
Black white"
SMNI001500167.jpg,SMNI001500167,"Nike SB Dunk Low Supreme 94 White
Metallic Silver"
SMNI001500168.jpg,SMNI001500168,Nike SB Dunk Low Pure Platinum/Burgundy Crush grey
SMNI001500169.jpg,SMNI001500169,"Nike SB Dunk Low North Face White
black assents&outsole"
SMNI001500170.jpg,SMNI001500170,Nike SB Dunk Low white black logo&heel tab louis Vuitton
SMNI001600005.jpg,SMNI001600005,نايك دانك لو انداستير بلو ساشيكو
SMNI001600006.jpg,SMNI001600006,نايك دانك لو ليت اوريوود براون ساشيكو
SMNI001600010.jpg,SMNI001600010,فوسيل ستون Year of the Rabbit نايك دانك لو
SMNI001600011.jpg,SMNI001600011,وايت يللو جراي Kobe نايك دانك لو
SMNI001600013.jpg,SMNI001600013,نايك دانك لو لوتيري باك جراي فوج
SMNI001600016.jpg,SMNI001600016,"""نايك دانك لو PRM
Year of the Rabbit White Rabbit"
SMNI001600020.jpg,SMNI001600020,نايك دانك لو كنتاكي فارسيتي رويال بلو
SMNI001600021.jpg,SMNI001600021,CLOT Cork نايك دانك لو
SMNI001600024.jpg,SMNI001600024,نايك دانك لو Triple Pink
SMNI001600028.jpg,SMNI001600028,"نايك دانك لو Union LA Passport Pack
Argon (2022)"
SMNI001600031.jpg,SMNI001600031,نايك دانك لو Barber Shop Grey
SMNI001600032.jpg,SMNI001600032,نايك دانك لو Phantom Metallic Gold
SMNI001600037.jpg,SMNI001600037,نايك دانك لو What The CLOT
SMNI001600039.jpg,SMNI001600039,نايك دانك لو Splash Volt
SMNI001600046.jpg,SMNI001600046,نايك دانك لو سموك جراي مقاسات خاصة
SMNI001600047.jpg,SMNI001600047,مقاسات خاصة 2.0 Black Panda نايك دانك لو
SMNI001600048.jpg,SMNI001600048,مقاسات  Grey White Green نايك دانك لو خاصة
SMNI001600049.jpg,SMNI001600049,"نايك دانك لو Double Swoosh Black Grey
مقاسات خاصة"
SMNI001600050.jpg,SMNI001600050,مقاسات خاصة U.S.A نايك دانك لو
SMNI001600051.jpg,SMNI001600051,نايك دانك Philadelphia Phillies مقاسات خاصة
SMNI001600052.jpg,SMNI001600052,"نايك دانك لو Steamboy OST LP3445-001
مقاسات خاصة"
SMNI001600054.jpg,SMNI001600054,نايك دانك لو Bone Beige
SMNI001600055.jpg,SMNI001600055,مقاسات خاصة beige-grey نايك دانك لو
SMNI001600056.jpg,SMNI001600056,"Nike Dunk Low DoubleSwoosh cream
beige مقاسات خاصة"
SMNI001600057.jpg,SMNI001600057,"NikE Dunk Lo OG Panda Pigeon
black whiteمقاسات خاص"
SMNI001600058.jpg,SMNI001600058,Nike Dunk Low DoubleSwoosh Neptune Green مقاسات خا
SMNI001600059.jpg,SMNI001600059,"Nike Dunk Low DoubleSwoosh pink
Rabbit مقاسات خاصة"
SMNI001600060.jpg,SMNI001600060,"Nike Dunk Low DoubleSwoosh beige
black  مقاسات خاص"
SMNI001600061.jpg,SMNI001600061,"Nike Dunk Low DoubleSwoosh beige
blue  مقاسات خاصة"
SMNI001600062.jpg,SMNI001600062,"Nike Dunk Low DoubleSwoosh beige
navy red مقاسات خاصة"
SMNI001600063.jpg,SMNI001600063,"Nike Dunk low creamy/black white
sole ORG"
SMNI001600064.jpg,SMNI001600064,"Nike Dunk Low X Grey brown logo
ORG"
SMNI001600065.jpg,SMNI001600065,Nike Dunk Low Gs Black Spider ORG
SMNI001600066.jpg,SMNI001600066,"Nike Dunk Low Supreme 94 Black
ORG"
SMNI001600068.jpg,SMNI001600068,"Nike Dunk Low Black Bright Mandarin
ORG"
SMNI001600069.jpg,SMNI001600069,Nike Dunk Low Pro White/Black ORG
SMNI001600070.jpg,SMNI001600070,"Nike Dunk Low Premium White Game
Royal ORG"
SMNI001600071.jpg,SMNI001600071,Nike Dunk Low Navy Black Gum ORG
SMNI001600072.jpg,SMNI001600072,Nike Dunk LowOff-White Lot gray
SMNI001600073.jpg,SMNI001600073,Nike Dunk low white sail superme
SMNI001600074.jpg,SMNI001600074,"Nike Dunk Low x Gucci white gray
black"
SMNI001600075.jpg,SMNI001600075,Nike Dunk Low x Gucci white gray
SMNI001600076.jpg,SMNI001600076,Nike Dunk Low white blue Gucci logo
SMNI001600077.jpg,SMNI001600077,Nike Dunk Low Worldwide White Blue
SMNI001600078.jpg,SMNI001600078,"NIKE AIR JORDAN 1 SCOTT
SUPREME white taupe logo"
SMNI001600079.jpg,SMNI001600079,"Nike SB Dunk Low Batman Carhartt
black white"
SMNI001600080.jpg,SMNI001600080,Nike Dunk Low Retro Panda WHITE BLACK speckled midsole مقاسات خاصة
SMNI001600081.jpg,SMNI001600081,"Nike Dunk Low Cacao Wow brown
white"
SMNI001600082.jpg,SMNI001600082,"Nike Dunk Low Retro Valerian Blue
white"
SMNI001600083.jpg,SMNI001600083,"Nike Dunk Low Soft Pearl Off-White
Orewood Brown"
SMNI001600084.jpg,SMNI001600084,Nike Dunk Low pink white
SMNI001600085.jpg,SMNI001600085,Nike Dunk Low Olive Phantom
SMNI001600086.jpg,SMNI001600086,"Nike SB Dunk Low Pro B Pale Ivory
gum outsole"
SMNI001600088.jpg,SMNI001600088,"Nike Dunk Low Next Nature
Hemp/Sail"
SMNI001600090.jpg,SMNI001600090,"Nike Dunk Low Midnight Navy Lt
Smoke Grey"
SMNI001600091.jpg,SMNI001600091,"Nike SB Dunk Low Just Vote white
black red blue accents"
SMNI001600092.jpg,SMNI001600092,Nike Dunk Low triple white
SMNI001600093.jpg,SMNI001600093,"Nike Dunk Low Pro SB Black orange
accents ORG"
SMNI001600095.jpg,SMNI001600095,"Nike Air Jordan 1 Low SE White red
Supreme pink blue logo"
SMNI001600096.jpg,SMNI001600096,"Nike Dunk Low x Louis Vuitton white
brown logo&outsole"
SMNI001600097.jpg,SMNI001600097,Nike Dunk Low Metallic Silver white
SMNI001600098.jpg,SMNI001600098,Nike Dunk Low Regal Pink
SMNI001600099.jpg,SMNI001600099,"Nike Dunk Low LX Metallic Silver Pink
Foam"
SMNI001600100.jpg,SMNI001600100,"Nike Dunk Low Unlock Your Space
white grey blue purple"
SMNI001600101.jpg,SMNI001600101,"Nike Dunk Low Retro SE Pale Ivory
Baroque Brown"
SMNI001600102.jpg,SMNI001600102,"Nike SB Dunk Low Dark Smoke Grey
black"
SMNI001600103.jpg,SMNI001600103,"Nike SB Dunk Low White Black
logo&outsole"
SMNI001600104.jpg,SMNI001600104,"Nike Dunk SB Low Supreme white
navy blue red accents"
SMNI001600105.jpg,SMNI001600105,Nike Dunk SB Low Supreme white Black logo&laces&outsole
SMNI001600106.jpg,SMNI001600106,Nike Dunk SB Low The North Face off-white navy blue laces
SMNI001600107.jpg,SMNI001600107,"Nike Dunk SB Low Supreme off-white
Grey"
SMNI001600108.jpg,SMNI001600108,نايك دانك لو لوتيري باك جراي فوج مقاسات خاصة
SMNI001600109.jpg,SMNI001600109,"نايك SB One Block At A Time  مقاسات
خاصة"
SMNI001600110.jpg,SMNI001600110,"Nike SB Dunk Low beige red
Supreme"
SMNI001600111.jpg,SMNI001600111,Nike SB Dunk Low gray red Supreme
SMNI001600112.jpg,SMNI001600112,"Nike SB Dunk Low olive-green red
Supreme logo"
SMNI001600113.jpg,SMNI001600113,"Nike SB Dunk Low white black
Labubu"
SMNI001600114.jpg,SMNI001600114,"Nike SB Dunk Low white light pinkish
light blue accents Labubu"
SMNI001600115.jpg,SMNI001600115,"Nike SB Dunk Low pink white pink
outsole Labubu"
SMNI001600116.jpg,SMNI001600116,"Nike Dunk Low black white
camouflage"
SMNI001600117.jpg,SMNI001600117,Nike Dunk Low white dark blue 8 Ball
SMNI001600118.jpg,SMNI001600118,"Nike SB Dunk Low Pro B Pale Ivory
gum outsole ORG"
SMNI001600119.jpg,SMNI001600119,"Nike SB Dunk Low Otomo Katsuhiro
Brown / Steamboy OST"
SMNI001600120.jpg,SMNI001600120,"Nike SB Dunk Low Pro Triple White
orange assents"
SMNI001600121.jpg,SMNI001600121,"Nike x Supreme SB Dunk Low White
grey red"
SMNI001700001.jpg,SMNI001700001,نايك جوردن 3 تريبل وايت
SMNI001700003.jpg,SMNI001700003,نايك جوردن 3 فراجمنت وايت بلك
SMNI001700008.jpg,SMNI001700008,3 نايك جوردن J Balvin Rio
SMNI001700010.jpg,SMNI001700010,Retro A Ma Maneire 3 نايك جوردن
SMNI001700011.jpg,SMNI001700011,"ORG Retro Silver Anniversary  نايك
3 جوردن"
SMNI001700012.jpg,SMNI001700012,"Nike Air Jordan 3 Spizike Low Black
Cat  Vogue Walk"
SMNI001700013.jpg,SMNI001700013,Air Jordan 3 Retro Craft Ivory
SMNI001800002.jpg,SMNI001800002,نايك بليزر فلت وايت بلك
SMNI001800009.jpg,SMNI001800009,ORG نايك بليزر فلت وايت بلك
SMNI002100001.jpg,SMNI002100001,نايك ايرماكس بلس 3 وولف جراي
SMNI002100002.jpg,SMNI002100002,نايك ايرماكس بلس 3 بلك ريد
SMNI002100003.jpg,SMNI002100003,نايك ايرماكس بلس 3 تريبل وايت
SMNI002100004.jpg,SMNI002100004,نايك ايرماكس بلس 3 بلك بلو
SMNI002100006.jpg,SMNI002100006,نايك ايرماكس بلس 3 تريبل بلك
SMNI002100008.jpg,SMNI002100008,نايك ايرماكس بلس 3 تراك ريد
SMNI002100010.jpg,SMNI002100010,نايك ايرماكس بلس 3 بلك سووش بلو
SMNI002100011.jpg,SMNI002100011,نايك ايرماكس بلس 3 لزار وايت بلك
SMNI002100013.jpg,SMNI002100013,نايك ايرماكس بلس 3 بلك سووش جولد
SMNI002100017.jpg,SMNI002100017,نايك ايرماكس بلس 3 ليزر بلو
SMNI002100018.jpg,SMNI002100018,نايك ايرماكس بلس 3 بلك سووش سيلفر
SMNI002100020.jpg,SMNI002100020,نايك ايرماكس بلس 3 بلك سكاي بلو
SMNI002100021.jpg,SMNI002100021,3 نايك ايرماكس بلس Chaussures Blue
SMNI002100024.jpg,SMNI002100024,3 نايك ايرماكس بلس Black Dark Blue
SMNI002100025.jpg,SMNI002100025,AZUL Blue نايك ايرماكس بلس 3
SMNI002100026.jpg,SMNI002100026,3 نايك ايرماكس بلس Black Gray Red
SMNI002100027.jpg,SMNI002100027,"Aqua Gradient TN Blue نايك ايرماكس بلس
3"
SMNI002100028.jpg,SMNI002100028,"Nike Air Max Plus 3White Black Team
Orange"
SMNI002100029.jpg,SMNI002100029,"Nike Air Max Plus 3 BLACK RED
BIUE Spider-Man"
SMNI002100030.jpg,SMNI002100030,نايك ايرماكس بلس 3 جراى سووش مينت
SMNI002300006.jpg,SMNI002300006,تمبو وايت سكاي بلو UP نايك
SMNI002300019.jpg,SMNI002300019,Black White University Red تمبو UP نايك
SMNI002600002.jpg,SMNI002600002,Nike Air Humara LX Jacquemus creamy off-white Light Bone
SMNI002700002.jpg,SMNI002700002,"Nike Air Max 1 Obsidian and Light
Orewood Brown"
SMNI002700003.jpg,SMNI002700003,Nike Air Max 1 brown stone grey
SMNI002700004.jpg,SMNI002700004,Nike Air Max 1 Wolf Grey
SMNI002700005.jpg,SMNI002700005,Nike Air Max 1 Jewel Black
SMNI002800001.jpg,SMNI002800001,نايك ايرماكس بلس تريبل بلك
SMNI002800002.jpg,SMNI002800002,نايك ايرماكس بلس تريبل وايت
SMNI002800003.jpg,SMNI002800003,نايك ايرماكس بلس سيل بلو
SMNI002800004.jpg,SMNI002800004,نايك ايرماكس بلس جراي ريفليكتف لوجو
SMNI002800005.jpg,SMNI002800005,نايك ايرماكس بلس بلك بارتيكال جراي فابور
SMNI002800006.jpg,SMNI002800006,Grape نايك ايرماكس بلس
SMNI002800008.jpg,SMNI002800008,BLACK WHITE نايك ايرماكس بلس
SMNI002800009.jpg,SMNI002800009,Patta - FC Barcelona نايك ايرماكس بلس
SMNI002800010.jpg,SMNI002800010,نايك ايرماكس بلس White Black Red
SMNI002800015.jpg,SMNI002800015,ايرماكس بلس Multicolor Pink Blue
SMNI002800016.jpg,SMNI002800016,TN France  نايك ايرماكس بلس
SMNI002800017.jpg,SMNI002800017,25  نايك ايرماكس بلسth Anniversary
SMNI002800018.jpg,SMNI002800018,Black Metallic Silver نايك ايرماكس بلس
SMNI002800019.jpg,SMNI002800019,ايرماكس بلس WhiteTeal Green Blue
SMNI002800020.jpg,SMNI002800020,"نايك ايرماكس بلس Black White Killer
Whale"
SMNI002800021.jpg,SMNI002800021,نايك ايرماكس بلس White Black Mint Green
SMNI002800022.jpg,SMNI002800022,نايك ايرماكس بلس White GRAY logo pink
SMNI002800023.jpg,SMNI002800023,نايك ايرماكس بلس Swarovski Moonlight
SMNI002800024.jpg,SMNI002800024,نايك اير ماكس بلس Heat Light Blue  Black
SMNI002800025.jpg,SMNI002800025,"نايك اير ماكس بلس Heat Green Glow
Black"
SMNI002800026.jpg,SMNI002800026,نايك اير ماكس بلس Heat Light Red Black
SMNI002800027.jpg,SMNI002800027,NIKE AIR MAX PLUS GARY
SMNI002800029.jpg,SMNI002800029,"NIKE AIR MAX PLUS BLACK GRAY
ORANGE LOGO"
SMNI002800030.jpg,SMNI002800030,"NIKE AIR MAX PLUS GRAY BLACK
ORANGE LOGO"
SMNI002800031.jpg,SMNI002800031,"NIKE AIR MAX PLUS BLACK GRAY
RED LOGO"
SMNI002800032.jpg,SMNI002800032,Nike Air Max Plus Black Hyper Pink
SMNI002800033.jpg,SMNI002800033,"Nike TN Air Max Plus Grey BLACK
LOGO"
SMNI002800034.jpg,SMNI002800034,Nike Air Max Plus Grape Ice
SMNI002800035.jpg,SMNI002800035,White Pink نايك ايرماكس بلس
SMNI002800036.jpg,SMNI002800036,نايك ايرماكس بلس تريبل بلك مقاسات خاصة
SMNI002800037.jpg,SMNI002800037,نايك ايرماكس بلس تريبل وايت مقاسات خاصة
SMNI002800038.jpg,SMNI002800038,"Black White Killer نايك ايرماكس بلس
مقاسات خاصة Whale"
SMNI002800039.jpg,SMNI002800039,"نايك ايرماكس بلس  Black Metallic Silver
مقاسات خاصة"
SMNI002800040.jpg,SMNI002800040,مقاسات خاصة Grape نايك ايرماكس بلس
SMNI002800041.jpg,SMNI002800041,"Nike Air Max Plus Deadpool red  black
مقاسات خاصة"
SMNI002800042.jpg,SMNI002800042,Nike Air Max Plus white olive green
SMNI002800043.jpg,SMNI002800043,"Nike Air Max Plus Mercurial Vapor
white black turquoise"
SMNI002800044.jpg,SMNI002800044,Nike Air Max Plus Black White Grey
SMNI002800045.jpg,SMNI002800045,Nike Air Max Plus PSG Paris Saint-Germain Black Particle Grey
SMNI002800046.jpg,SMNI002800046,Nike Air Max Plus Sail Light Violet
SMNI002800047.jpg,SMNI002800047,Nike Air Max Plus Pink Fade WHITE
SMNI002800048.jpg,SMNI002800048,"Nike Air Max Plus Purple BLACK
WHITE"
SMNI002800049.jpg,SMNI002800049,Nike Air Max Plus All Day Sunset Pulse/Pink Foam/White/Black
SMNI002800050.jpg,SMNI002800050,"Nike Air Max Plus Black Laser Orange
White Hyper Violet"
SMNI002800051.jpg,SMNI002800051,Nike Air Max Plus Ice White/Black/Baltic Blue
SMNI002800052.jpg,SMNI002800052,"Nike Air Max Plus Black Honey gold
LOGO"
SMNI002800053.jpg,SMNI002800053,Nike Air Max Plus Flairemax black red
SMNI002800054.jpg,SMNI002800054,"Nike Air Max Plus Hot Curry Smoke
Grey orange"
SMNI002800055.jpg,SMNI002800055,"Nike Air Max Plus Olive Gradient
White Casual"
SMNI002800056.jpg,SMNI002800056,"Nike Air Max Plus navy blue wavy
black bright red"
SMNI002800057.jpg,SMNI002800057,Nike Air Max Plus Battle Blue white
SMNI002800058.jpg,SMNI002800058,"Nike Air Max Plus black wavy white
black midsole/outsole"
SMNI002800059.jpg,SMNI002800059,Nike Air Max Plus Ironstone House of Heat brown grey silver tones
SMNI002800060.jpg,SMNI002800060,"Nike Air Max Plus Black Hot Punch
Pink Black Gradient"
SMNI002800061.jpg,SMNI002800061,"Nike Air Max Plus Burgundy Crush
white"
SMNI002800062.jpg,SMNI002800062,"Nike Air Max Plus Neon Pearl Black
Grey Lime"
SMNI002900003.jpg,SMNI002900003,نايك ايرزووم الفافلى نكست بروتوتيب
SMNI003000006.jpg,SMNI003000006,"Nike ZoomX Invincible Run 3 White
Photon Dust"
SMNI003100001.jpg,SMNI003100001,كوبليستون بيوتر 5 VOMERO نايك زووم
SMNI003100002.jpg,SMNI003100002,فوتون داست ميتاليك  5 VOMERO نايك زووم سيلفر
SMNI003100003.jpg,SMNI003100003,بينك سكاي بلو 5 VOMERO نايك زووم
SMNI003100006.jpg,SMNI003100006,"نايك زووم VOMERO 5 520 Pack Ocean
Bliss"
SMNI003100007.jpg,SMNI003100007,تريبل بلك 5 VOMERO نايك زووم
SMNI003100008.jpg,SMNI003100008,نايك زووم VOMERO 5 Vast Grey
SMNI003100009.jpg,SMNI003100009,نايك زووم VOMERO 5 Black Silver
SMNI003100010.jpg,SMNI003100010,"نايك زووم VOMERO 5 520 Pack White
Pink"
SMNI003100011.jpg,SMNI003100011,نايك زووم vomero 5 off white بيج
SMNI003100012.jpg,SMNI003100012,نايك زووم vomero 5 off white بلك
SMNI003100013.jpg,SMNI003100013,نايك زووم VOMERO 5 Pink Foam
SMNI003100014.jpg,SMNI003100014,نايك Zoom Vomero 5 Anthracite Black
SMNI003100015.jpg,SMNI003100015,نايك زووم VOMERO 5  Earth Fossil
SMNI003100016.jpg,SMNI003100016,ننايك زووم VOMERO 5 Pale Ivory  Fossil
SMNI003100017.jpg,SMNI003100017,"ننايك زووم VOMERO  5 Photon Dust
Black"
SMNI003100018.jpg,SMNI003100018,ننايك زووم VOMERO 5 wolf Cool Grey
SMNI003100019.jpg,SMNI003100019,نايك زووم VOMERO 5 Metallic Gold
SMNI003100020.jpg,SMNI003100020,Nike Zoom Vomero 5 white
SMNI003100021.jpg,SMNI003100021,"Nike Zoom Vomero 5 Sail Mink Brown
Black"
SMNI003100022.jpg,SMNI003100022,"Nike Zoom Vomero 5 Elemental Pink
white"
SMNI003500002.jpg,SMNI003500002,95SP Monster نايك اير ماكس
SMNI003500003.jpg,SMNI003500003,95SP Corteiz Pink Beam نايك اير ماكس
SMNI003500004.jpg,SMNI003500004,"Nike Air Max 95 Black gray Royal Blue
accents"
SMNI003500005.jpg,SMNI003500005,"Nike Air Max 95 Dark Cinder/Red
brown Soft Pearl"
SMNI003600001.jpg,SMNI003600001,ليفت وايت بلك Court Legacy نايك
SMNI003600002.jpg,SMNI003600002,"Court Legacy Lift Pearl White
Phantom"
SMNI003600003.jpg,SMNI003600003,NIKE Court Legacy Pearl White
SMNI003600004.jpg,SMNI003600004,Nike Court Legacy Lift Triple White
SMNI003700001.jpg,SMNI003700001,امبوش بلك سايكيك بربل Adjust Force نايك
SMNI003700002.jpg,SMNI003700002,امبوش بلك وايت سووش Adjust Force نايك
SMNI004100001.jpg,SMNI004100001,وايت ميتاليك سيلفر ماكس اورانج Shox TL نايك
SMNI004100002.jpg,SMNI004100002,نايك Shox TL 2023 بلك
SMNI004100003.jpg,SMNI004100003,نايك Shox TL Neymar
SMNI004100004.jpg,SMNI004100004,Nike Shox TLPink Foam
SMNI004100005.jpg,SMNI004100005,"Nike Shox TL White Wolf Grey Black
Metallic Silver"
SMNI004100006.jpg,SMNI004100006,Nike Shox TL Black Playful Pink
SMNI004400007.jpg,SMNI004400007,6 نايك جوردن Travis Scott
SMNI004500002.jpg,SMNI004500002,13 نايك جوردن Playoffs (2023)
SMNI004500003.jpg,SMNI004500003,13 نايك جوردن DEFINING MOMENTS
SMNI004500004.jpg,SMNI004500004,"Cap and Gown trible black 13  نايك
جوردن"
SMNI004500005.jpg,SMNI004500005,He Got Game white black 13 نايك جوردن
SMNI004500006.jpg,SMNI004500006,Wolf Grey  13 نايك جوردن
SMNI004500007.jpg,SMNI004500007,Jordan 13 Retro Black Cat ORG
SMNI004800001.jpg,SMNI004800001,"نايك Jordan Jumpman Jack TR Travis
Scott Sail"
SMNI004800003.jpg,SMNI004800003,"نايك Jordan Jumpman Jack TR Travis
Scott Dark Moch"
SMNI004800004.jpg,SMNI004800004,"نايك Jordan Jumpman Jack TR Scott
Dark Mocha ORG"
SMNI004900002.jpg,SMNI004900002,نايك Spark Phantom Dark Smoke Grey
SMNI005000003.jpg,SMNI005000003,Nike ReactX Infinity Run 4 GORE-TEX black white
SMNI005000004.jpg,SMNI005000004,Nike ReactX Infinity Run 4 GORE-TEX triple black
SMNI005000005.jpg,SMNI005000005,Nike ReactX Infinity Run 4 GORE-TEX Sea Glass Total Orange
SMNI005000006.jpg,SMNI005000006,"Nike ReactX Infinity Run 4 GORE-TEX Deep Jungle Total
Orange"
SMNI005200001.jpg,SMNI005200001,بلك وايت V2K Run نايك
SMNI005200002.jpg,SMNI005200002,وايت بربل V2K Run نايك
SMNI005200004.jpg,SMNI005200004,"نايك V2K Run Summit White Metallic
Silver"
SMNI005200005.jpg,SMNI005200005,نايك V2K Run Black Dark Smoke Grey
SMNI005200011.jpg,SMNI005200011,"""نايك  V2K Run Summit White Pltnmtrnt
"""
SMNI005200012.jpg,SMNI005200012,نايك  V2K Run White Burgundy
SMNI005200013.jpg,SMNI005200013,نايك V2K Run White Ore Silver
SMNI005200014.jpg,SMNI005200014,"نايك V2K Run White Light Orewood
Brown"
SMNI005200015.jpg,SMNI005200015,نايك  V2K Run Summit Brown gray beig
SMNI005200016.jpg,SMNI005200016,"نايك  V2K Run Pltnmtrnt White Photon
Dust"
SMNI005200017.jpg,SMNI005200017,نايك  V2K Run Cream White
SMNI005200018.jpg,SMNI005200018,Nike V2K Run Phantom LIght Khaki
SMNI005200019.jpg,SMNI005200019,Nike V2K Run Phantom LIght Khaki
SMNI005200020.jpg,SMNI005200020,Nike V2K Run WHITE SILVER orang
SMNI005200021.jpg,SMNI005200021,Nike V2K Run WHITE
SMNI005200022.jpg,SMNI005200022,"Nike V2K Run GRAY WHITE PINK
SOLE"
SMNI005200023.jpg,SMNI005200023,Nike V2K Run Platinum Violet
SMNI005200024.jpg,SMNI005200024,"Nike V2K Run WHITE GRAY SOLE
PINK LOGO"
SMNI005200025.jpg,SMNI005200025,Nike V2K Run Metallic Silver White
SMNI005200026.jpg,SMNI005200026,Nike V2K Run black white logo
SMNI005200027.jpg,SMNI005200027,"Nike V2K Run Summit White/Metallic
Silver black"
SMNI005200028.jpg,SMNI005200028,Nike V2K Run light blue white gray
SMNI005200029.jpg,SMNI005200029,"Nike V2K Run Velvet Brown White
Black Baroque Brown"
SMNI005200030.jpg,SMNI005200030,Nike V2K Run Summit Pink burgundy
SMNI005200031.jpg,SMNI005200031,Nike V2K Run Pink Foam white
SMNI005200032.jpg,SMNI005200032,"Nike V2K Run Wolf Grey Midnight
Marine Homme"
SMNI005200033.jpg,SMNI005200033,"Nike V2K Run Obsidian/Thunder
Blue/Wolf Grey"
SMNI005200034.jpg,SMNI005200034,Nike V2K Run Mink Brown Summit White College Grey Ironstone
SMNI005200035.jpg,SMNI005200035,"Nike V2K Run Velvet Brown White
Black"
SMNI005200036.jpg,SMNI005200036,Nike V2K Run Metallic Silver White
SMNI005200037.jpg,SMNI005200037,"Nike V2K Run Thunder Blue Wolf
Grey Obsidian"
SMNI005200038.jpg,SMNI005200038,"Nike V2K Run Metallic Silver Cave
Stone pink"
SMNI005400003.jpg,SMNI005400003,ORG نايك Jordan 5 Fresh Prince Grape
SMNI005500004.jpg,SMNI005500004,"نايك زووم X Zegama Trail 2 WHITE
yellow"
SMNI005600002.jpg,SMNI005600002,نايك Pegasus 2K5 بلك
SMNI005700001.jpg,SMNI005700001,نايك ايرماكس الترا ريد بلك
SMNI005700003.jpg,SMNI005700003,نايك ايرماكس الترا بلك جولد
SMNI005700004.jpg,SMNI005700004,نايك ايرماكس الترا بلك
SMNI005700005.jpg,SMNI005700005,نايك ايرماكس الترا بلك فولت
SMNI005700006.jpg,SMNI005700006,نايك ايرماكس الترا بلك ريد
SMNI005700008.jpg,SMNI005700008,dark navy red نايك ايرماكس الترا
SMNI005700009.jpg,SMNI005700009,نايك ايرماكس الترا بلك وايت لوجو
SMNI005700010.jpg,SMNI005700010,black orange نايك ايرماكس الترا
SMNI005800001.jpg,SMNI005800001,DN All Night نايك ايرماكس
SMNI005800002.jpg,SMNI005800002,DN Black Dark Smoke Grey نايك ايرماكس
SMNI005800003.jpg,SMNI005800003,DN نايك ايرماكس بلك سوش ريد
SMNI005800004.jpg,SMNI005800004,White DN نايك ايرماكس
SMNI005800005.jpg,SMNI005800005,نايك ايرماكس DN Hyper Blue
SMNI005800006.jpg,SMNI005800006,نايك ليرماكس DN Black White Cool Grey
SMNI005800007.jpg,SMNI005800007,نايك ايرماكس DN Volt Black
SMNI005800008.jpg,SMNI005800008,DN All Day نايك ايرماكس
SMNI005900001.jpg,SMNI005900001,"نايك ايرماكس Black Galactic Jade DN
Supreme"
SMNI005900002.jpg,SMNI005900002,نايك ايرماكس Black White DN Supreme
SMNI005900003.jpg,SMNI005900003,نايك ايرماكس Dn Supreme Silver Bullet
SMNI006100003.jpg,SMNI006100003,"Great Outdoors Triple Black Cortez
TXT نايك"
SMNI006100004.jpg,SMNI006100004,PinkSoft sail Fir Cortez TXT نايك
SMNI006100005.jpg,SMNI006100005,Dark Green sail Fir Cortez TXT نايك
SMNI006100006.jpg,SMNI006100006,Baroque Brown sail Fir Cortez TXT نايك
SMNI006100007.jpg,SMNI006100007,"white gray Coral sail Fir Cortez TXT
نايك"
SMNI006100008.jpg,SMNI006100008,Triple white Classic 23 Cortez TXT نايك
SMNI006100009.jpg,SMNI006100009,Leather Metallic Silver Cortez TXT نايك
SMNI006100010.jpg,SMNI006100010,Leather Fuchsia Cortez TXT نايك
SMNI006100011.jpg,SMNI006100011,Picante Red  Cortez TXT نايك
SMNI006100012.jpg,SMNI006100012,"Nike Cortez TXT Dark Team Red
Navy White"
SMNI006100013.jpg,SMNI006100013,"Nike Cortez TXT Vintage Green
Muslin brown Gum"
SMNI006100014.jpg,SMNI006100014,Nike Cortez TXT Vintage Mink Medium Brown/White
SMNI006100015.jpg,SMNI006100015,Nike Cortez TXT Fir Pinksicle Sail dark green pink LOGO&Midsole
SMNI006100016.jpg,SMNI006100016,Nike Cortez TXT black white
SMNI006100017.jpg,SMNI006100017,Nike Cortez TXT white black
SMNI006100018.jpg,SMNI006100018,"Nike Cortez TXT midnight navy blue
white"
SMNI006100019.jpg,SMNI006100019,"Nike Cortez TXT white red black stripe
midsole"
SMNI006100020.jpg,SMNI006100020,Nike Cortez TXT white brown midsole
SMNI006100021.jpg,SMNI006100021,Nike Cortez TXT Velvet Brown black
SMNI006100022.jpg,SMNI006100022,"Nike Cortez TXT Basic Forrest Gump
white red blue"
SMNI006100023.jpg,SMNI006100023,"Nike Cortez TXT Basic Forrest Gump
white red"
SMNI006100024.jpg,SMNI006100024,Nike Cortez TXT white brown midsole
SMNI006200001.jpg,SMNI006200001,"نايك P-6000 RED METALLIC
PLATINUM"
SMNI006200002.jpg,SMNI006200002,نايك P-6000 WHITE SILVER
SMNI006200003.jpg,SMNI006200003,نايك P-6000 SILVER BLUE
SMNI006200006.jpg,SMNI006200006,نايك P-6000 Black Noir Anthracite
SMNI006200007.jpg,SMNI006200007,نايك P-6000 Metallic Silver
SMNI006200008.jpg,SMNI006200008,نايك P-6000 Triple White
SMNI006200009.jpg,SMNI006200009,نايك P-6000 Triple BALACK
SMNI006200010.jpg,SMNI006200010,NIKE P-6000 black white
SMNI006200011.jpg,SMNI006200011,NIKE P-6000 white brown beige
SMNI006200012.jpg,SMNI006200012,"NIKE P-6000 Flat Pewter/White-Light
Iron Ore"
SMNI006200013.jpg,SMNI006200013,NIKE P-6000 Sail white light beige
SMNI006200014.jpg,SMNI006200014,"NIKE P-6000 Platinum Violet and Vast
Grey"
SMNI006200015.jpg,SMNI006200015,"Nike P-6000 Elemental Pink Metallic
Silver"
SMNI006200016.jpg,SMNI006200016,Nike P-6000 Summit White navy logo
SMNI006200017.jpg,SMNI006200017,Nike P-6000 custom pink white
SMNI006200018.jpg,SMNI006200018,Nike P-6000 Earth Light Bone
SMNI006200019.jpg,SMNI006200019,"Nike P-6000 Platinum Tint Black
white/silver-tone/black"
SMNI006200020.jpg,SMNI006200020,"Nike P-6000 Shadow Grey Black
White/Metallic Silver"
SMNI006200021.jpg,SMNI006200021,"Nike P-6000 Photon Dust Anthracite
white gray"
SMNI006200022.jpg,SMNI006200022,"Nike P-6000 black Iron Grey Dark
Smoke Grey"
SMNI006200023.jpg,SMNI006200023,Nike P-6000 Black Cool Grey
SMNI006200024.jpg,SMNI006200024,"Nike P-6000 Dusty Cactus WHITE
SILVER BLUE"
SMNI006200025.jpg,SMNI006200025,"Nike P-6000 White Blue Tint Sail
Metallic Silver"
SMNI006200026.jpg,SMNI006200026,"Nike P-6000 Summit White Pure
Platinum"
SMNI006200027.jpg,SMNI006200027,"Nike P-6000 White Purple Light Violet
Ore"
SMNI006400001.jpg,SMNI006400001,"Nike Air Max Sunder Canyon Gold
Deep Ocean"
SMNI006400002.jpg,SMNI006400002,Nike Air Max Sunder Volt Black
SMNI006400003.jpg,SMNI006400003,Nike Air Max Sunder Hyper Pink Black
SMNI006500001.jpg,SMNI006500001,"Nike NOCTA Glide Drake EYBL Green
Strike"
SMNI006500002.jpg,SMNI006500002,Nike NOCTA Glide Black Red
SMNI006600001.jpg,SMNI006600001,"Nike Jordan Jumpman Jack TR Travis
Scott Dark Moc"
SMNI006700001.jpg,SMNI006700001,Nike LeBron 20 White Gold
SMNI006800001.jpg,SMNI006800001,نايك Air Max Portal white navy
SMNI006800002.jpg,SMNI006800002,NIKE Air Max Portal black white
SMNI006800003.jpg,SMNI006800003,NIKE Air Max Portal white team red
SMNI006800004.jpg,SMNI006800004,NIKE Air Max Portal triple white
SMNI006800005.jpg,SMNI006800005,NIKE Air Max Portal triple black
SMNI006800006.jpg,SMNI006800006,Nike Air Max Portal Sail Black
SMNI006800007.jpg,SMNI006800007,Nike Air Max Portal black pinksicle
SMNI006800008.jpg,SMNI006800008,"Nike Air Max Portal Light Soft Pink
Violet"
SMNI006800009.jpg,SMNI006800009,"Nike Air Max Portal Sail/Pink
Foam-Aluminum"
SMNI006800010.jpg,SMNI006800010,"Nike Air Max Portal SE Metallic Silver
Phantom"
SMNI006800011.jpg,SMNI006800011,"Nike Air Max Portal Mink Brown White
Light Sand"
SMNI006900001.jpg,SMNI006900001,وايت ريد 6 tn نايك اير ماكس
SMNI006900002.jpg,SMNI006900002,بلك سيلفر 6 tn نايك اير ماكس
SMNI006900003.jpg,SMNI006900003,بلك جولد 6 tn نايك اير ماكس
SMNI006900004.jpg,SMNI006900004,نايك اير ماكس tn 6 yellow silver
SMNI006900005.jpg,SMNI006900005,تريبل بلك 6 tn نايك اير ماكس
SMNI007000001.jpg,SMNI007000001,"نايك Journey Run Black Anthracite
White"
SMNI007000002.jpg,SMNI007000002,نايك Journey Run Black Anthracite
SMNI007000003.jpg,SMNI007000003,نايك Journey Run White PlatinumTintCoconutMMCS
SMNI007000004.jpg,SMNI007000004,Nike Journey Run Summit White Barely Grape Violet Mist Daybreak
SMNI007000005.jpg,SMNI007000005,"Nike Journey Run White Black Ashen
Slate Metallic Silver"
SMNI007000006.jpg,SMNI007000006,"Nike Journey Run navy Midnight Navy
Metallic Gold pink"
SMNI007000007.jpg,SMNI007000007,"Nike Journey Run Pure White Metallic
Silver"
SMNI007000008.jpg,SMNI007000008,Nike Journey Run black white pink
SMNI007100001.jpg,SMNI007100001,"Zoom Vomero 5 Roam Triple Black
نايك زووم"
SMNI007100002.jpg,SMNI007100002,"نايك زووم Zoom Vomero 5 Roam Light
Bone Mink Brown"
SMNI007100003.jpg,SMNI007100003,"نايك زووم Zoom Vomero 5 Roam Black
Light"
SMNI007100004.jpg,SMNI007100004,"نايك Zoom Vomero 5 Roam Summit
White"
SMNI007200001.jpg,SMNI007200001,نايك Zoom x Smiley بلك وايت
SMNI007200002.jpg,SMNI007200002,وايت ليت جراي Zoom x Smiley نايك
SMNI007200003.jpg,SMNI007200003,بلك مالتي كلر Zoom x Smiley نايك
SMNI007200004.jpg,SMNI007200004,نايك Zoom x Smiley بلك بيتش
SMNI007200005.jpg,SMNI007200005,نايك Zoom x Smiley ليت نيون
SMNI007200006.jpg,SMNI007200006,NIKE Zoom x Smiley trible black
SMNI007200007.jpg,SMNI007200007,NIKE Zoom x Smiley white black
SMNI007200008.jpg,SMNI007200008,Nike Zoom x Smiley navy blue white
SMNI007200009.jpg,SMNI007200009,Nike Zoom x Smiley white muliticolor
SMNI007200010.jpg,SMNI007200010,"Nike Zoom x Smiley white pink light
blue"
SMNI007200011.jpg,SMNI007200011,Nike Zoom x Smiley black bright pink
SMNI007300001.jpg,SMNI007300001,نايك Air Zoom Alphafly Next% 3 Premium Ekiden Pack
SMNI007400001.jpg,SMNI007400001,نايك Air Max Muse White Black Sole
SMNI007400002.jpg,SMNI007400002,نايك Air Max Muse White White
SMNI007400003.jpg,SMNI007400003,نايك Air Max Muse Black White Swoosh
SMNI007400004.jpg,SMNI007400004,"NIKE Air Max Muse College Grey
Light Bone"
SMNI007400005.jpg,SMNI007400005,"NIKE Air Max Muse Desert Sand
Beige/Black"
SMNI007400006.jpg,SMNI007400006,"NIKE Air Max Muse White/Metallic
Silver"
SMNI007400007.jpg,SMNI007400007,"NIKE Air Max Muse Black Metallic
Silver"
SMNI007400008.jpg,SMNI007400008,"NIKE Air Max Muse Black/Metallic
Silver"
SMNI007500001.jpg,SMNI007500001,نايك Air Max Sunder BlackDarkSmokeGreyMetallicGold
SMNI007500002.jpg,SMNI007500002,"نايك Air Max Sunder Obsidian Grey
Haze"
SMNI007500003.jpg,SMNI007500003,نايك Air Max Sunder Phantom Black
SMNI007500004.jpg,SMNI007500004,نايك Air Max Sunder Triple Black
SMNI007600001.jpg,SMNI007600001,نايك Hot Step 2 NOCTA Black
SMNI007600002.jpg,SMNI007600002,نايك Hot Step 2 NOCTA White
SMNI007700001.jpg,SMNI007700001,نايك اير ماكس  Dn8  White black gold
SMNI007700002.jpg,SMNI007700002,نايك اير ماكس  Dn8  Black GRAY
SMNI007700003.jpg,SMNI007700003,نايك اير ماكس  Dn8  Black GRAY Gym
SMNI007700004.jpg,SMNI007700004,نايك اير ماكس  Dn8 Black Volt
SMNI007900001.jpg,SMNI007900001,11 نايك جوردن Retro CherryVarsity Red
SMNI007900002.jpg,SMNI007900002,"11 نايك جوردن Retro Midnight Navy
White"
SMNI007900003.jpg,SMNI007900003,11 نايك جوردن Retro Black Red
SMNI007900004.jpg,SMNI007900004,11 نايك جوردن Retro Cool Grey
SMNI007900005.jpg,SMNI007900005,"11 نايك جوردن Retro Playoffs BlackRed
wht"
SMNI007900006.jpg,SMNI007900006,11 نايك جوردن Retro Cap and Gown
SMNI007900007.jpg,SMNI007900007,11 نايك جوردن Retro DMP Gratitude
SMNI007900008.jpg,SMNI007900008,11 نايك جوردن Retro Gamma Blue (GS)
SMNI007900009.jpg,SMNI007900009,11 نايك جوردن Retro Low All Black
SMNI007900010.jpg,SMNI007900010,11 نايك جوردن Retro Low georgetown
SMNI007900011.jpg,SMNI007900011,11 نايك جوردن Retro Low Black Cat
SMNI007900012.jpg,SMNI007900012,"11 نايك جوردن Retro Low Space Jam
(PS)"
SMNI007900013.jpg,SMNI007900013,11 نايك جوردن Retro Anniversary White
SMNI007900014.jpg,SMNI007900014,"11 نايك جوردن Retro BLACK GRAY
WHITE SOLE"
SMNI008000001.jpg,SMNI008000001,"AIR DT MAX 96 Falcons Grey  نايك
ايرماكس"
SMNI008000002.jpg,SMNI008000002,"AIR DT MAX 96 Falcons Black  نايك
ايرماكس"
SMNI008100001.jpg,SMNI008100001,Nike Shox R4 Black Comet Red
SMNI008100002.jpg,SMNI008100002,"""Nike Shox R4 White Bright Crimson
Metallic Silver"
SMNI008100003.jpg,SMNI008100003,Nike Shox R4Triple BlacK
SMNI008100004.jpg,SMNI008100004,Nike Shox R4 Black Metallic Silver
SMNI008100005.jpg,SMNI008100005,Nike Shox R4 Black Metallic Gold
SMNI008100006.jpg,SMNI008100006,"Nike Shox R4 White And Red Black
SOLE"
SMNI008100007.jpg,SMNI008100007,Nike Shox R4  Black Sakura
SMNI008100008.jpg,SMNI008100008,"Nike Shox R4 White/Metallic
Silver-Comet Red"
SMNI008100009.jpg,SMNI008100009,"Nike Shox R4 Particle Rose Tattoo
Silver"
SMNI008100010.jpg,SMNI008100010,Nike Shox R4 solid white
SMNI008100011.jpg,SMNI008100011,Nike Shox R4 Soft Pearl Hydrangeas
SMNI008100012.jpg,SMNI008100012,Nike Shox R4 black dark beige
SMNI008100013.jpg,SMNI008100013,"Nike Shox R4 light beige Metallic/Dark
Grey"
SMNI008200001.jpg,SMNI008200001,"Nike Air VaporMax Plus gray black
lines"
SMNI008200002.jpg,SMNI008200002,Nike Air VaporMax Plus triple white
SMNI008200003.jpg,SMNI008200003,"Nike Air VaporMax Plus Black Metallic
Gold"
SMNI008200004.jpg,SMNI008200004,"Nike Air VaporMax Plus Burgundy Red
black"
SMNI008200005.jpg,SMNI008200005,Nike Air Vapormax Plus Midnight Navy
SMNI008200006.jpg,SMNI008200006,Nike Air VaporMax Plus Triple Black
SMNI008300001.jpg,SMNI008300001,Nike Jordan Spizike Low black Green
SMNI008400001.jpg,SMNI008400001,"Nike Zoom Fly 6 Vivid Grape Hyper
Pink"
SMNI008400002.jpg,SMNI008400002,Nike Zoom Fly 6 Vivid black gary white
SMNI008400003.jpg,SMNI008400003,Nike Zoom Fly 6 Ekiden Pack White Red Black multicolor flame
SMNI008400004.jpg,SMNI008400004,Nike Zoom Fly 6 White/Vivid Grape/Hyper Pink/Black
SMNI008500001.jpg,SMNI008500001,"Nike Vomero 18 Black Dark Smoke
Grey"
SMNI008500002.jpg,SMNI008500002,"Nike Vomero 18 Black white Grey Red
Light"
SMNI008500003.jpg,SMNI008500003,"Nike Vomero 18 Black/Metallic
Silver/White"
SMNI008500005.jpg,SMNI008500005,Nike Vomero 18 Multi-Color/White/Sail/Black colorway
SMNI008500006.jpg,SMNI008500006,Nike Vomero 18 Atmosphere/Black/Bright Crimson
SMNI008500007.jpg,SMNI008500007,"Nike Vomero 18 White/Electric
Green/Volt/Black"
SMNI008500008.jpg,SMNI008500008,Nike Vomero 18 White Photon Dust
SMNI008600001.jpg,SMNI008600001,"Nike Vomero Plus Hyper Pink/Bright
Crimson"
SMNI008600002.jpg,SMNI008600002,Nike Vomero Plus black white
SMNI008600003.jpg,SMNI008600003,Nike Vomero Plus white black red
SMNI008600004.jpg,SMNI008600004,Nike Vomero Plus triple white
SMNI008600005.jpg,SMNI008600005,"Nike Vomero Plus black dark smoke
grey"
SMNI008600006.jpg,SMNI008600006,Nike Vomero Plus Orange Pulse
SMNI008600007.jpg,SMNI008600007,"Nike Vomero Plus Anthracite Oatmeal
Black Homme"
SMNI008600008.jpg,SMNI008600008,"Nike Vomero Plus White Dark Smoke
Grey Metallic"
SMNI008600009.jpg,SMNI008600009,Nike Air VaporMax Plus Cool Grey
SMNI008700001.jpg,SMNI008700001,Nike Structure 26 White/Grey/Black
SMNI008700002.jpg,SMNI008700002,Nike Structure 26 Black/White
SMNI008700003.jpg,SMNI008700003,Nike Structure 26 White Black
SMNI008700004.jpg,SMNI008700004,"Nike Structure 26 Black/Black-Iron
Grey"
SMNI008700005.jpg,SMNI008700005,"Nike Structure 26 Summit White
Barely Volt"
SMNI008700006.jpg,SMNI008700006,Nike Structure 26 Medium Ash/Black/College Grey
SMNI008700007.jpg,SMNI008700007,"Nike Structure 26 Particle Pink Rose
Gold"
SMNI008700008.jpg,SMNI008700008,NIKE STRUCTURE 26 WHITE BLACK GLACIER ICE HYPER
SMNI008700009.jpg,SMNI008700009,"NIKE STRUCTURE 26 White/Playful
Pink/Metallic Silver/Black"
SMNI008700010.jpg,SMNI008700010,"Nike Structure 26 White Black Barely
Green"
SMNI008800001.jpg,SMNI008800001,Nike Pegasus Trail 5 Phantom/White/University Gold/Black
SMNI008800002.jpg,SMNI008800002,"Nike Pegasus Trail 5 Sail/Hyper
Crimson/Glacier Blue"
SMNI008800003.jpg,SMNI008800003,"Nike Pegasus Trail 5 Pale Ivory
WHITE SAIL"
SMNI008800004.jpg,SMNI008800004,Nike Pegasus Trail 5  Jade Horizon greenish-blue bright crimson lace
SMNI008800005.jpg,SMNI008800005,Nike Pegasus Trail 5 Black/Anthracite/Wolf Grey/White
SMNI008800006.jpg,SMNI008800006,"Nike Pegasus Trail 5 black and
anthracite colorway"
SMNI008900001.jpg,SMNI008900001,"Nike LeBron 15 Wolf Grey/Metallic
Gold"
SMNI008900002.jpg,SMNI008900002,"Nike LeBron 15 white and black with
black accents"
SMNI008900003.jpg,SMNI008900003,Nike LeBron 15 triple black
SMNI009000001.jpg,SMNI009000001,Nike Air Max 720 Black White
SMNI009000002.jpg,SMNI009000002,Nike Air Max 720 triple Black
SMNI009100001.jpg,SMNI009100001,"Nike Initiator vibrant pink design
purple"
SMNI009100002.jpg,SMNI009100002,"Nike Initiator black and metallic silver
colorway"
SMNI009100003.jpg,SMNI009100003,Nike Initiator triple black
SMNI009100004.jpg,SMNI009100004,"Nike Initiator Summit White/Metallic
Silver colorway"
SMNI009100005.jpg,SMNI009100005,"Nike Initiator light grey/white and black
colorway"
SMNI009100006.jpg,SMNI009100006,"Nike Initiator White Metallic Silver
Black"
SMNI009100007.jpg,SMNI009100007,Nike Initiator pink and white colorway
SMNI009100008.jpg,SMNI009100008,Nike Initiator custom pink white
SMNI009100009.jpg,SMNI009100009,"Nike Initiator white and metallic silver
colorway"
SMNI009100010.jpg,SMNI009100010,"Nike Initiator Light Bone/Cargo
Khaki-Limestone"
SMNI009100011.jpg,SMNI009100011,Nike Initiator black and white colorway
SMNI009100012.jpg,SMNI009100012,"Nike Initiator metallic silver black and
red"
SMNI009100014.jpg,SMNI009100014,"Nike Initiator white grey black graphic
details"
SMNI009100015.jpg,SMNI009100015,"Nike Initiator black white  graphic
details"
SMNI009100016.jpg,SMNI009100016,"Nike Initiator Phantom Light Bone Sail
Mink Brown"
SMNI009200001.jpg,SMNI009200001,"Nike Air Max 90 Infrared white black
cool grey red مقاسات خاصة"
SMNI009200002.jpg,SMNI009200002,"Nike Air Max 90 Infrared Triple White
مقاسات خاصة"
SMNI009200003.jpg,SMNI009200003,"Nike Air Max 90 Infrared triple black
مقاسات خاصة"
SMNI009200004.jpg,SMNI009200004,Nike Air Max 90 Infrared black and white Oreo colorway مقاسات خاصة
SMNI009200005.jpg,SMNI009200005,Nike Air Max 90 Infrared Triple White
SMNI009300001.jpg,SMNI009300001,"Nike Air Zoom Pegasus 41 Volt
fluorescent green"
SMNI009300002.jpg,SMNI009300002,"Nike Air Zoom Pegasus 41 Phantom
Mink Brown"
SMNI009300003.jpg,SMNI009300003,"Nike Air Zoom Pegasus 41 Sail Blue
Tint Wolf Grey Anthracite"
SMNI009300004.jpg,SMNI009300004,"Nike Air Zoom Pegasus 41 FP
Blueprint Pack"
SMNI009300005.jpg,SMNI009300005,"Nike Air Zoom Pegasus 41 Black
White"
SMNI009400001.jpg,SMNI009400001,"Nike Air Zoom Alphafly Next% black
metallic silver accents"
SMNI009400002.jpg,SMNI009400002,"Nike Air Zoom Alphafly Next% black
white"
SMNI009400003.jpg,SMNI009400003,"Nike Air Zoom Alphafly Next% navy
blue black"
SMNI009500001.jpg,SMNI009500001,Nike Vomero Premium Black Volt
SMNI009500002.jpg,SMNI009500002,Nike Vomero Premium triple Black
SMNI009500003.jpg,SMNI009500003,Nike Vomero Premium Sail/Black/Coconut Milk/Total Orange
SMNI009500004.jpg,SMNI009500004,"Nike Vomero Premium Barely Volt
white"
SMNI009600001.jpg,SMNI009600001,Nike V5 RNR triple black
SMNI009600002.jpg,SMNI009600002,Nike V5 RNR Sail Fauna Brown Phantom Light Orewood Brown
SMNI009600003.jpg,SMNI009600003,"Nike V5 RNR White Vast Grey
College Grey Black"
SMNI009600004.jpg,SMNI009600004,Nike V5 RNR Pink Foam
SMNI009600005.jpg,SMNI009600005,Nike V5 RNR Soft Pearl White
SMNI009600006.jpg,SMNI009600006,Nike V5 RNR Black Pink Blast
SMNI009600007.jpg,SMNI009600007,"Nike V5 RNR White metallic silver
LOGO"
SMNI009600008.jpg,SMNI009600008,"Nike V5 RNR Cement Grey Grey Fog
Light Orewood Brown"
SMNI009600010.jpg,SMNI009600010,"Nike V5 RNR White blue Black
Metallic Silver"
SMNI009600011.jpg,SMNI009600011,Nike V5 RNR triple White
SMNI009600012.jpg,SMNI009600012,"Nike V5 RNR mokey blue denim
metallic silver"
SMNI009600013.jpg,SMNI009600013,"Nike V5 RNR Independence Day Blue
Pale Ivory Grey Sail"
SMNI009600014.jpg,SMNI009600014,Nike V5 RNR Cave Stone Black
SMNI009600015.jpg,SMNI009600015,"Nike V5 RNR Sail Light Orewood
Brown"
SMNI009600016.jpg,SMNI009600016,Nike V5 RNR white light blue
SMNI009600017.jpg,SMNI009600017,"Nike V5 RNR White Picante Red Vast
Grey Black"
SMNI009700001.jpg,SMNI009700001,Nike Air Zoom SuperRep triple black
SMNI009800001.jpg,SMNI009800001,Nike Shox Z Phantom Light-Bone/Black
SMNI009800002.jpg,SMNI009800002,Nike Shox Z Metallic Silver
SMNI009800003.jpg,SMNI009800003,"Nike Shox Z Bred Black/University
Red"
SMNI009800004.jpg,SMNI009800004,Nike Shox Z Black
SMNI009900001.jpg,SMNI009900001,Nike Pegasus EasyOn triple black
SMNI009900002.jpg,SMNI009900002,Nike Pegasus EasyOn white orange
SMNI010000001.jpg,SMNI010000001,"Nike Air Zoom Pegasus Premium
Persian Violet"
SMNI010000002.jpg,SMNI010000002,Nike Air Zoom Pegasus Premium Black White dark grey metallic
SMNI010000003.jpg,SMNI010000003,Nike Air Zoom Pegasus Premium Airscape white gray orange
SMNI010100001.jpg,SMNI010100001,"Nike REACTX PEGASUS TRAIL 6
white gray"
SMNI010100002.jpg,SMNI010100002,"Nike REACTX PEGASUS TRAIL 6
white black pink/red"
SMNI010100003.jpg,SMNI010100003,"Nike REACTX PEGASUS TRAIL 6
white black Light Armory Blue"
SMNI010100004.jpg,SMNI010100004,"Nike REACTX PEGASUS TRAIL 6
black white"
SMNI010100005.jpg,SMNI010100005,"Nike REACTX PEGASUS TRAIL 6
black dark gray"
SMNI010100006.jpg,SMNI010100006,"Nike REACTX PEGASUS TRAIL 6
white dark gray"
SMNI010100007.jpg,SMNI010100007,"Nike REACTX PEGASUS TRAIL 6
white gray green"
SMNI010200001.jpg,SMNI010200001,Nike Revolution 8 Black White
SMNI010200002.jpg,SMNI010200002,Nike Revolution 8 Black/Anthracite
SMNI010200003.jpg,SMNI010200003,"Nike Revolution 8 Light Smoke Grey
White Black"
SMNI010200004.jpg,SMNI010200004,"Nike Revolution 8 Light Smoke Grey
Black White"
SMNI010400001.jpg,SMNI010400001,Nike Mind 002 Black Hyper Crimson
SMNI010400002.jpg,SMNI010400002,Nike Mind 002 Light Smoke Grey
SMNI010500001.jpg,SMNI010500001,Nike Ava Rover College Grey Black
SMNI010500002.jpg,SMNI010500002,Nike Ava Rover HYEIN SEO Black
SMNI010600001.jpg,SMNI010600001,"Nike Air Zoom Spiridon Cage 2
Metallic Silver"
SMNU000100001.jpg,SMNU000100001,"Numeris Eclipse Nero trainers black
white"
SMNU000100002.jpg,SMNU000100002,"Numeris Eclipse Nero trainers black
white pink laces"
SMNU000100003.jpg,SMNU000100003,"Numeris Eclipse Nero trainers navy
blue white sole&heel tab"
SMNU000100004.jpg,SMNU000100004,Numeris Eclipse Nero trainers grey white camouflage-style pattern
SMNU000100005.jpg,SMNU000100005,"Numeris Eclipse Nero trainers Acrylic
Black pattern finish white"
SMNU000100006.jpg,SMNU000100006,"Numeris Eclipse Nero trainers Blue
Jean pattern white"
SMNU000100007.jpg,SMNU000100007,Numeris Eclipse Nero trainers Denim hand-painted light-blue white
SMNU000100008.jpg,SMNU000100008,"Numeris Eclipse Nero trainers denim
black white"
SMOE000100001.jpg,SMOE000100001,"LOEWE Ballet Runner 2.0
White/Black"
SMOE000100002.jpg,SMOE000100002,""" LOEWE Ballet Runner 2.0
Black/White
"""
SMOE000100003.jpg,SMOE000100003,""" LOEWE Ballet Runner 2.0 Baby
Pink/Fuxia/Old Pink"
SMOE000100004.jpg,SMOE000100004,"""LOEWE Ballet Runner 2.0
Brown/Yellow/Blue
"""
SMOE000200001.jpg,SMOE000200001,"LOEWE Flow Runner nylon suede
Black brown old wh"
SMOE000200002.jpg,SMOE000200002,"LOEWE Flow Runner nylon suede
white brown"
SMOE000200003.jpg,SMOE000200003,"LOEWE Flow Runner nylon suede
Beige Black"
SMOE000200004.jpg,SMOE000200004,"LOEWE Flow Runner nylon Olive
White"
SMOE000200005.jpg,SMOE000200005,"LOEWE Flow Runner nylon Burgundy
brown"
SMOE000200006.jpg,SMOE000200006,"LOEWE Flow Runner nylon Blue
brown"
SMOE000200007.jpg,SMOE000200007,"LOEWE Flow Runner nylon Pink
brown"
SMOE000200008.jpg,SMOE000200008,"LOEWE Flow Runner nylon white
gray brown"
SMOE000200009.jpg,SMOE000200009,"LOEWE Flow Runner nylon white
brown"
SMOE000200010.jpg,SMOE000200010,"LOEWE Flow Runner nylon Blue
ornate brown"
SMOF000100001.jpg,SMOF000100001,اوف وايت Odsy-1000 Black SS22
SMOF000100003.jpg,SMOF000100003,اوف وايت odsy-1000 black white
SMOF000100004.jpg,SMOF000100004,اوف وايت Odsy-1000 Sky Blue
SMOF000100005.jpg,SMOF000100005,اوف وايت Odsy-1000 Blue Overdye
SMOF000100006.jpg,SMOF000100006,"اوف وايت Odsy-1000 Grafite White
Black"
SMOF000100007.jpg,SMOF000100007,اوف وايت Odsy-1000 Blue Marble
SMOF000100008.jpg,SMOF000100008,"اوف وايت odsy-1000 Black Grey
Fuchsia"
SMOF000100009.jpg,SMOF000100009,اوف وايت odsy-1000 grey lime
SMOF000100010.jpg,SMOF000100010,"OFF WHITE Odsy-1000 White Blue
Arrows"
SMOF000100011.jpg,SMOF000100011,"Off-White ODSY-1000 White navy
blue Arrows ORG"
SMOF000100012.jpg,SMOF000100012,"Off-White Odsy-1000 Dark Grey
White ORG"
SMOF000200001.jpg,SMOF000200001,"اوف وايت  Out of Office Low White
Black"
SMOF000200002.jpg,SMOF000200002,اوف وايت Out of Office Low Black White
SMOF000200006.jpg,SMOF000200006,"اوف وايت Out Of Office Low Beige
White"
SMOF000200007.jpg,SMOF000200007,اوف وايت  Out Of Office Low Panda
SMOF000200009.jpg,SMOF000200009,اوف وايت Out Of Office Low Beige Blue
SMOF000200010.jpg,SMOF000200010,اوف وايت Out of Office Low وايت بلك
SMOF000200011.jpg,SMOF000200011,اوف وايت Out of Office Low جراي وايت
SMOF000200012.jpg,SMOF000200012,"""""""اوف وايت  Out of Office Low Shiny
black White
"""
SMOF000200016.jpg,SMOF000200016,"اوف وايت Out Of Office Low White
White"
SMOF000200017.jpg,SMOF000200017,"اوف وايت Out of Office Low White Blush
Pink"
SMOF000200018.jpg,SMOF000200018,"اوف وايت Out of Office Low Gray
Vintage  Leather"
SMOF000200019.jpg,SMOF000200019,"اوف وايت Out of Office Low TRIPLE
BLACK"
SMOF000200020.jpg,SMOF000200020,"اوف وايت Out of Office Low WHITE
LIGHTGRAY"
SMOF000200021.jpg,SMOF000200021,"اوف وايت Out of Office Low TRIPLE
White"
SMOF000200022.jpg,SMOF000200022,"اوف وايت Out of Office Low DARK
GREY BLACK"
SMOF000200023.jpg,SMOF000200023,"اوف وايت Out Of Office Low Dusty
BabyBlue"
SMOF000200024.jpg,SMOF000200024,"Off-White Out Of Office White Black
Gum"
SMOF000200025.jpg,SMOF000200025,"OFF WHITE Out of Office Low black
white graphic prints"
SMOF000200026.jpg,SMOF000200026,"OFF WHITE Out of Office Low white
black graphic prints"
SMOF000200027.jpg,SMOF000200027,"OFF WHITE Out of Office Low light
grey black"
SMOF000200028.jpg,SMOF000200028,"OFF WHITE Out of Office Low white
blue stars"
SMOF000200029.jpg,SMOF000200029,"OFF WHITE Out of Office Low red
white"
SMOF000300001.jpg,SMOF000300001,"اوف وايت Out of Office Low For Walking
Black"
SMOF000300002.jpg,SMOF000300002,"اوف وايت Out of Office Low For Walking
White Black"
SMOF000300003.jpg,SMOF000300003,"اوف وايت Out Of Office For Walking
White Pink"
SMOF000300004.jpg,SMOF000300004,"اوف وايت Out of Office Low For Walking
White"
SMOF000400002.jpg,SMOF000400002,"اوف وايت out of office low sartorial
stitching Bla"
SMOF000500001.jpg,SMOF000500001,اوف وايت Sponge MidTop White Black
SMOF000500003.jpg,SMOF000500003,"OFF WHITE Sponge MidTop white
black off white sole"
SMOF000600001.jpg,SMOF000600001,اوف وايت Vulcanized Low Top بلك وايت
SMOF000600002.jpg,SMOF000600002,اوف وايت Vulcanized Low Top وايت بلك
SMOF000600004.jpg,SMOF000600004,"اوف وايت Vulcanized Low Top leather
وايت بلك"
SMOF000600006.jpg,SMOF000600006,"اوف وايت Vulcanized Low Top White
Black Logo"
SMOF000600007.jpg,SMOF000600007,Off-White Vulc White Black Outlined
SMOF000700001.jpg,SMOF000700001,اوف وايت OFF COURT High Top White
SMOF000700002.jpg,SMOF000700002,"اوف وايت OFF COURT High Top Black
Orange"
SMOF000700003.jpg,SMOF000700003,"اوف وايت OFF COURT High Top Green
Orange"
SMOF000700004.jpg,SMOF000700004,"OFF WHITE COURT High Top black
Suede Calf Leather"
SMOF000800001.jpg,SMOF000800001,"اوف وايت Be Right Back Light Grey
Black"
SMOF000900001.jpg,SMOF000900001,"أوف وايت New Low Vulcanized White
Black Back"
SMOF000900002.jpg,SMOF000900002,"أوف وايت New Low Vulcanized Navy
White"
SMOF001000001.jpg,SMOF001000001,اوف وايت Kick Off Sneakers White
SMOF001100001.jpg,SMOF001100001,"OFF WHITE low trainer BLACK white
lines"
SMOF001200001.jpg,SMOF001200001,"Off-White Vulcanized high-top white
black Arrows"
SMOK000100001.jpg,SMOK000100001,Mexico 66 Kill Billhاونيتسوكا تايجر
SMOK000100003.jpg,SMOK000100003,"Mexico 66 white black Gold  اونيتسوكا
تايجر"
SMOK000100004.jpg,SMOK000100004,Mexico 66 Grass Greenاونيتسوكا تايجر
SMOK000100005.jpg,SMOK000100005,Mexico 66 silver off whiteاونيتسوكا تايجر
SMOK000100007.jpg,SMOK000100007,Mexico 66 Black white اونيتسوكا تايجر
SMOK000100008.jpg,SMOK000100008,"اونيتسوكا تايجر Mexico 66 Black Gold
Silver"
SMOK000100009.jpg,SMOK000100009,"Mexico 66 White Dark Blue Red Gold
اونيتسوكا تايجر"
SMOK000100010.jpg,SMOK000100010,Mexico 66 Gold white اونيتسوكا تايجر
SMOK000100011.jpg,SMOK000100011,"Mexico 66 Light Grey white black
اونيتسوكا تايجر"
SMOK000100016.jpg,SMOK000100016,"Mexico 66 Rose Gold white  اونيتسوكا
تايجر"
SMOK000100017.jpg,SMOK000100017,"Mexico 66 white black Green Sole
اونيتسوكا تايجر"
SMOK000100018.jpg,SMOK000100018,"Mexico 66 white Red Blue Sole اونيتسوكا
تايجر"
SMOK000100019.jpg,SMOK000100019,"Mexico 66 White Blue Pink Sole
اونيتسوكا تايجر"
SMOK000100020.jpg,SMOK000100020,"Mexico 66 White Gold Silver  اونيتسوكا
تايجر"
SMOK000100021.jpg,SMOK000100021,Mexico 66 White Beigeاونيتسوكا تايجر
SMOK000100022.jpg,SMOK000100022,Mexico 66White Light Greyاونيتسوكا تايجر
SMOK000100023.jpg,SMOK000100023,Mexico 66 Birch Black اونيتسوكا تايجر
SMOK000100024.jpg,SMOK000100024,Mexico 66 Ginger Peach اونيتسوكا تايجر
SMOK000100025.jpg,SMOK000100025,"Mexico 66 Metallic Crystal Pink
CreaW اونيتسوكا"
SMOK000100026.jpg,SMOK000100026,Mexico 66 white Branco اونيتسوكا تايجر
SMOK000100027.jpg,SMOK000100027,"ONITSUKA TIGER Mexico 66 Beige
Beet Juice red"
SMOK000100028.jpg,SMOK000100028,"Onitsuka Tiger Mexico 66 white gray
burgundy accents"
SMOK000100029.jpg,SMOK000100029,"Onitsuka Tiger Mexico 66 Oatmeal
Brown Cream"
SMOK000100030.jpg,SMOK000100030,Onitsuka Tiger Mexico 66 Black Pink
SMOK000100031.jpg,SMOK000100031,"Onitsuka Tiger Mexico 66 black
metallic white"
SMOK000100032.jpg,SMOK000100032,"Onitsuka Tiger Mexico 66 Pure
Silver/Black"
SMOK000100033.jpg,SMOK000100033,"Onitsuka Tiger Mexico 66 Oatmeal
Grey"
SMOK000100034.jpg,SMOK000100034,"Onitsuka Tiger Mexico 66 White Dusty
Pink"
SMOK000100035.jpg,SMOK000100035,"Onitsuka Tiger Mexico 66 Year of the
Snake white/cream red"
SMOK000100036.jpg,SMOK000100036,"Onitsuka Tiger Mexico 66 x Patou
White Black Pink"
SMOK000100037.jpg,SMOK000100037,Onitsuka Tiger Mexico 66 Panda Prank  white gray pink black
SMOK000100038.jpg,SMOK000100038,"Onitsuka Tiger Mexico 66 Panda
Prank black white pink"
SMOK000100039.jpg,SMOK000100039,Onitsuka Tiger Mexico 66 Panda Prank black silver pink purple
SMOK000100040.jpg,SMOK000100040,"Onitsuka Tiger Mexico 66 Cotton
Candy Bright Rose"
SMOK000100041.jpg,SMOK000100041,Onitsuka Tiger Mexico 66 Triple Black
SMOK000100042.jpg,SMOK000100042,"Onitsuka Tiger Mexico 66 grey black
stripes white accents"
SMOK000100043.jpg,SMOK000100043,"Onitsuka Tiger Mexico 66 SD Black
Denim white"
SMOK000100044.jpg,SMOK000100044,"Onitsuka Tiger Mexico 66 Crystal
Pink/Cream"
SMOK000100045.jpg,SMOK000100045,Onitsuka Tiger Mexico 66 SD Exposed Foam Clay Canyon
SMOK000100046.jpg,SMOK000100046,Onitsuka Tiger Mexico 66 Birch Peacoat Off-White NAVY
SMOK000100047.jpg,SMOK000100047,"Onitsuka Tiger Mexico 66 White/Light
Sage"
SMOK000100048.jpg,SMOK000100048,"Onitsuka Tiger Mexico 66
White/Blue/Red"
SMOK000100049.jpg,SMOK000100049,"Onitsuka Tiger Mexico 66 Year of the Horse Grame Rich deep red tiger
stripes&laces&outsole"
SMOK000100050.jpg,SMOK000100050,Onitsuka Tiger MEXICO 66 Blue Yellow off-white stripes
SMOK000100051.jpg,SMOK000100051,"Onitsuka Tiger MEXICO 66 white pink stripes black laces&outsole line&heel
accents"
SMOK000100052.jpg,SMOK000100052,"Onitsuka Tiger MEXICO 66 Beige
Olive Brown"
SMOK000100053.jpg,SMOK000100053,"Onitsuka Tiger Mexico 66 Cream Pink
Floral"
SMOK000100054.jpg,SMOK000100054,"Onitsuka Tiger Mexico 66 Cacao
Brown accents"
SMOK000100055.jpg,SMOK000100055,"Onitsuka Tiger Mexico 66 SD Vintage
Putty Dark Brown"
SMOK000100056.jpg,SMOK000100056,"Onitsuka Tiger Mexico 66 SD Licorice
Brown Champagne"
SMOK000100057.jpg,SMOK000100057,"Onitsuka Tiger Mexico 66 jacquard
mesh upper birch/white"
SMOK000100058.jpg,SMOK000100058,"Onitsuka Tiger Mexico 66 Gunmetal
Black metallic grey"
SMOK000100059.jpg,SMOK000100059,Onitsuka Tiger Mexico 66 SD Birch Silver  black stripe midsole
SMOK000100060.jpg,SMOK000100060,Onitsuka Tiger Mexico 66 lace-like jacquard light grey off-white
SMOK000200001.jpg,SMOK000200001,اونيتسوكا تايجر tokuten cream black gold
SMOK000200004.jpg,SMOK000200004,tokuten Dark Rose Gold اونيتسوكا تايجر
SMOK000200005.jpg,SMOK000200005,"Burnt Green White Black Tokuten
اونيتسوكا تايجر"
SMOK000200007.jpg,SMOK000200007,tokuten Beige Rose gold اونيتسوكا تايجر
SMOK000200008.jpg,SMOK000200008,Onitsuka Tiger Tokuten pink black
SMOK000200009.jpg,SMOK000200009,Onitsuka Tiger Tokuten Grey White
SMOK000200010.jpg,SMOK000200010,"Onitsuka Tiger Tokuten White
Burgundy Grey"
SMOK000200011.jpg,SMOK000200011,"Onitsuka Tiger Tokuten Birch/Iron
Navy gum sole"
SMOK000200012.jpg,SMOK000200012,"Onitsuka Tiger Tokuten Gris Negro
Hombre gray black"
SMOK000400001.jpg,SMOK000400001,Onitsuka Tiger Mexico 66 TGRS Glitter Pack Black Gunmetal
SMOK000400002.jpg,SMOK000400002,Onitsuka Tiger Mexico 66 TGRS Glitter Pack Pink Cameo
SMOK000400003.jpg,SMOK000400003,"Onitsuka Tiger Mexico 66 TGRS Kill
Bill Yellow/Black"
SMOK000400004.jpg,SMOK000400004,"Onitsuka Tiger Mexico 66 TGRS Birch
Peacoat"
SMOK000400005.jpg,SMOK000400005,"Onitsuka Tiger Mexico 66 TGRS
Silver Cream"
SMOK000400006.jpg,SMOK000400006,"Onitsuka Tiger Mexico 66 TGRS
Black/White"
SMOK000400007.jpg,SMOK000400007,"Onitsuka Tiger Mexico 66 TGRS Ivory
Cream"
SMOK000400008.jpg,SMOK000400008,"Onitsuka Tiger Mexico 66 TGRS
Black Cream"
SMOK000400009.jpg,SMOK000400009,Onitsuka Tiger Mexico 66 TGRS Crystal Pink Graphite Grey
SMOK000400010.jpg,SMOK000400010,"Onitsuka Tiger Mexico 66 TGRS
White light pink"
SMON000100001.jpg,SMON000100001,اون  رانينج Cloud 5 Undyed-White
SMON000100003.jpg,SMON000100003,اون  رانينج Cloud 5 Glacier Grey White
SMON000100005.jpg,SMON000100005,تريبل بلك Cloud 5 Zinc اون  رانينج
SMON000100006.jpg,SMON000100006,اون  رانينج  Cloud 5 waterproof Black
SMON000100007.jpg,SMON000100007,اون  رانينج  Cloud 5 waterproof بلك وايت
SMON000100008.jpg,SMON000100008,اون  رانينج  Cloud 5 waterproof بينك بلو
SMON000100010.jpg,SMON000100010,اون  رانينج Cloud 5 Undyed-Gray
SMON000100012.jpg,SMON000100012,اون  رانينج Cloud 5 Undyed biege
SMON000100013.jpg,SMON000100013,اون  رانينج Cloud 5 Undyed Navy White
SMON000100014.jpg,SMON000100014,On Running Cloud 5 Sand Rosebrown
SMON000100015.jpg,SMON000100015,On Running Cloud 5 Shell/White
SMON000100016.jpg,SMON000100016,"On Running Cloud 5 White light green
sole"
SMON000100017.jpg,SMON000100017,"اون  رانينج Cloud 5 Undyed-White مقاسات
خاصة"
SMON000100018.jpg,SMON000100018,"اون  رانينج مقاسات خاصة Cloud 5
waterproof Black"
SMON000100019.jpg,SMON000100019,On Running On Cloud 5 Fog Alloy
SMON000100020.jpg,SMON000100020,On Running Cloud 5 Midnight Ink
SMON000100021.jpg,SMON000100021,On Running Cloud 5 PINK Sky
SMON000100022.jpg,SMON000100022,On Running On Cloud 5 Olive White
SMON000100023.jpg,SMON000100023,"On Running Cloud 5 Push White
Flame"
SMON000100024.jpg,SMON000100024,"On Running Cloud 5 Push in
Ivory/Blossom"
SMON000100025.jpg,SMON000100025,On Running On Cloud 5 Asphalt/Magnet grey black sole
SMON000200001.jpg,SMON000200001,"اون  رانينج On Cloud Monster Black
Magnet"
SMON000200002.jpg,SMON000200002,"اون  رانينج On Cloud Monster Undyed
White"
SMON000200003.jpg,SMON000200003,"اون  رانينج On Cloud Monster Frost
Cobalt"
SMON000200004.jpg,SMON000200004,اون  رانينج On Cloud Monster All Black
SMON000200005.jpg,SMON000200005,"اون  رانينج On Cloud Monster
MAGENTA"
SMON000200006.jpg,SMON000200006,"On Running On CloudMonster gray
Ice Alloy"
SMON000200007.jpg,SMON000200007,"On Running On Cloudmonster light
beige Moon Fawn"
SMON000200008.jpg,SMON000200008,"On Running On Cloudmonster White
& Lima"
SMON000200009.jpg,SMON000200009,"On Running On Cloudmonster White
Frost"
SMON000200010.jpg,SMON000200010,"On Running On Cloud Monster triple
white"
SMON000200011.jpg,SMON000200011,"On Running On Cloud Monster black
white"
SMON000200012.jpg,SMON000200012,"On Running On Cloud Monster triple
black"
SMON000200013.jpg,SMON000200013,On Running On Cloud white light pink
SMON000200014.jpg,SMON000200014,On Running On Cloud Monster Frost/Rock white grey
SMON000200015.jpg,SMON000200015,"On Running CloudMonster Iron/Hay
dark blue/grey lime white"
SMON000200016.jpg,SMON000200016,On Running CloudMonster Glacier Grey/Meadow Green orange Accents
SMON000200017.jpg,SMON000200017,On Running Cloudmonster Eclipse Turmeric grey white orange
SMON000200018.jpg,SMON000200018,"On Running On Cloud Monster
Black/White"
SMON000200019.jpg,SMON000200019,"On Running On Cloud Monster
Black/Magnet white"
SMON000200020.jpg,SMON000200020,"On Running Cloudmonster Void Ivory
Sand red logo"
SMON000300001.jpg,SMON000300001,اون رانينج Cloudtilt 2 x LOEWE وايت يلو
SMON000300002.jpg,SMON000300002,اون رانينج Cloudtilt 2 x LOEWE وايت جراي
SMON000300003.jpg,SMON000300003,"وايت بلو  Cloudtilt 2 x LOEWE اون رانينج
جراى"
SMON000300004.jpg,SMON000300004,اون رانينج Cloudtilt 2 x LOEWE وايت بينك
SMON000300005.jpg,SMON000300005,تربيل وايت Cloudtilt 2 x LOEWE اون رانينج
SMON000300007.jpg,SMON000300007,اون رانينج Cloudtilt 2 x LOEWE تربيل بلك
SMON000300009.jpg,SMON000300009,"بلك جراي  Cloudtilt 2 x LOEWE اون رانينج
وايت"
SMON000300010.jpg,SMON000300010,"اون رانينج Cloudtilt 2 x LOEWE White IN
BLACK"
SMON000300011.jpg,SMON000300011,"اون رانينج Cloudtilt 2 x LOEWE Light
Grey Black Wh"
SMON000300012.jpg,SMON000300012,"اون رانينج Cloudtilt 2 x LOEWE Tan
White"
SMON000300013.jpg,SMON000300013,"اون رانينج Cloudtilt 2 x LOEWE Black
White"
SMON000300014.jpg,SMON000300014,"اون رانينج Cloudtilt 2 x LOEWE Sand
White"
SMON000300015.jpg,SMON000300015,"اون رانينج Cloudtilt 2 x LOEWE Slate
Grey"
SMON000300016.jpg,SMON000300016,"اون رانينج Cloudtilt 2 x LOEWE Khaki
Green"
SMON000300017.jpg,SMON000300017,اون رانينج Cloudtilt 2 x LOEWE Navy
SMON000300018.jpg,SMON000300018,"اون رانينج Cloudtilt 2 x LOEWE Black
Ivory"
SMON000300019.jpg,SMON000300019,"اون  رانينج  Cloudtilt 2 x LOEWE White
red  gold"
SMON000300020.jpg,SMON000300020,"اون  رانينج  Cloudtilt 2 x LOEWE Beige
White"
SMON000300021.jpg,SMON000300021,"اون  رانينج  Cloudtilt 2 x LOEWE Brown
Beige"
SMON000300022.jpg,SMON000300022,"اون  رانينج  Cloudtilt 2 x LOEWE gray
glow white"
SMON000300023.jpg,SMON000300023,"اون رانينج Cloudtilt 2 x LOEWE Lime
Ivory"
SMON000300024.jpg,SMON000300024,"اون رانينج Cloudtilt 2 x LOEWE Flame
Eclipse"
SMON000300025.jpg,SMON000300025,"اون رانينج Cloudtilt 2 x LOEWE Cream
Sand"
SMON000300026.jpg,SMON000300026,"اون رانينج Cloudtilt 2 x LOEWE Dark
Sand"
SMON000300027.jpg,SMON000300027,"اون رانينج Cloudtilt 2 x LOEWE White
Khaki"
SMON000300028.jpg,SMON000300028,اون رانينج Cloudtilt 2 x LOEWE White
SMON000300029.jpg,SMON000300029,"اون رانينج Cloudtilt 2 x LOEWE Sand
Lavender"
SMON000300030.jpg,SMON000300030,اون رانينج Cloudtilt 2 x LOEWE Cherry
SMON000300031.jpg,SMON000300031,"Cloudtilt 2 x LOEWE Rock Sand اون
رانينج"
SMON000300032.jpg,SMON000300032,"Cloudtilt 2 x LOEWE WHITE PINK  اون
رانينج"
SMON000300033.jpg,SMON000300033,"On Running Cloudtilt 2 LOEWE
Denim Blue white"
SMON000300034.jpg,SMON000300034,"On Running Cloudtilt LOEWE Denim
Grey"
SMON000400002.jpg,SMON000400002,اون رانينج CLOUDRUNNER 2 WalkGood LA Sand Flax
SMON000400003.jpg,SMON000400003,اون رانينج CLOUDRUNNER 2 Waterproof Magnet Black
SMON000400004.jpg,SMON000400004,"اون رانينج CLOUDRUNNER 2 Eclipse
Black"
SMON000400005.jpg,SMON000400005,"اون رانينج CLOUDRUNNER 2 Frost
White"
SMON000400006.jpg,SMON000400006,"On Running CLOUDRUNNER 2
White/Red"
SMON000400007.jpg,SMON000400007,"On Running CLOUDRUNNER 2 white
and pink"
SMON000400008.jpg,SMON000400008,"On Running CLOUDRUNNER 2 triple
white"
SMON000400009.jpg,SMON000400009,"On Running CLOUDRUNNER 2 white
with light blue"
SMON000400010.jpg,SMON000400010,"On Running CLOUDRUNNER 2 white
orange black accents"
SMON000400011.jpg,SMON000400011,"On Running CLOUDRUNNER 2 white
Green"
SMON000400012.jpg,SMON000400012,On Running CLOUDRUNNER 2 Black GRAY white orange Accents
SMON000400013.jpg,SMON000400013,"On Running CLOUDRUNNER 2 navy
blue white"
SMON000400014.jpg,SMON000400014,ON Cloudrunner 2 White Red Navy
SMON000500001.jpg,SMON000500001,بلك وايت Cloudultra اون رانينج
SMON000500002.jpg,SMON000500002,وايت جراي Cloudultra اون رانينج
SMON000600001.jpg,SMON000600001,"On Running Cloudflyer 4 beige orange
black"
SMON000600003.jpg,SMON000600003,اون رانينج Cloudflyer 4 Black White
SMON000700001.jpg,SMON000700001,"اون رانينج Cloudsurfer Next Black
Eclipse"
SMON000700002.jpg,SMON000700002,"اون رانينج Cloudsurfer Next Glacier
White"
SMON000700003.jpg,SMON000700003,"On Running Cloudsurfer Next White
Flame"
SMON000700004.jpg,SMON000700004,"On Running Cloudsurfer Next black
white Swiss Engineering"
SMON000800001.jpg,SMON000800001,اون رانينج Cloud X 4 Ivory Black
SMON000800002.jpg,SMON000800002,On Running Cloud X 4 Black
SMON000800003.jpg,SMON000800003,On Running Cloud X 4 Black white
SMON000800004.jpg,SMON000800004,On Running Cloud X 4 white red
SMON000900001.jpg,SMON000900001,"اون رانينج The Roger Advantage All
Black"
SMON000900002.jpg,SMON000900002,"اون رانينج The Roger Advantage All
White"
SMON000900003.jpg,SMON000900003,"On Running The Roger Advantage
White/Midnight"
SMON000900004.jpg,SMON000900004,"On Running The Roger Advantage
White blue"
SMON000900005.jpg,SMON000900005,"On Running The Roger Advantage
White Olive"
SMON001000001.jpg,SMON001000001,اون رانينج CloudSMift 3 Fade Black
SMON001000002.jpg,SMON001000002,On Running Cloudswift 3 ivory rose
SMON001000003.jpg,SMON001000003,"On Running Cloudswift 3 White/Ivory
Mint Blue"
SMON001000004.jpg,SMON001000004,On Running Cloudswift 3 black white
SMON001000005.jpg,SMON001000005,"On Cloudswift 3 white pink orange
accents"
SMON001000006.jpg,SMON001000006,On Cloudswift 3 triple white
SMON001000007.jpg,SMON001000007,On Cloudswift 3 triple black
SMON001100001.jpg,SMON001100001,"اون رانينج Cloudsurfer Trail Waterproof
Black Heat"
SMON001100002.jpg,SMON001100002,"اون رانينج Cloudsurfer Trail Eclipse
Black"
SMON001100003.jpg,SMON001100003,"اون رانينج Cloudsurfer Trail Waterproof
Black Ecli"
SMON001100004.jpg,SMON001100004,اون رانينج Cloudsurfer Trail Frost Lima
SMON001100005.jpg,SMON001100005,اون رانينج Cloudsurfer Trail icy
SMON001100006.jpg,SMON001100006,On Running Cloudsurfer Trail 2 WP light grey white blue accents
SMON001100007.jpg,SMON001100007,"On Running ON Cloudsurfer Trail 2
Waterproof Triple Black"
SMON001100008.jpg,SMON001100008,"On Cloudsurfer Trail 2 Waterproof
Cinder/Desert"
SMON001100009.jpg,SMON001100009,On Cloudsurfer Trail 2 light grey black stippled pattern yellow Outsole
SMON001200001.jpg,SMON001200001,"ون رانينج On Angle x FedererRoger Pro
White Black"
SMON001200002.jpg,SMON001200002,"اون رانينج On Angle x FedererRoger Pro
Black White"
SMON001300001.jpg,SMON001300001,اون رانينج Cloude clipse Fade Sand
SMON001300002.jpg,SMON001300002,اون رانينج Cloude clipse Flame Ivory
SMON001300003.jpg,SMON001300003,اون رانينج Cloude clipse Black Frost
SMON001300004.jpg,SMON001300004,"اون رانينج Cloude clipse Black White
Sole"
SMON001300005.jpg,SMON001300005,اون رانينج Cloude clipse Black Black
SMON001300006.jpg,SMON001300006,اون رانينج Cloude clipse White White
SMON001400001.jpg,SMON001400001,"اون  رانينج  Cloudwander Waterproof
Black Eclipse"
SMON001400002.jpg,SMON001400002,"اون  رانينج  Cloudwander Waterproof
Ivory Black"
SMON001400003.jpg,SMON001400003,"اون  رانينج  Cloudwander Waterproof
Glacier Eclips"
SMON001400004.jpg,SMON001400004,"اون  رانينج  Cloudwander Waterproof
Ivory Beige"
SMON001400005.jpg,SMON001400005,"On Running Cloudwander Waterproof
Sand/Black"
SMON001400006.jpg,SMON001400006,"اون  رانينج  Cloudwander Waterproof
Ivory Black ORG"
SMON001400007.jpg,SMON001400007,"اون  رانينج  Cloudwander Waterproof
Ivory Beige ORG"
SMON001500001.jpg,SMON001500001,"اون رانينج  The Roger ProClay Undyed
White"
SMON001500002.jpg,SMON001500002,"اون رانينج The Roger ProClay White
Indigo"
SMON001500003.jpg,SMON001500003,"اون رانينج The Roger ProClay Undyed
White Lily"
SMON001600001.jpg,SMON001600001,"""اون رانينج The Roger ProClay2 White
Black
"""
SMON001600002.jpg,SMON001600002,"""اون رانينج The Roger ProClay2 White
Indigo
"""
SMON001600003.jpg,SMON001600003,"اون رانينج The Roger ProClay2 White
Pink"
SMON001700001.jpg,SMON001700001,"اون رانينج Cloudnova Phantom White
Black"
SMON001700002.jpg,SMON001700002,"اون رانينج Cloudnova White Carnation
Pink"
SMON001800001.jpg,SMON001800001,"On Running Cloudventure LOEWE 2
WHITE RED"
SMON001800002.jpg,SMON001800002,"On Running Cloudventure 2 LOEWE
BLACK"
SMON001800003.jpg,SMON001800003,"On Running Cloudventure LOEWE 2
WHITE SILVER"
SMON001800004.jpg,SMON001800004,"On Running Cloudventure LOEWE 2
OFF WHITE Eggshell"
SMON001800005.jpg,SMON001800005,"On Running Cloudventure LOEWE 2
Pale Pink"
SMON001800006.jpg,SMON001800006,"On Running Cloudventure LOEWE 2
Khaki"
SMON001900001.jpg,SMON001900001,On Running Cloudtilt Black Eclipse
SMON001900002.jpg,SMON001900002,"On Running Cloudtilt Ivory Orchid
purple"
SMON001900003.jpg,SMON001900003,On Running Cloudtilt Quartz Pearl White Brown Gray Purple
SMON001900004.jpg,SMON001900004,"On Running Cloudtilt Clove Sand grey
light off-white/beige"
SMON001900005.jpg,SMON001900005,On Running Cloudtilt Blue Ivory White
SMON001900006.jpg,SMON001900006,"On Running Cloudtilt Arctic/Ice grey
blue"
SMON001900007.jpg,SMON001900007,On Running Cloudtilt Sand Cream
SMON001900008.jpg,SMON001900008,On Running Cloudtilt Glacier/Ice
SMON001900009.jpg,SMON001900009,On Running Cloudtilt Clove Sand
SMON001900010.jpg,SMON001900010,"On Running Cloudtilt Moon Zendaya
Black"
SMON001900011.jpg,SMON001900011,"On Running Cloudtilt Moon Zendaya
Glacier Alloy"
SMON001900012.jpg,SMON001900012,On Running Cloudtilt Moon WHITE
SMON001900013.jpg,SMON001900013,On Running Cloudtilt sandy pink Burgundy Red / Off-White
SMON001900014.jpg,SMON001900014,"On Running Cloudtilt Black Asphalt
white"
SMON001900015.jpg,SMON001900015,"On Running Cloudtilt navy blue white
sole&assents"
SMON001900016.jpg,SMON001900016,"On Running Cloudtilt Eclipse/Black
Midnight"
SMON001900017.jpg,SMON001900017,"On Running Cloudtilt Olive/Desert
white"
SMON001900018.jpg,SMON001900018,On Running Cloudtilt Cinder Fog
SMON001900019.jpg,SMON001900019,"On Running Cloudtilt Marsh Heather
light blue white"
SMON001900021.jpg,SMON001900021,"On Running Cloudtilt Cinder Fog
desert"
SMON002000001.jpg,SMON002000001,"On Running CLOUD PLAY WHITE
WITH Velcro Strap"
SMON002000002.jpg,SMON002000002,On Running CLOUD PLAY BLACK
SMON002000003.jpg,SMON002000003,On Running CLOUD PLAY BLACK WHITE WITH Velcro Stra
SMON002000004.jpg,SMON002000004,"On Running CLOUD PLAY BLACK
WITH Velcro Strap"
SMON002100001.jpg,SMON002100001,On Running Cloudzone White/Ice
SMON002100002.jpg,SMON002100002,On Running Cloudzone beige pink
SMON002100003.jpg,SMON002100003,"On Running Cloudzone black white
sole"
SMON002100004.jpg,SMON002100004,On Running Cloudzone triple Black
SMON002200001.jpg,SMON002200001,On Running Cloudflow 5 triple Black
SMON002200002.jpg,SMON002200002,On Running Cloudflow 5 blue gray
SMON002200003.jpg,SMON002200003,"On Running Cloudflow 5 Alloy/Rock
gray white"
SMON002200004.jpg,SMON002200004,"On Running Cloudflow 5 Fog/Eclipse
color variant"
SMON002200005.jpg,SMON002200005,"On Running Cloudflow 5 white light
green"
SMON002300001.jpg,SMON002300001,"On Running Cloudsolo Loewe black
white"
SMON002300002.jpg,SMON002300002,On Running Cloudsolo Loewe black
SMON002300003.jpg,SMON002300003,On Running Cloudsolo Loewe white
SMON002300004.jpg,SMON002300004,"On Running Cloudsolo Loewe dark
sand and cream"
SMON002300005.jpg,SMON002300005,On Running Cloudsolo Lime Green
SMON002300006.jpg,SMON002300006,On Running Cloudsolo sky blue
SMON002300007.jpg,SMON002300007,"On Running Cloudsolo sand turquoise
beige blue"
SMON002300008.jpg,SMON002300008,"Loewe x On Cloudsolo blue gray lime
green"
SMON002400001.jpg,SMON002400001,On Running Cloudvista2 triple black
SMON002400002.jpg,SMON002400002,"On Running Cloudvista2
Glacier/Eclipse"
SMON002400003.jpg,SMON002400003,"On Running Cloudvista2 Chai Dune
brown tan"
SMON002400004.jpg,SMON002400004,On Running Cloudvista2 Lilac Black
SMON002500001.jpg,SMON002500001,"On Running Cloud 6 Black white
assents"
SMON002500002.jpg,SMON002500002,On Running Cloud 6 All White
SMON002500003.jpg,SMON002500003,"On Running Cloud 6 Year of the Horse
deep brown gold Accents"
SMON002500004.jpg,SMON002500004,On Running Cloud 6 Orchid Fade
SMON002500005.jpg,SMON002500005,On Running Cloud 6 Raspberry White
SMON002500006.jpg,SMON002500006,On Running Cloud 6 Midnight Ink
SMON002500007.jpg,SMON002500007,On Running Cloud 6 Midnight White
SMON002500008.jpg,SMON002500008,On Running Cloud 6 Fog White
SMON002500009.jpg,SMON002500009,On Running Cloud 6 Glacier White
SMON002500010.jpg,SMON002500010,On Running Cloud 6 Black White
SMON002600001.jpg,SMON002600001,On Running Cloud X FKA Twigs Black
SMON002600002.jpg,SMON002600002,On Running Cloud X FKA Twigs Lily
SMON002600003.jpg,SMON002600003,"On Running Cloud X FKA Twigs
Desert"
SMON002700001.jpg,SMON002700001,"On Running Cloudboom Volt White
Black"
SMON002700002.jpg,SMON002700002,"On Running Cloudboom Volt Ivory
Sunstone"
SMON002700003.jpg,SMON002700003,"On Running Cloudboom Volt Black
Juniper"
SMON002800001.jpg,SMON002800001,"On Running On Cloudmonster 3 Hyper Running Ivory / Peony black
laces"
SMON002800002.jpg,SMON002800002,"On Running On Cloud Monster 3
Hyper Running black"
SMON002800003.jpg,SMON002800003,On Running On Cloudmonster 3 Hyper Ivory / Peony pink
SMON002800004.jpg,SMON002800004,On Running On Cloudmonster 3 Hyper black ivory gray WHITE
SMON002800005.jpg,SMON002800005,"On Running On Cloudmonster 3 Hyper black ivory white moave pink
assents"
SMON002900001.jpg,SMON002900001,"On Running Cloudsurfer Max Ivory
Peony"
SMON002900002.jpg,SMON002900002,On Running Cloudsurfer Max Ivory/Flurry vibrant mint green
SMON002900003.jpg,SMON002900003,"On Running Cloudsurfer Max Sienna
Dew burgundy off-white"
SMON002900004.jpg,SMON002900004,"On Running Cloudsurfer Max Black
Eclipse"
SMON002900005.jpg,SMON002900005,"On Running Cloudsurfer Max
Erewhon Ivory"
SMON002900006.jpg,SMON002900006,"On Running Cloudsurfer Max
White/Frost grey"
SMPH000300002.jpg,SMPH000300002,فيليب بلين HI TOP Black Studed
SMPH000300003.jpg,SMPH000300003,فيليب بلين HITOP Black Strass
SMPH000300004.jpg,SMPH000300004,"فيليب بلين HITOP DRINKING FAST Skull
Black"
SMPH000300005.jpg,SMPH000300005,"PHILIPP PLEIN HI TOP white black
pp logo Metallic"
SMPH000300006.jpg,SMPH000300006,"Philipp Plein Hi-Top black white neon
yellow"
SMPH000400006.jpg,SMPH000400006,فليب لين Hexagon LEATHER بلك وايت
SMPH000400007.jpg,SMPH000400007,Hexagon White dark blue فيليب لين
SMPH000400008.jpg,SMPH000400008,light black Hexagon فيليب لين
SMPH000400009.jpg,SMPH000400009,Hexagon dark blue wite فيليب لين
SMPH000400010.jpg,SMPH000400010,فليب لين Hexagon LEATHER BLACK
SMPH000400011.jpg,SMPH000400011,"PHILIP PLEIN Hexagon LEATHER
BLACK WHITE SOLE"
SMPH000400012.jpg,SMPH000400012,"Philipp Plein Hexagon low-top white
metal logo"
SMPH000500001.jpg,SMPH000500001,اوف وايت Piama lovo فيليب لين
SMPH000500002.jpg,SMPH000500002,بلك Piama lovo فيليب لين
SMPH000500003.jpg,SMPH000500003,دارك جراي بلك Piama lovo فيليب لين
SMPH000500004.jpg,SMPH000500004,وايت Piama lovo فيليب لين
SMPH000600001.jpg,SMPH000600001,فيليب بلين Tiger Attack Black Gold
SMPH000600002.jpg,SMPH000600002,فيليب بلين Tiger Attack Black White Silver
SMPH000600003.jpg,SMPH000600003,فيليب بلين Tiger Attack White Gold
SMPH000600004.jpg,SMPH000600004,فيليب بلين Tiger Attack All Black
SMPH000600005.jpg,SMPH000600005,"PHILIPP PLEIN Tiger Attack Black
SILVER"
SMPH000600006.jpg,SMPH000600006,"PHILIPP PLEIN Tiger Attack Black
GOLD"
SMPH000600007.jpg,SMPH000600007,PHILIPP PLEIN Tiger Attack Black
SMPH000700001.jpg,SMPH000700001,"فيليب بلين Lo-Top Leather Phantom
Kick$ White Blac"
SMPH000700002.jpg,SMPH000700002,"فيليب بلين Lo-Top Leather Phantom
Kick$ crocodile-"
SMPH000700003.jpg,SMPH000700003,Philipp Plein Phantom Kick$ low-top black skull patch metallic heel spoiler
SMPH000800001.jpg,SMPH000800001,Philipp Plein Big Bang Runner Black
SMPH000900001.jpg,SMPH000900001,PHILIP PLEIN SK8R Sneakers LOW
SMPH001000001.jpg,SMPH001000001,Philipp Plein Slip-On Triangle black
SMPH001100001.jpg,SMPH001100001,Philipp Plein Skull-plaque black white
SMPO000100001.jpg,SMPO000100001,Polo Ralph Lauren Heritage Court II leather black white مقاسات خاصة
SMPO000100002.jpg,SMPO000100002,"Polo Ralph Lauren Heritage Court II white navy heel tab gum sole  مقاسات
خاصة"
SMPO000100003.jpg,SMPO000100003,"Polo Ralph Lauren Heritage Court II dark navy white heel tab&sole  مقاسات
خاصة"
SMPO000100004.jpg,SMPO000100004,"Polo Ralph Lauren Heritage Court II white GREEN  heel tab&logo  مقاسات
خاصة"
SMPO000100005.jpg,SMPO000100005,"Polo Ralph Lauren Heritage Court II
navy red logo مقاسات خاصة"
SMPO000100006.jpg,SMPO000100006,"Polo Ralph Lauren Heritage Court II
leather black white"
SMPO000100007.jpg,SMPO000100007,Polo Ralph Lauren Heritage Court II white navy heel tab gum sole
SMPO000100008.jpg,SMPO000100008,"Polo Ralph Lauren Heritage Court II
earth grey white"
SMPO000100009.jpg,SMPO000100009,Polo Ralph Lauren Heritage Court II dark navy white heel tab&sole
SMPO000100010.jpg,SMPO000100010,Ralph Lauren Heritage Court II white blue signature red heel tab
SMPO000200001.jpg,SMPO000200001,"Polo Ralph Lauren Train 89 black
white heel tab&sole"
SMPO000200002.jpg,SMPO000200002,"Polo Ralph Lauren Train 89 olive
green white heel tab"
SMPO000200003.jpg,SMPO000200003,"Polo Ralph Lauren Train 89 black
white gold logo"
SMPO000200004.jpg,SMPO000200004,Polo Ralph Lauren Train 89 black white heel tab gold signature
SMPO000200005.jpg,SMPO000200005,"Polo Ralph Lauren Train 89 black
white logo"
SMPO000200006.jpg,SMPO000200006,"Polo Ralph Lauren Train 89 NAVY
BLUE white logo"
SMPR000100001.jpg,SMPR000100001,برادا كلود باست ثاندر تريبل بلك
SMPR000100006.jpg,SMPR000100006,"""برادا كلود باست ثاندر Technical Fabric
Black"""
SMPR000100007.jpg,SMPR000100007,كلود باست ثاندر تريبل بلك PRADA mesh
SMPR000100008.jpg,SMPR000100008,"Prada Cloudbust Thunder black red
accents"
SMPR000100009.jpg,SMPR000100009,"Prada Cloudbust Thunder white red
accents"
SMPR000200002.jpg,SMPR000200002,PRADA Black Textile Sneakers
SMPR000200003.jpg,SMPR000200003,PRADA White Textile Sneakers
SMPR000500001.jpg,SMPR000500001,برادا Sneaker - Black Red
SMPR000500002.jpg,SMPR000500002,برادا Sneaker - Black
SMPR000500003.jpg,SMPR000500003,برادا Sneaker - White
SMPR000500004.jpg,SMPR000500004,برادا Sneaker - Black Logo Red
SMPR000900001.jpg,SMPR000900001,بلك Slip On برادا
SMPR000900002.jpg,SMPR000900002,وايت Slip On برادا
SMPR000900003.jpg,SMPR000900003,"prada Slip On off-white translucent
sole"
SMPR000900004.jpg,SMPR000900004,prada Slip On black translucent sole
SMPR000900005.jpg,SMPR000900005,"Prada slip-on white black logo red
stripe"
SMPR000900006.jpg,SMPR000900006,"Prada slip-on black red stripe silver
logo"
SMPR000900007.jpg,SMPR000900007,prada Slip On WHITE translucent sole
SMPR001000001.jpg,SMPR001000001,برادا Monolith loafers تربيل بلك
SMPR001000002.jpg,SMPR001000002,برادا MONOLITH LOAFER تربيل وايت
SMPR001100002.jpg,SMPR001100002,برادا Monolith Ankle Boots Black
SMPR001100003.jpg,SMPR001100003,Prada Monolith SOCK Boot black
SMPR001100004.jpg,SMPR001100004,"Prada Monolith Brushed Leather
Lace-Up Derby black"
SMPR001100005.jpg,SMPR001100005,"Prada Monolith brushed leather
Chelsea boot black"
SMPR001200001.jpg,SMPR001200001,"برادا Monolith 55mm Black Brushed
Leather"
SMPR001200002.jpg,SMPR001200002,Prada Monolith 55mm Bulk Black glos
SMPR001200003.jpg,SMPR001200003,Prada Monolith Black glosS
SMPR001300001.jpg,SMPR001300001,"برادا Macro Re-nylon And Brushed
Leather Sneakers"
SMPR001300002.jpg,SMPR001300002,"PRADA  Macro Re-nylon And Brushed
triple black"
SMPR001300003.jpg,SMPR001300003,"PRADA Macro Re-nylon Brushed
black white black laces"
SMPR001400001.jpg,SMPR001400001,"Leather Logo Plaque Loafers Black
برادا"
SMPR001400002.jpg,SMPR001400002,"Leather Logo Plaque Loafers Brown
برادا"
SMPR001500001.jpg,SMPR001500001,Prada Padded Nappa Leather Black
SMPR001500002.jpg,SMPR001500002,"Prada Padded Nappa Leather WHITE
CREAMY MONGRAM"
SMPR001500003.jpg,SMPR001500003,"Prada Padded Nappa Leather TRIBLE
BLACK MONGRAM"
SMPR001900001.jpg,SMPR001900001,"Prada PRAX 01 Sneakers navy gray
white"
SMPR001900002.jpg,SMPR001900002,"Prada PRAX 01 Sneakers Beige
Recycled Nylon"
SMPR001900003.jpg,SMPR001900003,Prada PRAX 01 Sneakers WHITE
SMPR001900004.jpg,SMPR001900004,Prada PRAX 01 Sneakers BLACK
SMPR001900005.jpg,SMPR001900005,"Prada PRAX 01 Sneakers TRIPLE
BLACK BIG SOLE"
SMPR001900006.jpg,SMPR001900006,"Prada PRAX 01 Sneakers TRIPLE
WHITE BIG SOLE"
SMPR001900007.jpg,SMPR001900007,"Prada PRAX 01 Sneakers TRIPLE
BLACK MONGRAM"
SMPR001900008.jpg,SMPR001900008,Prada PRAX 01 Sneakers  WHITE BLACK SOLE MONGRAM
SMPR001900009.jpg,SMPR001900009,Prada PRAX 01 Sneakers triple white
SMPR001900010.jpg,SMPR001900010,Prada Prax 01 sneaker triple black
SMPR001900011.jpg,SMPR001900011,Prada Prax 01 sneaker triple white
SMPR002000001.jpg,SMPR002000001,"Prada Cloudbust Air Sneakers White
BLACK GRAY SOLE"
SMPR002000002.jpg,SMPR002000002,Prada Cloudbust Air Sneakers BLACK- BLACK GRAY SOL
SMPR002100001.jpg,SMPR002100001,"Prada America s Cup low-top black
white sole red line"
SMPR002100002.jpg,SMPR002100002,Prada America s Cup white Re-Nylon
SMPR002100003.jpg,SMPR002100003,"Prada America s Cup blue leather and
white chunky rubber sole"
SMPR002100004.jpg,SMPR002100004,"Prada America s Cup low-top triple
black"
SMPR002100005.jpg,SMPR002100005,Prada America s Cup White Grey
SMPR002100006.jpg,SMPR002100006,"Prada America s Cup Royal Blue
Silver white"
SMPR002100007.jpg,SMPR002100007,"Prada America s Cup Burgundy
Silver white"
SMPR002100008.jpg,SMPR002100008,"Prada America s Cup black
Silver white"
SMPR002200001.jpg,SMPR002200001,Prada Suede Mules olive green
SMPR002200002.jpg,SMPR002200002,Prada Suede Mules black
SMPR002300001.jpg,SMPR002300001,Prada Brushed Chelsea Boots black
SMPR002400001.jpg,SMPR002400001,Prada Brushed Leather Lace-Up black
SMPR002500001.jpg,SMPR002500001,Prada Downtown Low Top White/Black logo print tongue&heel
SMPR002500002.jpg,SMPR002500002,"Prada Downtown Low Top Steel Gray
logo print tongue&heel"
SMPR002500003.jpg,SMPR002500003,Prada Downtown Low Top White Black heel&outsole metal triangle logo
SMPR002600001.jpg,SMPR002600001,Prada Montecarlo Re-Edition black
SMPR002600002.jpg,SMPR002600002,Prada Montecarlo Re-Edition brown
SMPR002600003.jpg,SMPR002600003,"Prada Montecarlo Re-Edition triple
white"
SMPR002700001.jpg,SMPR002700001,Prada Cloudbust Thunder kint black
SMPR002700002.jpg,SMPR002700002,Prada Cloudbust Thunder kint beige
SMPU000100001.jpg,SMPU000100001,بوما كالي وايت بيبي بلو
SMPU000100002.jpg,SMPU000100002,بوما كالي وايت
SMPU000100003.jpg,SMPU000100003,بوما كالي وايت ريد
SMPU000200001.jpg,SMPU000200001,بوما ماوس ساتين بيتش بيج
SMPU000300001.jpg,SMPU000300001,وايت ميتاليك سيلفر X‏2 بوما ماوس
SMPU000300002.jpg,SMPU000300002,بلك ميتاليك روز جولد X‏2 بوما ماوس
SMPU000300003.jpg,SMPU000300003,بيج ميتاليك روز جولد X‏2 بوما ماوس
SMPU000400001.jpg,SMPU000400001,بوما ميل رايدر بيج × علمة اسود
SMPU000400002.jpg,SMPU000400002,بوما ميل رايدر رمادي × اسود × علمة اخضر
SMPU000400003.jpg,SMPU000400003,بوما ميل رايدر ابيض × بينك × علمة تركواز
SMPU000400004.jpg,SMPU000400004,MR DOODLE بوما ميل رايدر اكس
SMPU000500001.jpg,SMPU000500001,بوما رالف هاف ابيض × موف
SMPU000500002.jpg,SMPU000500002,بوما رالف هاف ابيض × روز
SMPU000600001.jpg,SMPU000600001,بوما كروز ابيض
SMPU000600002.jpg,SMPU000600002,بوما كروز فيمنينو
SMPU000600003.jpg,SMPU000600003,بوما كروز بينك ليت
SMPU001400001.jpg,SMPU001400001,"بوما Fast-RB Nitro white Fuchsia
orange"
SMPU001400002.jpg,SMPU001400002,بوما Fast-RB Nitro Black orange
SMPU001400003.jpg,SMPU001400003,بوما Fast-RB Nitro Lime Pow
SMPU001400004.jpg,SMPU001400004,بوما Fast-RB Nitro Off white orange
SMPU001500001.jpg,SMPU001500001,Puma Army Trainer white navy Gum
SMPU001600001.jpg,SMPU001600001,بوما SUEDE XL For All Time Red
SMPU001600002.jpg,SMPU001600002,SUEDE XL Rope Frosted Ivory بوما
SMPU001600003.jpg,SMPU001600003,بوما SUEDE XL Black Gum
SMPU001600004.jpg,SMPU001600004,بوما SUEDE XL Beige Sand
SMPU001600005.jpg,SMPU001600005,بوما SUEDE XL HAIRY Dark green
SMPU001600006.jpg,SMPU001600006,بوما SUEDE XL White Green
SMPU001600007.jpg,SMPU001600007,بوما SUEDE XL Black Whisp of Pink
SMPU001600008.jpg,SMPU001600008,بوما SUEDE XL Black White
SMPU001600009.jpg,SMPU001600009,"SUEDE XL SMate Blue SMate
Inspired بوما"
SMPU001600010.jpg,SMPU001600010,SUEDE XL leather White بوما
SMPU001600011.jpg,SMPU001600011,بوما SUEDE XL Sugared Almond
SMPU001600012.jpg,SMPU001600012,بوما SUEDE XL Ocean Tropic
SMPU001600013.jpg,SMPU001600013,بوما SUEDE XL Skate Off White
SMPU001600014.jpg,SMPU001600014,بوما SUEDE XL Team Royal
SMPU001600015.jpg,SMPU001600015,بوما SUEDE XL Grape Mist
SMPU001600016.jpg,SMPU001600016,بوما SUEDE XL Baby Blue
SMPU001600017.jpg,SMPU001600017,بوما SUEDE XL Pink Brown
SMPU001600018.jpg,SMPU001600018,بوما SUEDE XL Pure Green
SMPU001600019.jpg,SMPU001600019,بوما SUEDE XL Low lights
SMPU001600020.jpg,SMPU001600020,بوما SUEDE XL Granola Warm White
SMPU001600021.jpg,SMPU001600021,بوما SUEDE XL Olive Green White
SMPU001600022.jpg,SMPU001600022,SUEDE XL leather White ORG بوما
SMPU001700001.jpg,SMPU001700001,بوما SUEDE Fat Lace Up Green
SMPU001800001.jpg,SMPU001800001,بوما Platform V3 White Black
SMPU001900001.jpg,SMPU001900001,بوما Speedcat OPEN YY Black
SMPU001900002.jpg,SMPU001900002,بوما Speedcat OPEN YY Prairie Tan
SMPU001900003.jpg,SMPU001900003,بوما Speedcat OPEN YY Brown
SMPU001900004.jpg,SMPU001900004,"بوما Speedcat OPEN YY Whisp Of
Pink"
SMPU002000001.jpg,SMPU002000001,بوما Palermo White Vapor Grey Gum
SMPU002000002.jpg,SMPU002000002,بوما Palermo Black Feather Grey Gum
SMPU002000003.jpg,SMPU002000003,بوما Palermo White Gum
SMPU002000004.jpg,SMPU002000004,بوما Palermo Vintage Jade Frost
SMPU002000005.jpg,SMPU002000005,بوما Palermo Vintage Hyperlink Blue
SMPU002000006.jpg,SMPU002000006,بوما Palermo Pink Delight Green
SMPU002000007.jpg,SMPU002000007,بوما Palermo Grape Mist Peach Fizz
SMPU002000008.jpg,SMPU002000008,بوما Palermo Silver Cool Light Grey
SMPU002100001.jpg,SMPU002100001,بوما SUEDE LOW Archive Remastered
SMPU002200001.jpg,SMPU002200001,بوما Scend Pro White Black
SMPU002200002.jpg,SMPU002200002,بوما Scend Pro Black-Ultra Blue
SMPU002200003.jpg,SMPU002200003,"بوما Scend Pro ORANGE BLACK
WHITE"
SMPU002200004.jpg,SMPU002200004,بوما Scend Pro Grey 6
SMPU002300001.jpg,SMPU002300001,بوما Fastroid Nitro Negro
SMPU002300002.jpg,SMPU002300002,"بوما Fastroid Nitro White Silver Cherry
Tomato"
SMPU002300003.jpg,SMPU002300003,بوما Fastroid Nitro Black Castlerock
SMPU002400001.jpg,SMPU002400001,بوما Bella UT Black White
SMPU002400002.jpg,SMPU002400002,بوما Bella UT White Black
SMPU002500001.jpg,SMPU002500001,"بوما دريفت NtrElt White-Glow
Red-Magenta"
SMPU002500002.jpg,SMPU002500002,بوما دريفت NtrElt black-Glow orange
SMPU002500003.jpg,SMPU002500003,بوما دريفت NtrElt White Glow lead
SMPU002500004.jpg,SMPU002500004,بوما دريفت NtrElt black-Glow GRAY
SMPU002600001.jpg,SMPU002600001,بوما Speedcat Ballet Black Mauve Mist
SMPU002600002.jpg,SMPU002600002,بوما Speedcat Ballet Whisp of Pink
SMPU002600003.jpg,SMPU002600003,بوما Speedcat Ballet Silver
SMPU002600004.jpg,SMPU002600004,بوما Speedcat Ballet White Black
SMPU002600005.jpg,SMPU002600005,بوما Speedcat Ballet Black White
SMPU002600006.jpg,SMPU002600006,بوما Speedcat Ballet For All Time Red
SMPU002600007.jpg,SMPU002600007,"Puma Speedcat Ballet Lace Silver
black"
SMPU002600008.jpg,SMPU002600008,"Puma Speedcat Ballet Lux Silver
Chocolate Gum"
SMPU002600009.jpg,SMPU002600009,"Puma Speedcat Ballet Prairie Tan
white"
SMPU002600010.jpg,SMPU002600010,"Puma Speedcat Ballet Dark Chocolate
white"
SMPU002600011.jpg,SMPU002600011,"Puma Speedcat Ballet Jasmine
Flower Rose"
SMPU002600012.jpg,SMPU002600012,Puma Speedcat Ballet Glossy Black
SMPU002600013.jpg,SMPU002600013,"Puma Speedcat Ballet Lace Frosted
Ivory-Ruby Shimmer"
SMPU002600014.jpg,SMPU002600014,Puma Speedcat Ballet Lace Black White floral lace overlay
SMPU002600015.jpg,SMPU002600015,"Puma Speedcat Ballet Rosé White
Black  LOGO"
SMPU002600016.jpg,SMPU002600016,"Puma Speedcat Ballet Wild Leopard
Pony Hair"
SMPU002600017.jpg,SMPU002600017,Puma Speedcat Ballet Ruby Shimmer cream semi-sheer floral lace
SMPU002600018.jpg,SMPU002600018,"Puma Speedcat Ballet The Powerpuff
Girls Silver Blue Wash"
SMPU002600019.jpg,SMPU002600019,"Puma Speedcat Ballet Alpine Snow
Black"
SMPU002600020.jpg,SMPU002600020,"Puma Speedcat Ballet Snakeskin
Cool Dark Gray Black"
SMPU002600021.jpg,SMPU002600021,Puma Speedcat Ballet pink white Rosy Outlook-Alpine Snow
SMPU002700001.jpg,SMPU002700001,بوما Speedcat OG Red White
SMPU002700002.jpg,SMPU002700002,بوما Speedcat OG Pink White
SMPU002700003.jpg,SMPU002700003,بوما Speedcat OG  Black Mauve Mist
SMPU002700004.jpg,SMPU002700004,بوما Speedcat OG braun White
SMPU002700005.jpg,SMPU002700005,Puma Speedcat OG Black-White
SMPU002700006.jpg,SMPU002700006,Puma Speedcat OG white black
SMPU002700007.jpg,SMPU002700007,"Puma Speedcat OG Cool Mid Grey
black sole"
SMPU002700008.jpg,SMPU002700008,"Puma Speedcat OG Team Light Blue
Club Navy"
SMPU002700009.jpg,SMPU002700009,"PUMA Speedcat OG Dark Myrtle
green white"
SMPU002700010.jpg,SMPU002700010,"Puma Speedcat OG Wild Leopard
Pony Hair brown"
SMPU002700011.jpg,SMPU002700011,Puma Speedcat OG navy blue white
SMPU002700012.jpg,SMPU002700012,Puma Speedcat OG triple white
SMPU002700013.jpg,SMPU002700013,Puma Speedcat OG triple black
SMPU002700014.jpg,SMPU002700014,Puma Speedcat OG gray White
SMPU002700015.jpg,SMPU002700015,Puma Speedcat OG Coffee white
SMPU002700016.jpg,SMPU002700016,"Puma Speedcat OG Nuance Gray
Matte silver ASSENTS"
SMPU002700017.jpg,SMPU002700017,Puma Speedcat OG light brown / taupe wool-like fabric gum SOLE
SMPU002700018.jpg,SMPU002700018,"Puma Speedcat Leather White Silver
logo"
SMPU002800001.jpg,SMPU002800001,Puma Magmax Nitro white black
SMPU002800002.jpg,SMPU002800002,Puma Magmax Nitro triple white
SMPU002800003.jpg,SMPU002800003,Puma Magmax Nitro black White lines
SMPU002800004.jpg,SMPU002800004,"Puma Magmax Nitro White yellow
sole"
SmPU002900001.jpg,SmPU002900001,"Puma x Rosé Speedcat Lea sneakers
BLACK WHITE"
SmPU002900002.jpg,SmPU002900002,Puma x ROSÉ Speedcat Lea sneakers White BLACK
SMPU003000001.jpg,SMPU003000001,Balenciaga x Puma Speedcat SuedeDistressed Red White
SMPU003000002.jpg,SMPU003000002,Balenciaga x Puma Speedcat SuedeDistressed BROWN White
SMPU003000003.jpg,SMPU003000003,Balenciaga x Puma Speedcat SuedeDistressed BLACK White
SMPU003000004.jpg,SMPU003000004,Balenciaga x Puma Speedcat SuedeDistressed White BLACK
SMPU003000005.jpg,SMPU003000005,"Balenciaga x Puma Speedcat Leather
Black White"
SMPU003000006.jpg,SMPU003000006,"Balenciaga x Puma Speedcat Leather
White Black"
SMPU003100001.jpg,SMPU003100001,"Puma Park Lifestyle white/vine/vapor
grey gum sole"
SMPU003100002.jpg,SMPU003100002,"Puma Park Lifestyle black white logo
gum sole"
SMPU003100003.jpg,SMPU003100003,"Puma Park Lifestyle white navy  logo
gum sole"
SMPU003200001.jpg,SMPU003200001,"PUMA X Staple 180 Year Of The
Dragon BLACK ORG"
SMRK000100001.jpg,SMRK000100001,ريبوك زيج دايناميكا وايت نيون منت
SMRK000200001.jpg,SMRK000200001,ريبوك كينيتكا ايدج تريبل بلك
SMRK000200002.jpg,SMRK000200002,ريبوك كينيتكا ايدج ارمي جرين
SMRK000200003.jpg,SMRK000200003,ريبوك كينيتكا ايدج الباستير
SMRK000200004.jpg,SMRK000200004,ريبوك كينيتكا ايدج تريبل وايت
SMRK000600001.jpg,SMRK000600001,"ريبوك FloatZig 1 Core Black Pure Grey
6 Reebok Le"
SMRK000600002.jpg,SMRK000600002,"ريبوك FloatZig 1 Cloud White Pure
Grey 1 Moonstone"
SMRK000600003.jpg,SMRK000600003,"ريبوك FloatZig 1 Core Black Pure Grey
7 Dynamic re"
SMRK000600004.jpg,SMRK000600004,ريبوك FloatZig 1 white grey
SMRK000600005.jpg,SMRK000600005,"ريبوك FloatZig 1 White Digital Lime
Kinetic Blue"
SMRK000600006.jpg,SMRK000600006,"ريبوك FloatZig 1 Pale Blue Ftwr White
Orange Flar"
SMRO000100001.jpg,SMRO000100001,Abstract High Black White ريك اونز
SMSN000100001.jpg,SMSN000100001,SANTONI Dbs1 Sneakers Navy white
SMSN000100002.jpg,SMSN000100002,SANTONI Dbs1 sneakers black white
SMSN000100003.jpg,SMSN000100003,"SANTONI Dbs1 Sneakers black white
Rubber"
SMSN000100004.jpg,SMSN000100004,"SANTONI Dbs1 Sneakers BROWEN
COFEE white Rubber"
SMSN000100005.jpg,SMSN000100005,"SANTONI Dbs1 Sneakers GRAY
white Rubber"
SMSN000200001.jpg,SMSN000200001,"Santoni Leather slip-on white pull tab
heelbrown"
SMSN000200002.jpg,SMSN000200002,"Santoni Leather slip-on black pull tab
heelbrown"
SMSO000100001.jpg,SMSO000100001,سالمون Sneaker White Lunar Rock
SMSO000100002.jpg,SMSO000100002,سالمون Sneaker Black Lunar Rock
SMSO000200002.jpg,SMSO000200002,Salomon XT-6 Gore-Tex Black Silver
SMSR000100001.jpg,SMSR000100001,سمايل ريبابليك هايكي بلك ليد
SMSX000100001.jpg,SMSX000100001,Salax Chunky black whit
SMSX000200001.jpg,SMSX000200001,Salax Genuine dark Leisure White
SMSX000200002.jpg,SMSX000200002,Salax Genuine White
SMSX000200003.jpg,SMSX000200003,Salax Genuine dark Leisure BLACK
SMSX000300001.jpg,SMSX000300001,Salax Moerbai black white
SMSX000300002.jpg,SMSX000300002,Salax Moerbai red black white
SMSX000300003.jpg,SMSX000300003,Salax Moerbai White stone gren
SMSX000400001.jpg,SMSX000400001,"Salax sheepskin Plain Leather white
gray"
SMSX000500001.jpg,SMSX000500001,Salax Silk EVA Cow Leather White
SMSX000600001.jpg,SMSX000600001,Salax Skateboard black gray
SMSX000600002.jpg,SMSX000600002,Salax Skateboard blue
SMSX000600003.jpg,SMSX000600003,"Salax Skateboard Brown Leopard
Print"
SMSX000700001.jpg,SMSX000700001,Salax Leisure black  white stripes
SMSX000700002.jpg,SMSX000700002,Salax Leisure White
SMTL000100001.jpg,SMTL000100001,تمبرلند اصفر هاف وان
SMTL000100002.jpg,SMTL000100002,تمبرلند اسود هاف وان
SMTL000200001.jpg,SMTL000200001,بلك وايت جولد Winsor Trail تمبرلند
SMTL000200002.jpg,SMTL000200002,بلو بلك جولد Winsor Trail تمبرلند
SMTL000200003.jpg,SMTL000200003,بلك بلك جولد Winsor Trail تمبرلند
SMTL000200004.jpg,SMTL000200004,تمبرلند  Olive Gold Winsor Trail
SMTL000300001.jpg,SMTL000300001,Timberland 6 Inch Basic Boot Black
SMTL000300002.jpg,SMTL000300002,Timberland 6 Inch Basic Boot Wheat
SMTL000300003.jpg,SMTL000300003,"Timberland 6 Inch Basic Boot  Dark
Grey"
SMTL000300004.jpg,SMTL000300004,"Timberland 6 Inch Basic Boot Dark
Green"
SMTL000300005.jpg,SMTL000300005,"Timberland 6 Inch Basic Boot Veneda
Carter Wheat"
SMTL000300006.jpg,SMTL000300006,Timberland 6 Inch Basic Boot Supreme Diamond Plate
SMTL000300007.jpg,SMTL000300007,"Timberland 6 Inch Basic Boot Louis
Vuitton Wheat M"
SMTL000300008.jpg,SMTL000300008,"Timberland 6 Inch Basic Boot Midnight
Countdown Pi"
SMTN000100001.jpg,SMTN000100001,"ذا نورث فيس Never Stop Lace Trail White
White"
SMTN000100002.jpg,SMTN000100002,"ذا نورث فيس Never Stop Lace Trail
BLACK White"
SMTN000100003.jpg,SMTN000100003,"ذا نورث فيس Never Stop Lace Trail
BLACK BLACK"
SMTN000100004.jpg,SMTN000100004,ذا نورث فيس Never Stop Lace Trail Gris
SMTN000200001.jpg,SMTN000200001,"The North Face Altamesa 500 Smkd
Pearl Lunar Stone"
SMTN000200002.jpg,SMTN000200002,"The North Face Altamesa 500 Tnf
Black Asphalt Grey"
SMTN000200003.jpg,SMTN000200003,"The North Face Altamesa 500\ Black
White Grey"
SMTN000200004.jpg,SMTN000200004,"TheNorthFace Altamesa 500 White
BeigeGum"
SMTN000200005.jpg,SMTN000200005,"TheNorthFace Altamesa 500 LT
GREY BLUE"
SMTN000300001.jpg,SMTN000300001,"The North Face Altamesa 300 White
light Beige"
SMTN000300002.jpg,SMTN000300002,The North Face Altamesa 300 TNF Black/Solar Flare white logo
SMTN000300003.jpg,SMTN000300003,"The North Face Altamesa 300 TNF
BLACK orange"
SMTN000300004.jpg,SMTN000300004,"The North Face Altamesa 300 trail
Fog Gray black"
SMTN000400001.jpg,SMTN000400001,The North Face Glenclyffe Low New Taupe Green / Cavern Grey
SMTN000400003.jpg,SMTN000400003,The North Face Glenclyffe Low  gray
SMTN000400004.jpg,SMTN000400004,"The North Face Glenclyffe Low black
white logo"
SMTN000500001.jpg,SMTN000500001,The North Face VECTIV Black/Anthracite gray
SMTN000500002.jpg,SMTN000500002,"The North Face VECTIV Enduris 4
white/light gray"
SMTN000500003.jpg,SMTN000500003,"The North Face VECTIV Enduris 4
blue green white"
SMTO000100001.jpg,SMTO000100001,TOMMY HILFIGER WS LOGO White
SMTO000100002.jpg,SMTO000100002,"TOMMY HILFIGER Jeans Cool ESS
white"
SMTO000100003.jpg,SMTO000100003,TOMMY HILFIGER White WT LOGO
SMTO000100004.jpg,SMTO000100004,TOMMY HILFIGER LEATHER GRAIN BLACK WHITE RED LACE
SMTO000100005.jpg,SMTO000100005,"Tommy Hilfiger Leather White dark
blue LACE"
SMTO000100006.jpg,SMTO000100006,"Tommy Hilfiger Brown Court Suede
Trainer WHITE LACE"
SMTO000100007.jpg,SMTO000100007,"Tommy Hilfiger Court Leather black
WHITE SOLE"
SMTO000100008.jpg,SMTO000100008,"Tommy Hilfiger Court Suede black
WHITE LOGO&lace"
SMTO000100009.jpg,SMTO000100009,Tommy Hilfiger Court  Suede gray black lace Antique Silver
SMTO000100010.jpg,SMTO000100010,"TOMMY HILFIGER LEATHER GRAIN
BLACK WHITE RED LACE مقاسات خاصة"
SMTO000100011.jpg,SMTO000100011,"Tommy Hilfiger Leather White dark
blue LACE مقاسات خاصة"
SMTO000100012.jpg,SMTO000100012,Tommy Hilfiger Court Leather black WHITE SOLE مقاسات خاصة
SMTO000200001.jpg,SMTO000200001,Tommy Technical Runner triple black
SMTO000200002.jpg,SMTO000200002,"Tommy Technical Runner gray mixed
texture"
SMTO000200003.jpg,SMTO000200003,"Tommy Technical Runner Desert Sky
navy blue red white"
SMTO000200004.jpg,SMTO000200004,"Tommy Technical Runner black white
red"
SMTO000200005.jpg,SMTO000200005,"Tommy Technical Runner white light
gray black heel sole"
SMTO000300001.jpg,SMTO000300001,"Tommy Jeans Runner Casual white
navy red lace"
SMTO000300002.jpg,SMTO000300002,"Tommy Jeans Runner Casual white
blue red black outsole"
SMTO000300003.jpg,SMTO000300003,"Tommy Jeans Runner Casual black
white midsole&lace"
SMUA000100001.jpg,SMUA000100001,مارين  3 U HOVR Phantom اندر ارمور جرين كامو
SMUA000200001.jpg,SMUA000200001,"Under Armour HOVER UA Phantom 4
Storm BLACK SILVER"
SMUA000200002.jpg,SMUA000200002,"Under Armour HOVER UA Phantom 4
Storm BLACK"
SMUA000200003.jpg,SMUA000200003,"Under Armour HOVER UA Phantom 4
Storm BLACK WHITE"
SMUG000100001.jpg,SMUG000100001,UGG Tazz Slipper Chestnut Red
SMUG000100002.jpg,SMUG000100002,UGG Tazz Slipper Black
SMUG000100004.jpg,SMUG000100004,UGG Tazz Slipper Mustard Seed
SMUG000100005.jpg,SMUG000100005,UGG Tazz Slipper Chestnut Brown
SMUG000100006.jpg,SMUG000100006,"UGG Tazz Slipper Burnt Olive high
heel"
SMUG000100007.jpg,SMUG000100007,UGG Tazz Slipper Hickory
SMUG000100008.jpg,SMUG000100008,UGG Tazz Slipper Maxi Curly Sand
SMUG000100009.jpg,SMUG000100009,"UGG Tazz Slipper Maxi Curly
Chestnut"
SMUG000100010.jpg,SMUG000100010,UGG Tazz Slipper Sand upper edgesignature design element
SMUG000100011.jpg,SMUG000100011,UGG Tazz Slipper dark grey color signature UGGbraid collar
SMUG000100012.jpg,SMUG000100012,UGG Tazz Slipper slipper Chestnut
SMUG000100013.jpg,SMUG000100013,UGG Tazz Slipper in the Pink Dawn
SMUG000100014.jpg,SMUG000100014,"UGG Tazz Slipper Caspian leopard
print"
SMUG000100015.jpg,SMUG000100015,"UGG Tazz Slipper Chestnut Red
LIGHT"
SmUG000100016.jpg,SmUG000100016,UGG Tazz Slipper Burnt Olive
SMUG000100017.jpg,SMUG000100017,"UGG Tazz Slipper dark brown high
heel"
SMUG000100018.jpg,SMUG000100018,"UGG Tazz Slipper Sea Foam high
heel"
SMUG000100019.jpg,SMUG000100019,"UGG Tazz Slipper 25 beige Tropical
Pink"
SMUG000100020.jpg,SMUG000100020,UGG Tazz Slipper Sand colorway
SMUG000100021.jpg,SMUG000100021,UGG Tazz slipper color Rocky Oak
SMUG000100022.jpg,SMUG000100022,"UGG Tazz Slipper Caspian leopard
print high heel"
SMUG000100023.jpg,SMUG000100023,UGG Tazz Slipper dark grey color signature UGGbraid collar high heel
SMUG000200002.jpg,SMUG000200002,"UGG Classic Ultra Mini Platform Boot
Black"
SMUG000300001.jpg,SMUG000300001,UGG Brooklyn Chelsea Boot Black
SMUG000300002.jpg,SMUG000300002,UGG Brooklyn Chelsea Boot Hickory
SMUG000300003.jpg,SMUG000300003,"UGG Brooklyn Chelsea Boot Mustard
Seed"
SMUG000400001.jpg,SMUG000400001,"UGG Classic Plus Ultra Boots
CHESTNUT White"
SMUG000400002.jpg,SMUG000400002,"UGG Classic Plus Mini Boots
CHESTNUT White"
SMUG000400003.jpg,SMUG000400003,"UGG Classic Plus Short Boots
CHESTNUT White"
SMUG000500001.jpg,SMUG000500001,UGG Fluffita Slide White
SMUG000600001.jpg,SMUG000600001,UGG Oh Yeah Slipper White
SMUG000700001.jpg,SMUG000700001,UGG ANDERS CHESTNUT SHEARLING LINED
SMUG000800001.jpg,SMUG000800001,UGG Classic Ultra Mini Boot Chestnut
SMUG000800002.jpg,SMUG000800002,UGG Classic Ultra Mini Boot Black
SMUG000800003.jpg,SMUG000800003,"UGG Classic Ultra locked Mini Boot
Beige"
SMUG000800004.jpg,SMUG000800004,"UGG Classic Ultra locked Mini Boot
Camel"
SMUG000800005.jpg,SMUG000800005,"UGG Classic Ultra locked Mini Boot
Chestnut"
SMUG000800006.jpg,SMUG000800006,"UGG Classic Ultra length locked Mini
Boot Chestnut"
SMUG000800007.jpg,SMUG000800007,"UGG Classic Ultra Embroide Mini
Boot Sand"
SMUG000800008.jpg,SMUG000800008,"UGG Classic Ultra Embroide Mini
Boot Chestnut"
SMUG000800009.jpg,SMUG000800009,"UGG Classic Ultra Zipper Mini Boot
Chestnut"
SMUG000800010.jpg,SMUG000800010,"UGG Classic Ultra Printed Mini Boot
Chestnut"
SMUG000800011.jpg,SMUG000800011,"UGG Classic Ultra Printed Mini Boot
Sand"
SMUG000800012.jpg,SMUG000800012,"UGG Classic Ultra Mini Caspian
leopard print"
SMUG000900001.jpg,SMUG000900001,"UGG Neumel Platform Chelsea Boot
Chestnut"
SMUG000900002.jpg,SMUG000900002,"UGG Neumel Platform Chelsea Boot
Black"
SMUG001000001.jpg,SMUG001000001,UGG Lowmel Sand
SMUG001000002.jpg,SMUG001000002,UGG Lowmel Dune
SMUG001000003.jpg,SMUG001000003,UGG Lowmel HAVAN
SMUG001000004.jpg,SMUG001000004,UGG Lowmel black
SMUG001100001.jpg,SMUG001100001,UGG funkette slipper Chestnut
SMUG001100002.jpg,SMUG001100002,UGG funkette slipper Black
SmUG001100003.jpg,SmUG001100003,UGG funkette slipper Black high heels
SMUG001200001.jpg,SMUG001200001,UGG Classic Dipper Boot Black
SMUG001200002.jpg,SMUG001200002,UGG Classic Dipper Boot Chestnut
SMUG001200003.jpg,SMUG001200003,"UGG Classic Dipper Boot Mini
Chestnut"
SMUG001200004.jpg,SMUG001200004,UGG Classic Dipper Boot Mini black
SMUG001300001.jpg,SMUG001300001,"UGG Classic SMeater Letter Boot
Chestnut"
SMUG001300002.jpg,SMUG001300002,"UGG Classic SMeater Letter Boot
Black"
SMUG001400001.jpg,SMUG001400001,"UGG Neumel Weather Hybrid Boot
Chestnut Whiteca"
SMUG001500001.jpg,SMUG001500001,UGG Classic Short II Boot Grey
SMUG001500002.jpg,SMUG001500002,"UGG Classic Short II Boot Mustard
Seed"
SMUG001500003.jpg,SMUG001500003,"UGG Classic Short II Boot PINK
SHEEPSKIN"
SMUG001600001.jpg,SMUG001600001,UGG Disco Cross Slide chestnut
SMUG001600002.jpg,SMUG001600002,UGG Disco Cross Slide Dark Grey
SMUG001700001.jpg,SMUG001700001,"UGG Classic Chillapeak Boot
Chestnut"
SMUG001800001.jpg,SMUG001800001,"UGG Tasman Weather Hybrid Slipper
Chestnut Whiteca"
SMUG001800002.jpg,SMUG001800002,"UGG TaSWan Weather Hybrid Slipper
BLACK"
SMUG001800003.jpg,SMUG001800003,"UGG TaSWan Weather Hybrid Slipper
HAVAN ORANG"
SMUG001900001.jpg,SMUG001900001,UGG Nita Platform Slipper Chestnut
SMUG002000001.jpg,SMUG002000001,UGG Goldenstar Cozy Clog Chestnut
SMUG002100001.jpg,SMUG002100001,"UGG New Heights Cozy Clog
Chestnut"
SMUG002200001.jpg,SMUG002200001,UGG Tazz Mini Boot Chestnut Brown
SMUG002300001.jpg,SMUG002300001,UGG Hayden Moc Boot Chukka Black
SMUG002300002.jpg,SMUG002300002,"UGG Hayden Moc Boot Chukka
Chestnut"
SMUG002400001.jpg,SMUG002400001,UGG Disquette Slipper Chestnut
SMUG002400002.jpg,SMUG002400002,UGG Disquette Slipper Charcoal
SMUG002500001.jpg,SMUG002500001,UGG Goldenstar Clog Chestnut
SMUG002500002.jpg,SMUG002500002,UGG Goldenstar Clog Black
SMUG002500003.jpg,SMUG002500003,UGG Goldenstar Clog Sand
SMUG002500004.jpg,SMUG002500004,UGG Goldenstar Clog light Sand
SMUG002600001.jpg,SMUG002600001,"UGG Funkarra Cabin Cuff Boot
Chestnut"
SMUG002600002.jpg,SMUG002600002,UGG Funkarra Cabin Cuff Boot Black
SMUG002600003.jpg,SMUG002600003,UGG Funkarra Cabin Cuff Boot Brown
SMUG002600004.jpg,SMUG002600004,UGG Funkarra Cabin Cuff Boot Sand
SMUG002700001.jpg,SMUG002700001,UGG Tazzlita Slipper Chestnut
SMUG002800001.jpg,SMUG002800001,UGG Venture Daze Sand Black
SMUG002800002.jpg,SMUG002800002,UGG Venture Daze Chestnut Ceramic
SMUG002900001.jpg,SMUG002900001,"UGG Erin Platform Scuff Shearling
Slipper Mustard"
SMUG002900002.jpg,SMUG002900002,"""UGG Erin Platform Scuff Shearling
Slipper Chestnu"
SMUG003000001.jpg,SMUG003000001,"UGG CLASSIC ULTRA MINI UGG
FLUFF CHESTNUT"
SMUG003000002.jpg,SMUG003000002,"UGG CLASSIC ULTRA MINI UGG
FLUFF Black Grey"
SMUG003100001.jpg,SMUG003100001,"UGG ESKIMO BUCKLED MINI BOOT
Chestnut"
SMUG003100002.jpg,SMUG003100002,"UGG ESKIMO BUCKLED MINI BOOT
Sand"
SMUG003200001.jpg,SMUG003200001,UGG Pumped Slide Mustard Seed
SMUG003300001.jpg,SMUG003300001,UGG Uncle Winter 2025 Dark Brown
SMUG003300002.jpg,SMUG003300002,UGG Uncle Winter 2025 Chestnut
SMUG003300003.jpg,SMUG003300003,UGG Uncle Winter 2025 Sand
SMUG003400001.jpg,SMUG003400001,UGG Classic Micro boot brown Sand
SMUG003400002.jpg,SMUG003400002,"UGG Classic Micro boot beige Rocky
Oak"
SMUG003500001.jpg,SMUG003500001,UGG Mini Bailey Bow II Rocky Oak
SMUG003500002.jpg,SMUG003500002,UGG Mini Bailey Bow II sand
SMUG003600001.jpg,SMUG003600001,UGG Disquette Alpine Slipper Hickory
SMUG003700001.jpg,SMUG003700001,"UGG Elea Slip-On slipper Chestnut
suede"
SMUG003700002.jpg,SMUG003700002,UGG Elea Slip-On slipper black
SMVA000400001.jpg,SMVA000400001,بلك وايت Knu Skool فانس
SMVA000400002.jpg,SMVA000400002,فانس Knu Skool Triple Black
SMVA000400003.jpg,SMVA000400003,فانس Knu Skool Navy true White
SMVA000400004.jpg,SMVA000400004,vans Knu Skool olive white sole
SMVA000400005.jpg,SMVA000400005,"vans Knu Skool Marshmallow Classic
Gum"
SMVA000400006.jpg,SMVA000400006,Vans Knu Skool Pink
SMVA000400007.jpg,SMVA000400007,"Vans Knu Skool Black white
Sidestripe ORG"
SMVA000400008.jpg,SMVA000400008,"Vans Knu Skool black white grey
accent stripe ORG"
SMVA000400009.jpg,SMVA000400009,"Vans Knu Skool black white sole red
inner lining"
SMVA000500001.jpg,SMVA000500001,فانس Chukka Push Black White
SMVA000500002.jpg,SMVA000500002,فانس Chukka Push Black White White
SMVA000600001.jpg,SMVA000600001,"Vans SK8-Low black white dark grey
Sidestripe ORG"
SMVN000100001.jpg,SMVN000100001,باندز بلك وايت VL7N فلنتينو كالفسكين
SMVN000100002.jpg,SMVN000100002,باندز وايت ايس VL7N فلنتينو كالفسكين
SMVN000100003.jpg,SMVN000100003,White Black باندز VL7N فلنتينو كالفسكين
SMVN000100004.jpg,SMVN000100004,White باندز VL7N فلنتينو كالفسكين
SMVN000100006.jpg,SMVN000100006,White Black باندز VL7N فلنتينو كالفسكين لوجو
SMVN000100007.jpg,SMVN000100007,panelled باندز VL7N فلنتينو كالفسكين
SMVN000100009.jpg,SMVN000100009,Basketball باندز VL7N فلنتينو كالفسكين
SMVN000100010.jpg,SMVN000100010,"فلنتينو كالفسكين VL7N باندز Black Black
White"
SMVN000100011.jpg,SMVN000100011,"فلنتينو كالفسكين VL7N باندز Black White
Negro"
SMVN000100012.jpg,SMVN000100012,Black White باندز VL7N فلنتينو كالفسكين
SMVN000100013.jpg,SMVN000100013,Low Denim باندز VL7N فلنتينو كالفسكين
SMVN000100014.jpg,SMVN000100014,"Valentino كالفسكين VL7N باندز White
Black"
SMVN000100015.jpg,SMVN000100015,"Valentino Garavani VL7N white and
gold"
SMVN000300001.jpg,SMVN000300001,"فلنتينو Garavani ONE STUD XL LOW
تريبل بلك"
SMVN000300003.jpg,SMVN000300003,فلنتينو Garavani one stud xl low وايت
SMVN000300007.jpg,SMVN000300007,"Garavani ONE STUD XL LOW White
Brown black"
SMVN000300008.jpg,SMVN000300008,Garavani ONE STUD XL LOW White metallic silver-tone accents
SMVN000400001.jpg,SMVN000400001,بلك trimmed فلنتينو
SMVN000500005.jpg,SMVN000500005,بلك وايت rockstud low فلنتينو
SMVN000500006.jpg,SMVN000500006,Valentino Garavani Rockstud low white black stripe lacquered studs
SMVN000600001.jpg,SMVN000600001,Derby Trackstud Black فلنتينو
SMVN001000001.jpg,SMVN001000001,فلنتينو Garavani Netrunner Multicolor
SMVN001000002.jpg,SMVN001000002,فلنتينو Garavani Netrunner Black White
SMVN001000003.jpg,SMVN001000003,فلنتينو Garavani Netrunner Olive
SMVN001000004.jpg,SMVN001000004,فلنتينو Garavani Netrunner Light Grey
SMVN001000005.jpg,SMVN001000005,فلنتينو Garavani Netrunner Grey blue
SMVN001000006.jpg,SMVN001000006,فلنتينو Garavani Dark balck
SMVN001000007.jpg,SMVN001000007,فلنتينو Garavani Netrunner Black
SMVN001000008.jpg,SMVN001000008,"فلنتينو Garavani Netrunner Olive
SHINY SOLE"
SMVN001100001.jpg,SMVN001100001,"فلنتينو Lace and Mesh Lacerunner
Silver White"
SMVN001200001.jpg,SMVN001200001,فلنتينو One Stud XL White grey black
SMVN001200002.jpg,SMVN001200002,فلنتينو One Stud XL White black
SMVN001200003.jpg,SMVN001200003,فلنتينو One Stud XL Black
SMVN001200004.jpg,SMVN001200004,"WHITE/NUAGE Garavani One Stud
XL فلنتينو"
SMVN001200005.jpg,SMVN001200005,"White Navy Garavani One Stud XL
فلنتينو"
SMVN001200006.jpg,SMVN001200006,"فلنتينو One Stud XL Nappa Leather
White"
SMVN001200007.jpg,SMVN001200007,فلنتينو One Stud XL drk BLACK White
SMVN001200008.jpg,SMVN001200008,"VALENTINO One Stud XL white Black
outsole gold back heel"
SMVN001300001.jpg,SMVN001300001,"فلنتينو Calf Leather Loafers Black
Patent Leather"
SMVN001500001.jpg,SMVN001500001,فلنتينو Garavani Rkrunne Black
SMVN001500002.jpg,SMVN001500002,Garavani Rkrunne Black counterYellow فلنتينو
SMVN001500003.jpg,SMVN001500003,"فلنتينو Garavani Rkrunne Cmflag White
Grey"
SMVN001500004.jpg,SMVN001500004,"فلنتينو Garavani Rkrunne Grey Black
Camo"
SMVN001500005.jpg,SMVN001500005,"VALENTINO Garavani Rkrunne Black
Camouflage"
SMVN001600001.jpg,SMVN001600001,"فلنتينو Garavani True Act Sneakers
Green KAKI"
SMVN001600002.jpg,SMVN001600002,"فلنتينو Garavani  True Act Sneakers
BLACK"
SMVN001600003.jpg,SMVN001600003,"فلنتينو Garavani True Act Sneakers
WHITE BLACK"
SMVN001700001.jpg,SMVN001700001,"فلنتينو Garavani VLogo Easyjog Chinos
black"
SMVN001800001.jpg,SMVN001800001,"فلنتينو Garavani Open sneaker a01
bianco nero-bia"
SMVN001800002.jpg,SMVN001800002,"Valentino Garavani Open white green
band speckled sole"
SMVN001800003.jpg,SMVN001800003,"Valentino Garavani VLTN Open white
black VLTN logo"
SMVN001800004.jpg,SMVN001800004,"Valentino Garavani VLTN Open white
black VLTN logo&heel tab"
SMVN001800005.jpg,SMVN001800005,"Valentino Garavani Open white pink
stripe detail"
SMVN001800006.jpg,SMVN001800006,"Valentino Open Sneaker Black White
Rockstud"
SMVN001800007.jpg,SMVN001800007,"Valentino Open Sneaker White Navy
blue"
SMVN001900001.jpg,SMVN001900001,"valentino gravani Leisure Flows
espadrilles black"
SMVN001900002.jpg,SMVN001900002,"valentino gravani Leisure Flows
espadrilles Green"
SMVN001900003.jpg,SMVN001900003,"valentino gravani Leisure Flows
espadrilles Beige"
SMVN002000001.jpg,SMVN002000001,"Valentino Garavani Rockstud Untitled
low-top sneaker white"
SMVN002000002.jpg,SMVN002000002,Valentino Garavani Rockstud Untitled black platinum-finish studs
SMVN002100001.jpg,SMVN002100001,Valentino Garavani VLogo Signature leather brown gold-tone VLogo
SMVN002100002.jpg,SMVN002100002,Valentino Garavani VLogo Signature leather black silver-tone Vlogo
SMVN002200001.jpg,SMVN002200001,"Valentino Garavani Royco black white
VLogo Signature"
SMVN002300001.jpg,SMVN002300001,"Valentino Garavani Open Skate white
navy blue gray outsole"
SMVN002300002.jpg,SMVN002300002,Valentino Garavani Open Skate Calfskin/Fabric White Black
SMVO000100001.jpg,SMVO000100001,Veja Volley White Emeraude green
SMVO000100002.jpg,SMVO000100002,Veja Volley White Natural beige
SMVO000100003.jpg,SMVO000100003,Veja Volley White Black black V logo
SMVR000100001.jpg,SMVR000100001,Versace Jeans Couture Black Spyke
SMWR000100001.jpg,SMWR000100001,Warrior SalaxMickey black stras
SMWR000100002.jpg,SMWR000100002,"Warrior Salax Mickey synthetic White
black"
SMWR000100003.jpg,SMWR000100003,"Warrior Salax Mickey Silver stras
ORG"
SMWR000100004.jpg,SMWR000100004,"Warrior Salax Mickey  TRIBLE black
stras ORG"
SMWR000100005.jpg,SMWR000100005,"Warrior Salax Mickey White straS
ORG"
SMWR000100006.jpg,SMWR000100006,Warrior SalaxMickey black stras ORG
SMYK000100001.jpg,SMYK000100001,"y2k metal fittings beige black fantasy
silver"
SMYK000100002.jpg,SMYK000100002,y2k metal fittings black fantasy
SMZG000100001.jpg,SMZG000100001,"Zegna Ermenegildo Triple Stitch
White"
SMZG000100002.jpg,SMZG000100002,Zegna Ermenegildo TripleStitch Black
SMZG000100003.jpg,SMZG000100003,Zegna Ermenegildo Triple Stitch Grey
SMZG000100004.jpg,SMZG000100004,"Zegna Ermenegildo Triple Stitch
brown orange  Sude"
SMZG000100005.jpg,SMZG000100005,"Zegna Ermenegildo Triple Stitch
brown&white"
SMZG000100006.jpg,SMZG000100006,"Zegna Ermenegildo Triple Stitch
Black&WHITE"
SMZG000100007.jpg,SMZG000100007,"Zegna Ermenegildo Triple Stitch navy
&brown jans"
SMZG000100008.jpg,SMZG000100008,"Zegna Ermenegildo Triple Stitch
Black&brown"
SMZG000100009.jpg,SMZG000100009,"Zegna Ermenegildo Triple Stitch grey
mid Sude"
SMZG000100010.jpg,SMZG000100010,"Zegna Ermenegildo Triple Stitch navy
Brown Sude"
SMZG000100011.jpg,SMZG000100011,"Zegna Ermenegildo Triple Stitch OFF
WHITE"
SMZG000100012.jpg,SMZG000100012,"Zegna Ermenegildo Triple Stitch
Green"
SMZG000100013.jpg,SMZG000100013,"Zegna Ermenegildo Triple Stitch
Green Crocodile"
SMZG000100014.jpg,SMZG000100014,"Zegna Ermenegildo Triple Stitch Blue
Crocodile"
SMZG000100015.jpg,SMZG000100015,"Zegna Ermenegildo Triple Stitch light
gray"
SMZG000100016.jpg,SMZG000100016,"Zegna Ermenegildo Triple dark gray
brown"
SMZG000100017.jpg,SMZG000100017,"Zegna Ermenegildo Triple Stitch
BEIGE"
SMZG000100018.jpg,SMZG000100018,"Zegna Ermenegildo Suede+ Leather
Triple Stitch Bro"
SMZG000100019.jpg,SMZG000100019,"Zegna Ermenegildo Suede+ Leath
Triple Stitch BLACK"
SMZG000100020.jpg,SMZG000100020,"Zegna Ermenegildo Triple Stitch
WHITE BLACK"
SMZG000100021.jpg,SMZG000100021,"Zegna Ermenegildo Triple Stitch
Off-White Brown"
SMZG000100022.jpg,SMZG000100022,"Zegna Ermenegildo Triple Stitch navy
blue calf leather"
SMZG000100023.jpg,SMZG000100023,"Zegna Ermenegildo Triple Stitch
brown leather"
SMZG000100024.jpg,SMZG000100024,"Zegna Ermenegildo Triple Stitch
Black/Tan Brown"
SMZG000100025.jpg,SMZG000100025,"Zegna Ermenegildo Triple Stitch black
embossed crocodile effect"
SMZG000100026.jpg,SMZG000100026,"Zegna Ermenegildo Triple Stitch
brown suede white"
SMZG000100027.jpg,SMZG000100027,"Zegna Ermenegildo Triple Stitch Blue
Denim white"
SMZG000100028.jpg,SMZG000100028,"Zegna Ermenegildo Triple Stitch OFF
WHITE GRAME"
SMZG000100029.jpg,SMZG000100029,"Zegna Ermenegildo TripleStitch Black
Lighting"
SMZG000100030.jpg,SMZG000100030,Zegna Ermenegildo Triple Stitch brown suede offwhite sole
SMZG000100031.jpg,SMZG000100031,"Zegna Ermenegildo Triple Stitch
lighter brown leather"
SMZG000100032.jpg,SMZG000100032,"Zegna Ermenegildo TripleStitch
Monte GRAY"
SMZG000100033.jpg,SMZG000100033,"Zegna Ermenegildo Triple Stitch Avio
blue deerskin leather"
SMZG000100034.jpg,SMZG000100034,Zegna Triple Stitch Light Beige white
SMZG000100035.jpg,SMZG000100035,"Zegna Ermenegildo Triple Stitch
BEIGE LEATHER"
SMZG000200001.jpg,SMZG000200001,"Zegna Ermenegildo RUNNER Triple
Stitch White"
SMZG000200002.jpg,SMZG000200002,"Zegna Ermenegildo RUNNER Triple
Stitch black"
SMZG000300001.jpg,SMZG000300001,"Zegna Mocassin Loafers NAVY BLUE
WHITE"
SMZG000300002.jpg,SMZG000300002,"Zegna Mocassin Loafers BEIGE
WHITE"
SMZG000300003.jpg,SMZG000300003,"Zegna Mocassin Loafers BLACK
WHITE"
SWAD000100001.jpg,SWAD000100001,اديداس سوبر ستار سنيكرز اسود
SWAD000100003.jpg,SWAD000100003,اديداس سوبر ستار فلور امبرويدري وايت بلك
SWAD000100004.jpg,SWAD000100004,اديداس سوبر ستار ميكي دراوينج
SWAD000100006.jpg,SWAD000100006,اديداس سوبر ستار وايت بلك ستربس
SWAD000100007.jpg,SWAD000100007,اديداس سوبر ستار وايت هولوجرافيك ستربس
SWAD000100016.jpg,SWAD000100016,Hello Kitty اديداس سوبر ستار
SWAD000100028.jpg,SWAD000100028,اديداس سوبر ستار Foundation White Grey
SWAD000100029.jpg,SWAD000100029,"اديداس سوبر ستار Feifei Ruan Chinese
New Year Pack"
SWAD000100030.jpg,SWAD000100030,اديداس سوبر ستار Grey Pack Suede Black
SWAD000100031.jpg,SWAD000100031,"اديداس سوبر ستار Shelltoe Teenage
Mutant Ninja Tur"
SWAD000100032.jpg,SWAD000100032,"اديداس سوبر ستار SUPEREARTH by Sean
Wotherspoon"
SWAD000100033.jpg,SWAD000100033,"اديداس سوبر ستار BLIORA ALMBLU
ALMYEL"
SWAD000100034.jpg,SWAD000100034,ديداس سوبر ستار Hello Kitty Flowers
SWAD000100035.jpg,SWAD000100035,اديداس سوبر ستارWhite Black White
SWAD000100036.jpg,SWAD000100036,اديداس سوبر ستار وايت بلك ستربس
SWAD000100037.jpg,SWAD000100037,"اديداس سوبر ستار Core Black Cloud White
Gold"
SWAD000100038.jpg,SWAD000100038,ديداس سوبر ستارKoRn 30th Anniversary
SWAD000100039.jpg,SWAD000100039,اديداس سوبر ستار Black white  gray lace
SWAD000100040.jpg,SWAD000100040,اديداس سوبر ستار x RC Beige gray suede
SwAD000100041.jpg,SwAD000100041,اديداس سوبر ستار x RC White Black
SWAD000100042.jpg,SWAD000100042,"اديداس سوبر ستار Gray Suede Cloud
White"
SWAD000100043.jpg,SWAD000100043,White Black اديداس  سوبر ستار
SWAD000100044.jpg,SWAD000100044,Black White GS اديداس  سوبر ستار
SWAD000100045.jpg,SWAD000100045,"اديداس  سوبر ستار Cld White core Black
UNIVER lv"
SWAD000100046.jpg,SWAD000100046,"اديداس  سوبر ستار atmos Denim Pack
Core Black"
SWAD000100047.jpg,SWAD000100047,Adidas Superstar Black Monogram
SWAD000100048.jpg,SWAD000100048,"اديداس  سوبر ستار White Mountaineering
Core Black"
SWAD000100049.jpg,SWAD000100049,"اديداس  سوبر ستارWhite Lowtop X Wales
Bnr"
SWAD000100050.jpg,SWAD000100050,"اديداس  سوبر ستار Olive Strata/Mesa/Night
Red"
SWAD000100051.jpg,SWAD000100051,"XLG Cloud White Core Blackاديداس سوبر
ستار"
SWAD000100052.jpg,SWAD000100052,"اديداس  سوبر ستار  White White Core
Black"
SWAD000100053.jpg,SWAD000100053,"ديداس سوبر ستار  XLG Nanzuka Wars
R2-D2 And C-3PO"
SWAD000100054.jpg,SWAD000100054,"ديداس سوبر ستار Hlo Kty Frnds Pink Cld
Wite  Black"
SWAD000100055.jpg,SWAD000100055,ديداس سوبر ستار og Cloud White Pink
SWAD000100056.jpg,SWAD000100056,"adidas Superstar Caroline White
Black"
SWAD000100057.jpg,SWAD000100057,"adidas Superstar Caroline BLACK
WHITE"
SWAD000100058.jpg,SWAD000100058,adidas Superstar Caroline Sandy Pink
SWAD000100059.jpg,SWAD000100059,"adidas Superstar Core Black/Grey
white"
SWAD000100060.jpg,SWAD000100060,Adidas Superstar core black cloud white stripes&writting gold lace lock
SWAD000100061.jpg,SWAD000100061,Adidas Originals Superstar white metallic silver accents star lace jewel
SWAD000100062.jpg,SWAD000100062,Adidas Superstar Core Black Lucid Pink stripes unique paw print detail
SWAD000100063.jpg,SWAD000100063,"Adidas Superstar Dior White tonal
grey"
SWAD000100064.jpg,SWAD000100064,adidas Superstar White Silver Metallic
SWAD000100065.jpg,SWAD000100065,"adidas Superstar x Neighborhood
black white skull"
SWAD000100066.jpg,SWAD000100066,adidas Superstar white purple
SWAD000100067.jpg,SWAD000100067,"adidas Superstar II Rhinestone Black
Silver Crystal"
SWAD000100068.jpg,SWAD000100068,"adidas Superstar II Cream White
Earth Strata"
SWAD000100069.jpg,SWAD000100069,Adidas Superstar  Liberty London Tana Lawn floral pattern
SWAD000200001.jpg,SWAD000200001,اديداس جازيل اسود × ابيض
SWAD000200002.jpg,SWAD000200002,اديداس جازيل كحلي × ابيض
SWAD000200003.jpg,SWAD000200003,اديداس جازيل احمر × ابيض
SWAD000200004.jpg,SWAD000200004,"اديداس جازيل x Gucci Green GG
Monogram"
SWAD000200005.jpg,SWAD000200005,اديداس جازيل x Gucci Pink Velvet
SWAD000200006.jpg,SWAD000200006,"اديداس جازيل x Gucci Beige GG
Monogram"
SWAD000200007.jpg,SWAD000200007,pink white اديداس جازيل
SWAD000200009.jpg,SWAD000200009,اديداس جازيل Purple Yellow
SWAD000200010.jpg,SWAD000200010,اديداس جازيل سكاي بلو وايت
SWAD000200011.jpg,SWAD000200011,اديداس جازيل Bliss Pink Purple
SWAD000200012.jpg,SWAD000200012,"اديداس جازيل Collegiate Green White
Lucid Pink"
SWAD000200013.jpg,SWAD000200013,اديداس جازيل Indoor pink fashion
SWAD000200014.jpg,SWAD000200014,اديداس جازيل RED WHITE GUM
SWAD000200015.jpg,SWAD000200015,اديداس جازيل BLUE WHITE GUM
SWAD000200016.jpg,SWAD000200016,اديداس جازيل Cream White
SWAD000200017.jpg,SWAD000200017,اديداس جازيل WHITE PRELOVED INK
SWAD000200018.jpg,SWAD000200018,GREY WOLF اديداس جازيل
SWAD000200019.jpg,SWAD000200019,اديداس جازيل Black White Gum
SWAD000200020.jpg,SWAD000200020,اديداس جازيل Beam Orange
SWAD000200021.jpg,SWAD000200021,اديداس جازيل Maroon Burgundy
SWAD000200022.jpg,SWAD000200022,اديداس جازيل Off White Chalk White
SWAD000200023.jpg,SWAD000200023,اديداس جازيل x Gucci White Navy Red
SWAD000200024.jpg,SWAD000200024,"اديداس جازيل x Gucci Beige Brown White
Gum"
SWAD000200025.jpg,SWAD000200025,"اديداس جازيل ORG x Gucci White Navy
Red"
SWAD000200026.jpg,SWAD000200026,اديداس جازيل Bad Bunny San Juan
SWAD000200027.jpg,SWAD000200027,اديداس جازيل Green White Gum
SWAD000200028.jpg,SWAD000200028,اديداس جازيل CLOT x Gazelle Halo Ivory
SWAD000200029.jpg,SWAD000200029,اديداس جازيل x Gucci Metallic Gold
SWAD000200030.jpg,SWAD000200030,"اديداس جازيل x Gucci Green GG
Monogram ORG"
SWAD000200031.jpg,SWAD000200031,"اديداس جازيل x Gucci Beige Brown White
Gum ORG"
SWAD000200032.jpg,SWAD000200032,اديداس جازيل Indoor Light Blue Floral
SWAD000200033.jpg,SWAD000200033,اديداس جازيل Indoor Wonder Clay
SWAD000200034.jpg,SWAD000200034,اديداس جازيل Off White Preloved Yellow
SWAD000200035.jpg,SWAD000200035,اديداس جازيل Bad Bunny Benite White
SWAD000200036.jpg,SWAD000200036,اديداس جازيل Bad Bunny Benito Black
SWAD000200037.jpg,SWAD000200037,اديداس جازيل Bad Bunny Benito Brown
SWAD000200038.jpg,SWAD000200038,"اديداس جازيل Carved Comfort Versatile
Non□Slip"
SWAD000200039.jpg,SWAD000200039,اديداس Gazelle Indoor Hello Kitty
SWAD000200042.jpg,SWAD000200042,"اديداس جازيل Indoor Earth Strata Magic
Beige Gaze"
SWAD000200043.jpg,SWAD000200043,اديداس جازيل Focus Olive Indoor
SWAD000200044.jpg,SWAD000200044,"اديداس جازيل Maroon Cloud White Prlvd
Crimson"
SWAD000200045.jpg,SWAD000200045,"اديداس Gazelle Indoor Crew Navy
Burgundy"
SWAD000200046.jpg,SWAD000200046,اديداس Gazelle Indoor Pink Velvet
SWAD000200047.jpg,SWAD000200047,"adidas Gazelle Indoor Black brown
Green"
SWAD000200048.jpg,SWAD000200048,adidas Gazelle Indoor beige purple
SWAD000200049.jpg,SWAD000200049,"adidas Gazelle Indoor white silver
metallic"
SWAD000200050.jpg,SWAD000200050,"Adidas Gazelle Cream White BLACK
LACE"
SWAD000200051.jpg,SWAD000200051,"Adidas Gazelle Liberty London Floral
Embroidery"
SWAD000200052.jpg,SWAD000200052,adidas Gazelle 85 Preloved Brown
SWAD000200053.jpg,SWAD000200053,"adidas Gazelle Indoor Earth Strata
White Gold Metallic"
SWAD000200054.jpg,SWAD000200054,"adidas Gazelle Indoor Sandy Pink
Cloud White Gum"
SWAD000200055.jpg,SWAD000200055,adidas Gazelle Indoor Cardboard Brown Sandy Pink Gum
SWAD000200056.jpg,SWAD000200056,adidas Gazelle Indoor Brown Velvet Dark Brown / Glow Pink / Court Green
SWAD000300001.jpg,SWAD000300001,اديداس ايزي 350 ابيض سادة
SWAD000300002.jpg,SWAD000300002,اديداس ايزي 350 اسود سادة
SWAD000300005.jpg,SWAD000300005,اديداس ايزي 350 تايل ليت
SWAD000300007.jpg,SWAD000300007,اديداس ايزي 350 ستاتيك
SWAD000300009.jpg,SWAD000300009,"Adidas yeezy boost 350 cloud GRAY
white reflective"
SWAD000300012.jpg,SWAD000300012,"adidas Yeezy Boost 350 V2 Black
Reflective"
SWAD000300013.jpg,SWAD000300013,اديداس ايزي 350 اسود ريفليكتيف ليسنج
SWAD000300027.jpg,SWAD000300027,اديداس ايزي 350 زيبرا
SWAD000300028.jpg,SWAD000300028,اديداس ايزي 350 بيلوجا ريفليكتف
SWAD000300029.jpg,SWAD000300029,اديداس ايزي 350 اسود مقاسات خاصة
SWAD000300030.jpg,SWAD000300030,اديداس ايزي 350 ابيض مقاسات خاصة
SWAD000300031.jpg,SWAD000300031,اديداس ايزي 350 تايل ليت مقاسات خاصة
SWAD000300032.jpg,SWAD000300032,اديداس ايزي 350 زيبرا مقاسات خاصة
SWAD000300033.jpg,SWAD000300033,اديداس ايزي 350 بيلوجا ريفليكتف مقاسات خاصة
SwAD000300034.jpg,SwAD000300034,اديداس ايزي 350جراى ريفليكتيف ليسنج
SWAD000300035.jpg,SWAD000300035,اديداس ايزي 350 ستاتيك مقاسات خاصة
SWAD000400001.jpg,SWAD000400001,اديداس سامبا اسود × ابيض شبك
SWAD000400002.jpg,SWAD000400002,اديداس سامبا اسود × ابيض جلد
SWAD000400003.jpg,SWAD000400003,اديداس سامبا كلود وايت كور بلك
SWAD000400007.jpg,SWAD000400007,اديداس سامبا White Wonder Clay Gum
SWAD000400008.jpg,SWAD000400008,اديداس سامبا White Green
SWAD000400009.jpg,SWAD000400009,اديداس سامبا Black White Gum
SWAD000400010.jpg,SWAD000400010,اديداس سامبا Vegan Black Gum
SWAD000400011.jpg,SWAD000400011,اديداس سامبا White Halo Blue
SWAD000400016.jpg,SWAD000400016,اديداس سامبا Wales Bonner Silver
SWAD000400017.jpg,SWAD000400017,اديداس سامبا Collegiate Green
SWAD000400018.jpg,SWAD000400018,اديداس سامبا White Better Scarlet
SWAD000400019.jpg,SWAD000400019,"اديداس سامبا Alumina Chalk White
Wonder Beige"
SWAD000400020.jpg,SWAD000400020,اديداس سامبا Core Black Cloud White
SWAD000400021.jpg,SWAD000400021,اديداس سامبا Wales Bonner Pony Leo
SWAD000400022.jpg,SWAD000400022,"اديداس سامبا  Wales Bonner Pony Cream
White"
SWAD000400023.jpg,SWAD000400023,اديداس سامبا  Wales Bonner Pony BLACK
SWAD000400025.jpg,SWAD000400025,Wales Bonner Ecrtin Brown اديداس سامبا
SWAD000400026.jpg,SWAD000400026,اديداس سامبا wales bonner NYLON
SWAD000400027.jpg,SWAD000400027,اديداس سامبا notitle Cow Print
SWAD000400029.jpg,SWAD000400029,اديداس سامبا cream white sand strata
SWAD000400030.jpg,SWAD000400030,اديداس سامبا كلود وايت بلو جم
SWAD000400031.jpg,SWAD000400031,اديداس سامبا maroon gold metallic
SWAD000400032.jpg,SWAD000400032,اديداس سامبا notitle green
SWAD000400033.jpg,SWAD000400033,اديداس سامبا love the day
SWAD000400034.jpg,SWAD000400034,اديداس سامبا  NIGHT NAVY GUM
SWAD000400035.jpg,SWAD000400035,اديداس سامبا BLACK WONDER WHITE
SWAD000400036.jpg,SWAD000400036,Collegiate Green/White اديداس سامبا
SWAD000400037.jpg,SWAD000400037,"اديداس سامبا Cardboard Beige Brown
Cream White"
SWAD000400038.jpg,SWAD000400038,اديداس سامبا White Silver Green
SWAD000400039.jpg,SWAD000400039,"اديداس سامبا Wales Bonner Studded
Black"
SWAD000400040.jpg,SWAD000400040,اديداس سامبا purple white
SWAD000400041.jpg,SWAD000400041,"اديداس سامبا Wales Bonner White
Leather"
SWAD000400042.jpg,SWAD000400042,اديداس سامبا  Wales Bonner brown white
SWAD000400043.jpg,SWAD000400043,اديداس سامبا SILVER GREEN GUM
SWAD000400044.jpg,SWAD000400044,اديداس سامبا white green 2022
SWAD000400045.jpg,SWAD000400045,"اديداس سامبا Wales Bonner Brown
Leather"
SWAD000400048.jpg,SWAD000400048,ORG اديداس سامبا كلود وايت كور بلك
SWAD000400049.jpg,SWAD000400049,"اديداس سامبا  Wales Bonner Studded
Cream White"
SWAD000400052.jpg,SWAD000400052,"اديداس سامبا Lionel Messi Argentina Pink
Blue Miam"
SWAD000400053.jpg,SWAD000400053,اديداس سامبا Janes Cloud White
SWAD000400054.jpg,SWAD000400054,اديداس سامبا Wonder Silver white
SWAD000400055.jpg,SWAD000400055,اديداس سامبا White Purple Green
SWAD000400056.jpg,SWAD000400056,"ايداس سامبا Nylon Wonder Clay Royal
Blue"
SWAD000400057.jpg,SWAD000400057,اديداس سامبا White Halo Grey
SWAD000400058.jpg,SWAD000400058,اديداس سامبا White PURPLE
SWAD000400059.jpg,SWAD000400059,اديداس سامبا Wonder Gold Metallic
SWAD000400060.jpg,SWAD000400060,اديداس سامبا COMME des GARCONS
SWAD000400061.jpg,SWAD000400061,اديداس سامبا White Beige GUM
SWAD000400062.jpg,SWAD000400062,اديداس سامبا retro black reflective
SWAD000400063.jpg,SWAD000400063,اديداس سامبا White Iridescent
SWAD000400064.jpg,SWAD000400064,اديداس سامبا Neighborhood Leopard
SWAD000400065.jpg,SWAD000400065,اديداس سامبا Beige Brown Cream
SWAD000400066.jpg,SWAD000400066,"Black Wonder Quartz Ribbon  اديداس
سامبا"
SWAD000400067.jpg,SWAD000400067,اديداس سامبا Team Argentina
SWAD000400068.jpg,SWAD000400068,"اديداس سامبا Wales Bonner Nylon Desert
White"
SWAD000400069.jpg,SWAD000400069,اديداس سامبا Chalky Brown Gum OG
SWAD000400070.jpg,SWAD000400070,اديداس سامبا Collegiate Green Gum OG
SWAD000400071.jpg,SWAD000400071,"اديداس سامبا Cream White Preloved
Brown"
SWAD000400072.jpg,SWAD000400072,اديداس سامبا White Lucid Pink
SWAD000400073.jpg,SWAD000400073,"اديداس سامبا Silver Metallic Core Black
Gum"
SWAD000400074.jpg,SWAD000400074,"Silver Green Putty Mauve OG  اديداس
سامبا"
SWAD000400075.jpg,SWAD000400075,"white with blue denim jeans OG  اديداس
سامبا"
SWAD000400076.jpg,SWAD000400076,Hazy Green OG اديداس سامبا
SWAD000400077.jpg,SWAD000400077,"اديداس سامبا OG 75th Anniversary Pack
Black"
SWAD000400078.jpg,SWAD000400078,اديداس سامبا OG beige white
SWAD000400079.jpg,SWAD000400079,اديداس سامبا OG Silver Pink PR
SWAD000400080.jpg,SWAD000400080,اديداس سامبا Blue Burst LT
SWAD000400081.jpg,SWAD000400081,اديداس سامبا OG Lace Flower
SWAD000400082.jpg,SWAD000400082,اديداس سامبا  Inter Miami CF Messi Black
SWAD000400083.jpg,SWAD000400083,اديداس سامبا  Consortium Cup END. Past
SWAD000400084.jpg,SWAD000400084,"اديداس سامبا  Vegan Pink Cloud White
Brown"
SWAD000400085.jpg,SWAD000400085,اديداس سامبا OG J BLANCO NEGRO
SWAD000400086.jpg,SWAD000400086,اديداس سامبا OG Metallic Purple Gum
SWAD000400087.jpg,SWAD000400087,اديداس سامبا OG Wonder White Maroon
SWAD000400088.jpg,SWAD000400088,اديداس سامبا Wales Bonner Navy Croc
SWAD000400089.jpg,SWAD000400089,اديداس سامبا Wales Bonner Brown Croc
SWAD000400090.jpg,SWAD000400090,"اديداس سامبا OG White Light Beige Coral
Pink"
SWAD000400091.jpg,SWAD000400091,اديداس سامبا purple Turquoise white
SWAD000400092.jpg,SWAD000400092,اديداس سامبا Tonal Color Pack Linen
SWAD000400093.jpg,SWAD000400093,اديداس سامبا White Beige Gum
SWAD000400094.jpg,SWAD000400094,"اديداس سامبا Cloud White Off White Core
Black"
SWAD000400095.jpg,SWAD000400095,اديداس سامبا White Burgundy Gum
SWAD000400096.jpg,SWAD000400096,اديداس سامبا White Floral Embroidery
SWAD000400097.jpg,SWAD000400097,اديداس سامبا OG Wonder Quartz
SWAD000400098.jpg,SWAD000400098,اديداس سامبا Cloud White
SWAD000400099.jpg,SWAD000400099,اديداس سامبا Off White Dark Blue
SWAD000400100.jpg,SWAD000400100,اديداس سامبا White Victory Red  Indigo
SWAD000400101.jpg,SWAD000400101,اديداس سامبا Off White Violet Tone
SWAD000400102.jpg,SWAD000400102,اديداس سامبا Wonder Taupe
SWAD000400103.jpg,SWAD000400103,اديداس سامبا Earth Strata Gum
SWAD000400104.jpg,SWAD000400104,اديداس سامبا Mineral Green Crystal Sand
SWAD000400105.jpg,SWAD000400105,اديداس سامبا Cream White Preloved Fig
SWAD000400106.jpg,SWAD000400106,اديداس سامبا beje bordeaux
SWAD000400107.jpg,SWAD000400107,"اديداس سامبا Silver Metallic Cracked
Leather"
SWAD000400108.jpg,SWAD000400108,ORG اديداس سامبا Wonder Gold Metallic
SWAD000400109.jpg,SWAD000400109,"Adidas Samba OG Clover Desert light
gray"
SWAD000400110.jpg,SWAD000400110,"Adidas Samba OG Preloved Red
Leopard"
SWAD000400111.jpg,SWAD000400111,"Adidas Samba OG Black Green
Leopard"
SWAD000400112.jpg,SWAD000400112,"Adidas Samba OG Gold Metallic
Cracked white"
SWAD000400113.jpg,SWAD000400113,"Adidas Samba OG Night Indigo/Crew
White"
SWAD000400114.jpg,SWAD000400114,"اديداس سامبا Silver Metallic Cracked
Leather ORG"
SWAD000400115.jpg,SWAD000400115,"Adidas Samba OG Black Green
Leopard ORG"
SWAD000400116.jpg,SWAD000400116,اديداس سامبا Black White Gum ORG
SWAD000400117.jpg,SWAD000400117,adidas Samba OG Brown Putty Grey
SWAD000400118.jpg,SWAD000400118,adidas Samba Espadrille CLOT By Edison Chen White Black
SWAD000400119.jpg,SWAD000400119,"adidas Samba OG Rhinestone Black
Silver"
SWAD000400120.jpg,SWAD000400120,"adidas Samba OG Valentine s Day
Cream White Scarlet"
SWAD000400121.jpg,SWAD000400121,"adidas Samba OG Liberty London
Floral Embroidery"
SWAD000400122.jpg,SWAD000400122,adidas Samba OG White Sand Strata leopard print Stripes gum sole
SWAD000400123.jpg,SWAD000400123,"adidas Samba LT Earth Strata White
Gum"
SWAD000400124.jpg,SWAD000400124,adidas Samba OG Basketweave Cream White Earth Strata
SWAD000400125.jpg,SWAD000400125,adidas Samba OG Off White Gum
SWAD000400127.jpg,SWAD000400127,adidas Samba OG Pink Spark Shadow Red gum SOLE
SWAD000400128.jpg,SWAD000400128,"adidas Samba OG Molly-Mae Matcha
Gum"
SWAD000500001.jpg,SWAD000500001,اديداس توبانجا اسود جلد
SWAD000500002.jpg,SWAD000500002,اديداس توبانجا جملي جلد مقلوب
SWAD000500003.jpg,SWAD000500003,اديداس توبانجا بترولي جلد مقلوب
SWAD000600001.jpg,SWAD000600001,اديداس لوكاس اسود سادة × علمة ابيض
SWAD000600002.jpg,SWAD000600002,اديداس لوكاس اسود سادة × احمر
SWAD000600003.jpg,SWAD000600003,اديداس لوكاس رمادي سادة × علمة اسود
SWAD000600004.jpg,SWAD000600004,اديداس لوكاس اسود × رمادي × علمة ابيض
SWAD000700001.jpg,SWAD000700001,اديداس ستان سميث وايت
SWAD000700002.jpg,SWAD000700002,اديداس ستان سميث وايت بلك
SWAD000700003.jpg,SWAD000700003,اديداس ستان سميث وايت جرين
SWAD000700004.jpg,SWAD000700004,adidas Stan Smith CLOT By Edison Chen Espadrille White Green
SWAD000800001.jpg,SWAD000800001,اديداس زداكس وايت فيوليت بلو
SWAD000800002.jpg,SWAD000800002,اديداس زداكس بوب كورن ابيض
SWAD000900004.jpg,SWAD000900004,21 اديداس الترا بوست Argentina National
SWAD000900005.jpg,SWAD000900005,21 اديداس الترا بوست Teaser Shadow Navy
SWAD001800001.jpg,SWAD001800001,اديداس فورام تريبل وايت
SWAD001800003.jpg,SWAD001800003,اديداس فورام وايت رويال بلو
SWAD001800004.jpg,SWAD001800004,اديداس فورام وايت ليت بينك
SWAD001800006.jpg,SWAD001800006,اديداس فورام وايت بلك
SWAD001800008.jpg,SWAD001800008,اديداس فورام كلود وايت كوربلك جم
SWAD001800009.jpg,SWAD001800009,اديداس فورام كلود وايت سكريمنج بينك
SWAD001800010.jpg,SWAD001800010,اديداس فورام كلود وايت ليت جراي
SWAD001800011.jpg,SWAD001800011,Off White اديداس فورام كلود
SWAD001800012.jpg,SWAD001800012,اديداس فورام وايت ريد
SWAD001800015.jpg,SWAD001800015,اديداس فورام White Clear Blue
SWAD001800016.jpg,SWAD001800016,اديداس فورام Pink GX3659
SWAD001800017.jpg,SWAD001800017,اديداس فورام Blue Denim Gum
SWAD001800018.jpg,SWAD001800018,adidas Forum Low Off White Brown
SWAD001800019.jpg,SWAD001800019,"adidas Forum Low ADV Carbon Grey
Grey Two"
SWAD001800020.jpg,SWAD001800020,"adidas Forum 84 Low CL White Black
Gum"
SWAD001800021.jpg,SWAD001800021,adidas Forum 84 Low Off White Subtle hints Halo Blush
SWAD002200003.jpg,SWAD002200003,"20 اديداس الترا بوست Dash Grey Blue
Metallic"
SWAD002200006.jpg,SWAD002200006,Core Black اديداس الترا بوست 20
SWAD002200007.jpg,SWAD002200007,"20 اديداس الترا بوست James Bond 007
Black"
SWAD002200009.jpg,SWAD002200009,20 اديداس الترا بوست Football Blue
SWAD002200010.jpg,SWAD002200010,Dash Grey Blue اديداس الترا بوست 20 مقاسات خاصةMetallic
SWAD002200011.jpg,SWAD002200011,007 James Bond اديداس الترا بوست 20 مقاسات خاصة Black
SWAD002200012.jpg,SWAD002200012,"Marbleاديداس الترا بوست 20  مقاسات خاصة
Black"
SWAD002200013.jpg,SWAD002200013,مقاسات  Core Black اديداس الترا بوست 20 خاصة
SWAD002300001.jpg,SWAD002300001,باك تو سكول Bad Bunny اديداس
SWAD002400002.jpg,SWAD002400002,اديداس Retropy E5 White Crystal White
SWAD002400003.jpg,SWAD002400003,"اديداس Retropy E5 Aluminium Dark
Green"
SWAD002400005.jpg,SWAD002400005,اديداس Retropy E5 Matcha Green
SWAD002400006.jpg,SWAD002400006,اديداس Retropy E5 White Gray
SWAD002400008.jpg,SWAD002400008,اديداس Retropy E5 Gray White
SWAD002400009.jpg,SWAD002400009,"Retropy E5 Green Oxide/Core Black/
Off White"
SWAD002400010.jpg,SWAD002400010,اديداس Retropy E5 Cream Gray
SWAD002400011.jpg,SWAD002400011,اديداس Retropy E5 Solid Grey
SWAD002400012.jpg,SWAD002400012,اديداس Retropy E5 Beige White
SWAD002400013.jpg,SWAD002400013,اديداس Retropy E5 Grey Black Gum
SWAD002400014.jpg,SWAD002400014,اديداس Retropy E5 Mint Green
SWAD002400015.jpg,SWAD002400015,"اديداس Retropy E5 Wonder
Beige/Collegiate"
SWAD002400016.jpg,SWAD002400016,اديداس Retropy E5 black white
SWAD002400017.jpg,SWAD002400017,اديداس Retropy E5 Triple Black
SWAD002400018.jpg,SWAD002400018,اديداس Retropy E5 Grey Suede White
SWAD002400019.jpg,SWAD002400019,اديداس Retropy E5 Black Gum
SWAD002400020.jpg,SWAD002400020,"اديداس Retropy E5 Dark Grey Cloud
White"
SWAD002400021.jpg,SWAD002400021,Adidas Retropy E5 Chalk White Grey
SWAD002400022.jpg,SWAD002400022,Adidas Retropy E5 grey white beige
SWAD002400023.jpg,SWAD002400023,Adidas Retropy E5 Beige/Brown
SWAD002400024.jpg,SWAD002400024,Adidas Retropy E5 Blue green Cream
SWAD002400025.jpg,SWAD002400025,"Adidas Retropy E5 Core Black gum
outsole"
SWAD002400026.jpg,SWAD002400026,"adidas Retropy E5 Branch/Legend
Green/Chalk White"
SWAD002400027.jpg,SWAD002400027,Adidas Retropy E5 white beige green
SWAD002400028.jpg,SWAD002400028,"adidas Retropy E5 Off White Blue red
heel tab"
SWAD002400029.jpg,SWAD002400029,"adidas Retropy E5 White Tint/Grey
One/Legend Ink"
SWAD002400030.jpg,SWAD002400030,"adidas Retropy E5 off-white light pink
purple accents"
SWAD002400031.jpg,SWAD002400031,adidas Retropy E5 triple white
SWAD002400032.jpg,SWAD002400032,adidas Retropy E5 Leopard Print white
SWAD002400033.jpg,SWAD002400033,"Adidas Retropy E5 off-white/cream
burgundy"
SWAD002500001.jpg,SWAD002500001,كور بلك Campus 00s اديداس
SWAD002500002.jpg,SWAD002500002,جراي وايت Campus 00s اديداس
SWAD002500003.jpg,SWAD002500003,دارك جرين كلود وايت Campus 00s اديداس
SWAD002500004.jpg,SWAD002500004,كريستال وايت دارك جرين Campus 00s اديداس
SWAD002500005.jpg,SWAD002500005,داست كارجو كلير بينك Campus 00s اديداس
SWAD002500008.jpg,SWAD002500008,اديداس Campus 00s Wonder White
SWAD002500010.jpg,SWAD002500010,اديداس Campus 00s Ambient Sky
SWAD002500013.jpg,SWAD002500013,"اديداس Campus 00s Crystal White Core
Black"
SWAD002500016.jpg,SWAD002500016,اديداس Campus 00s CARBON BLACK
SWAD002500017.jpg,SWAD002500017,اديداس Campus 00s GREY
SWAD002500019.jpg,SWAD002500019,اديداس Campus 00s Pink Fusion
SWAD002500020.jpg,SWAD002500020,"اديداس Campus 00s Core Black True
Pink"
SWAD002500021.jpg,SWAD002500021,ادايداس CAMPUS 00S CARBON SOLAR GREEN BLACK
SWAD002500022.jpg,SWAD002500022,اديداس Campus 00s Bliss Lilac Black
SWAD002500023.jpg,SWAD002500023,اديداس Campus 00s Leopard skin
SWAD002500024.jpg,SWAD002500024,"اديداس CAMPUS 00S WHITE BLACK
SOL"
SWAD002500025.jpg,SWAD002500025,"اديداس Campus 00S Core Black Cloud
White"
SWAD002500026.jpg,SWAD002500026,اديداس CAMPUS 00S Red White Gum
SWAD002500027.jpg,SWAD002500027,اديداس CAMPUS 00S White Red Green
SWAD002500028.jpg,SWAD002500028,اديداس CAMPUS 00S Maroon Burgundy
SWAD002500029.jpg,SWAD002500029,اديداس Campus 00s Wonder Blue
SWAD002500030.jpg,SWAD002500030,اديداس Campus 00s Bark
SWAD002500031.jpg,SWAD002500031,Campus 00s Blue White Gum اديداس
SWAD002500032.jpg,SWAD002500032,"Campus 00s Collegiate Green Core
Black Gum اديداس"
SWAD002500033.jpg,SWAD002500033,Campus 00s Core Black Floral اديداس
SWAD002500034.jpg,SWAD002500034,"CAMPUS 00S Preloved Blue / Cloud
White  اديداس"
SWAD002500035.jpg,SWAD002500035,"اديداس Campus 00s Putty Grey
Preloved Blue"
SWAD002500036.jpg,SWAD002500036,"اديداس Campus 00s Aluminum Cloud
White"
SWAD002500037.jpg,SWAD002500037,"اديداس Campus 00s Aluminum Off
White Aluminium"
SWAD002500038.jpg,SWAD002500038,"اديداس Campus 00s Glow in the Dark
Beige"
SWAD002500039.jpg,SWAD002500039,"اديداس Campus 00s Collegiate Core
White Green"
SWAD002500040.jpg,SWAD002500040,اديداس Campus 00s Black Leopard
SWAD002500041.jpg,SWAD002500041,اديداس Campus 00s Collegiate Green
SWAD002500042.jpg,SWAD002500042,"اديداس Campus 00s Olive Strata Dark
Brown"
SWAD002500043.jpg,SWAD002500043,"Campus 00s Ice Cream Cone Pink
White اديداس"
SWAD002500044.jpg,SWAD002500044,Campus 00s Rose Tone اديداس
SWAD002500045.jpg,SWAD002500045,Campus 00s Grey Blue Fashion اديداس
SWAD002500046.jpg,SWAD002500046,"اديداس Campus 00s Preloved Green
Solar Yellow"
SWAD002500047.jpg,SWAD002500047,"اديداس CAMPUS 00S Crystal White
Preloved Ruby"
SWAD002500048.jpg,SWAD002500048,"اديداس Campus 00s Burgundy Light
Grey"
SWAD002500049.jpg,SWAD002500049,"اديداس Campus 01s Shadow Red Off
White"
SWAD002500050.jpg,SWAD002500050,"اديداس Campus 00S Quartz Wonder
Mauve Pink"
SWAD002500051.jpg,SWAD002500051,"Adidas Campus 00s Silver Pebble
grey Olive white"
SWAD002500052.jpg,SWAD002500052,Adidas Campus 00s White Brown
SWAD002500053.jpg,SWAD002500053,Adidas Campus 00s Wonder Quartz
SWAD002500054.jpg,SWAD002500054,Adidas Campus 00s Semi Pink Spark
SWAD002500055.jpg,SWAD002500055,"adidas Campus 00s Grey White Gum
Oversized Logo"
SWAD002500056.jpg,SWAD002500056,"adidas Campus 00s Black White Gum
Oversized Logo"
SWAD002500057.jpg,SWAD002500057,"adidas Campus 00s  Wonder Quartz / Cream White / Wonder Mauve
pinkish-brown"
SWAD002500058.jpg,SWAD002500058,"adidas Campus 00s Collegiate Navy
white Gum sole"
SWAD002500059.jpg,SWAD002500059,"adidas Campus 00s Core Black /
Silver Metallic strass"
SWAD002500060.jpg,SWAD002500060,adidas Campus 00s brown white
SWAD002500061.jpg,SWAD002500061,adidas Campus 00s Grey Clear Sky
SWAD002800003.jpg,SWAD002800003,اديداس الترا بوست 22 كلود وايت كربون بربل رش
SWAD002800010.jpg,SWAD002800010,Black White اديداس الترا بوست 22
SWAD002800011.jpg,SWAD002800011,"22 اديداس الترا بوست Core Black Solar
Green"
SWAD002800012.jpg,SWAD002800012,White اديداس الترا بوست 22
SWAD002800013.jpg,SWAD002800013,Grey Lilac اديداس الترا بوست 22
SWAD003300001.jpg,SWAD003300001,وايت بلك جم XLG اديداس سامبا
SWAD003300002.jpg,SWAD003300002,بلك وايت جم XLG اديداس سامبا
SWAD003300003.jpg,SWAD003300003,وايت جرين جم XLG اديداس سامبا
SWAD003300004.jpg,SWAD003300004,اديداس Samba XLG Chinese New Year
SWAD003300005.jpg,SWAD003300005,"اديداس سامبا XLG Cloud White Core
Black"
SWAD003500003.jpg,SWAD003500003,اديداسGazelle Bold Pulse Mint Screaming Pink Gum
SWAD003500005.jpg,SWAD003500005,"Gazelle Bold Collegiate Green Beige
Gum اديداس"
SWAD003500006.jpg,SWAD003500006,"اديداس Gazelle Bold Pink White GREEN
GUM"
SWAD003600001.jpg,SWAD003600001,اديداس Sambarose Cloud White
SWAD003600004.jpg,SWAD003600004,اديداس Sambarose Valentine 2020
SWAD003600005.jpg,SWAD003600005,اديداس SAMBAROSE PURPLE TINT
SWAD003600006.jpg,SWAD003600006,Sambarose White Gold اديداس
SWAD003600007.jpg,SWAD003600007,اديداس Sambarose White Silver Striped
SWAD003600008.jpg,SWAD003600008,اديداس Sambarose White gold Striped
SWAD003900005.jpg,SWAD003900005,"اديداس PUREBOOST 22 Black White
Pink"
SWAD003900008.jpg,SWAD003900008,اديداس PUREBOOST 22 Navy White
SWAD003900009.jpg,SWAD003900009,"اديداس PUREBOOST 22 White Core
Black Red"
SWAD003900010.jpg,SWAD003900010,اديداس PUREBOOST 22 White Gry
SWAD003900011.jpg,SWAD003900011,"اديداس PUREBOOST 22 White Black
Fuchsia"
SWAD003900012.jpg,SWAD003900012,"اديداس PUREBOOST 22  gray black
pink"
SWAD003900013.jpg,SWAD003900013,اديداس PUREBOOST 22 White Pink
SWAD004000001.jpg,SWAD004000001,اديداس Handball Spezial Clear Pink
SWAD004000002.jpg,SWAD004000002,"اديداس Handball Spezial Aluminum Core
Black"
SWAD004000003.jpg,SWAD004000003,اديداس Handball Spezial NAVY GUM
SWAD004000004.jpg,SWAD004000004,اديداس Handball Spezial Black Gum
SWAD004000005.jpg,SWAD004000005,"اديداس Handball Spezial Silver Green
Magic Mauve"
SWAD004000006.jpg,SWAD004000006,اديداس Handball Spezial Yellow White
SWAD004000007.jpg,SWAD004000007,"اديداس Handball Spezial Green Lucid
Pink Gum"
SWAD004000008.jpg,SWAD004000008,"اديداس Handball Spezial ""Black/Pink"
SWAD004000009.jpg,SWAD004000009,"اديداس Handball Spezial Preloved
Green"
SWAD004000010.jpg,SWAD004000010,"اديداس Handball Spezial LIGHT BLUE
WHITE GUM"
SWAD004000011.jpg,SWAD004000011,اديداس Handball Spezial Brown
SWAD004000012.jpg,SWAD004000012,اديداس Handball Spezial green gum
SWAD004000014.jpg,SWAD004000014,"اديداس Handball Spezial beige White
Gum"
SWAD004000015.jpg,SWAD004000015,"اديداس Handball Spezial Wonder beige
Black"
SWAD004000016.jpg,SWAD004000016,"اديداس Handball Spezial Shadow Brown
Alumina"
SWAD004000017.jpg,SWAD004000017,اديداس HANDBALL SPEZIAL Grey white
SWAD004000018.jpg,SWAD004000018,"اديداس Handball Spezial Shadow Brown
Gum"
SWAD004000019.jpg,SWAD004000019,اديداس Handball Spezial Scarlet Gum
SWAD004000020.jpg,SWAD004000020,"اديداس Handball Spezial LIGHT GREY
GUM"
SWAD004000021.jpg,SWAD004000021,"اديداس Handball Spezial Sporty & Rich
Pink"
SWAD004000022.jpg,SWAD004000022,"اديداس Handball Spezial Black Wonder
Leopard"
SWAD004000023.jpg,SWAD004000023,"Adidas Handball Spezial Night Indigo
cream-white accents gum"
SWAD004000024.jpg,SWAD004000024,"Adidas Handball Spezial Wonder
Mauve/Alumina/Gum"
SWAD004000025.jpg,SWAD004000025,"Adidas Handball Spezial Shadow Red
white heel tab"
SWAD004000026.jpg,SWAD004000026,"Adidas Handball Spezial Wonder
White Black"
SWAD004000027.jpg,SWAD004000027,"Adidas Handball Spezial Cream
White/Beige"
SWAD004000028.jpg,SWAD004000028,"adidas Handball Spezial Black Icy
Pink"
SWAD004000029.jpg,SWAD004000029,"adidas Handball Spezial Valentine s Day Cream White / Better Scarlet /
Sandy Pink"
SWAD004000030.jpg,SWAD004000030,"adidas Handball Spezial Grey Four Off
White"
SWAD004000031.jpg,SWAD004000031,"adidas Handball Spezial Black Cream
White Lace gum SOLE"
SWAD004000032.jpg,SWAD004000032,adidas Handball Spezial grey white floral-inspired design gum SOLE
SWAD004000033.jpg,SWAD004000033,"adidas Handball Spezial LT Leopard
Print Wonder Beige"
SWAD004000034.jpg,SWAD004000034,"adidas Handball Spezial Core Black
Silver Metallic"
SWAD004000035.jpg,SWAD004000035,"adidas Handball Spezial Alumina
Wonder Beige Gum"
SWAD004000036.jpg,SWAD004000036,"adidas Handball Spezial Chalky Brown
Clear Pink"
SWAD004000037.jpg,SWAD004000037,"adidas Handball Spezial Chalky Brown
Cow Print"
SWAD004000038.jpg,SWAD004000038,"adidas Handball Spezial Sandy Pink
Aurora Coffee"
SWAD004000039.jpg,SWAD004000039,adidas Handball Spezial Off White/Collegiate Burgundy Gum sole
SWAD004000040.jpg,SWAD004000040,"adidas Handball Spezial Brown/ Core
White/ Earth Strata"
SWAD004000041.jpg,SWAD004000041,"adidas Handball Spezial navy pink
gum"
SWAD004000042.jpg,SWAD004000042,"adidas Handball Spezial pink off white
gum"
SWAD004000043.jpg,SWAD004000043,adidas Handball Spezial Preloved Brown Orange Tint Gum
SWAD004100001.jpg,SWAD004100001,اديداس Equipment Plus Legend Ink
SWAD004100002.jpg,SWAD004100002,"اديداس Equipment Plus Black White
Green"
SWAD004100004.jpg,SWAD004100004,اديداس Equipment Plus White Blue
SWAD004100005.jpg,SWAD004100005,"اديداس Equipment Plus White Yellow
Core Black"
SWAD004100006.jpg,SWAD004100006,اديداس Equipment Plus Beige Grey
SWAD004100007.jpg,SWAD004100007,"اديداس Equipment Plus White Navy
Solar Red"
SWAD004100008.jpg,SWAD004100008,اديداس Equipment Plus White Gold Pink
SWAD004100009.jpg,SWAD004100009,اديداس Equipment Plus White Sky Blue
SWAD004100010.jpg,SWAD004100010,اديداس Equipment Plus CORAL PINK
SWAD004100011.jpg,SWAD004100011,اديداس Equipment Plus Black White
SWAD004500001.jpg,SWAD004500001,اديداس AVRYN Core Black Solar Red
SWAD004500002.jpg,SWAD004500002,"اديداس AVRYN White Metalic Crystal
White"
SWAD004500004.jpg,SWAD004500004,اديداس AVRYN Black White
SWAD004500005.jpg,SWAD004500005,اديداس AVRYN  Blue white silver
SWAD004700001.jpg,SWAD004700001,اديداس Forum Mid White Royal
SWAD004700002.jpg,SWAD004700002,اديداس Forum Mid White Black
SWAD004700003.jpg,SWAD004700003,اديداس Forum Mid Triple White
SWAD004800006.jpg,SWAD004800006,"Adidas Duramo Speed white core
black stripes"
SWAD004800007.jpg,SWAD004800007,"Adidas Duramo Speed black white
stripes&sole"
SWAD004800008.jpg,SWAD004800008,"Adidas Duramo Speed Core black
flash aqua lucid pink"
SWAD004800009.jpg,SWAD004800009,"Adidas Duramo Speed pink seliver
white"
SWAD004800010.jpg,SWAD004800010,Adidas Duramo Speed triple black
SWAD004800011.jpg,SWAD004800011,"Adidas Duramo Speed Blue Silver
Metallic white"
SWAD004800012.jpg,SWAD004800012,"adidas Duramo Speed Lucid Lemon
Core Black Halo Silver"
SWAD004900001.jpg,SWAD004900001,اديداس Bermud Glow Pink
SWAD004900002.jpg,SWAD004900002,"اديداس Bermuda Collegiate Purple
Cream White"
SWAD004900003.jpg,SWAD004900003,اديداس Bermuda Collegiate BURGUNDY White
SWAD004900004.jpg,SWAD004900004,اديداس Bermuda Wonder White
SWAD004900005.jpg,SWAD004900005,اديداس Bermuda Easy Mint
SWAD004900006.jpg,SWAD004900006,اديداس Bermuda Mystery Blue
SWAD004900007.jpg,SWAD004900007,"اديداس Bermuda Wonder Clay Preloved
Scarlet"
SWAD005000006.jpg,SWAD005000006,ADISTAR  BLACK WHITE  اديداس
SWAD005000009.jpg,SWAD005000009,"ADIDAS ADISTAR 3 blue grey stripes
white"
SWAD005000010.jpg,SWAD005000010,"ADIDAS ADISTAR 3 dark gray/black
white"
SWAD005000011.jpg,SWAD005000011,ADIDAS ADISTAR 3 triple white
SWAD005000012.jpg,SWAD005000012,"ADIDAS ADISTAR 3 white black
stripes"
SWAD005000013.jpg,SWAD005000013,ADISTAR 3 Triple BLACK   اديداس
SWAD005000014.jpg,SWAD005000014,ADISTAR 3 BLACK WHITE  اديداس
SWAD005000015.jpg,SWAD005000015,"Adidas Adistar 3 black reflective silver
accents"
SWAD005000016.jpg,SWAD005000016,"Adidas Adistar 3 grey night brown
Yellow"
SWAD005000017.jpg,SWAD005000017,Adidas Adistar 3 Sandy Pink
SWAD005100001.jpg,SWAD005100001,اديداس Malmo Green Brown
SWAD005100002.jpg,SWAD005100002,"اديداس Wonder Glow Collegiate Royal
Malmo"
SWAD005100003.jpg,SWAD005100003,اديداس Malmo Cream IN Pink
SWAD005100004.jpg,SWAD005100004,اديداس Malmo Yallow Red
SWAD005400001.jpg,SWAD005400001,"اديداس SambaE Cream Leopard Off
White"
SWAD005400002.jpg,SWAD005400002,اديداس SambaE Cloud White Green
SWAD005400003.jpg,SWAD005400003,اديداس SambaE Hello Kitty
SWAD005400004.jpg,SWAD005400004,اديداس SambaE Valentine’s Day
SWAD005400005.jpg,SWAD005400005,"اديداس  SambaE Hello Kitty Special
Edition"
SWAD005400006.jpg,SWAD005400006,اديداس SambaE White Black Gum
SWAD005400007.jpg,SWAD005400007,اديداس SambaE Black White Gum
SWAD005400008.jpg,SWAD005400008,اديداس SambaE Grey Cloud White
SWAD005400009.jpg,SWAD005400009,"اديداس SambaE White Better Scarlet
Gum"
SWAD005400010.jpg,SWAD005400010,اديداس SambaE Cloud White Bliss Pink
SWAD005400011.jpg,SWAD005400011,اديداس SambaE Preloved Purple
SWAD005400012.jpg,SWAD005400012,اديداس SambaE Beige
SWAD005400013.jpg,SWAD005400013,"SambaE Almost Blue Silver Metallic
Gum اديداس"
SWAD005400014.jpg,SWAD005400014,اديداس SambaE Clear Mint
SWAD005500001.jpg,SWAD005500001,"اديداس Ultra Boost Light Y-3 Black
White"
SWAD005500002.jpg,SWAD005500002,Adidas Ultraboost light Olive Green
SWAD005500003.jpg,SWAD005500003,"adidas Ultra Boost Light Core Black
White"
SWAD005500004.jpg,SWAD005500004,"adidas Ultra Boost Light Wonder
Beige Flash Orange"
SWAD005500005.jpg,SWAD005500005,adidas Ultra Boost Light triple black
SWAD005500008.jpg,SWAD005500008,"Adidas Ultraboost Light white dark
blue black"
SWAD005600001.jpg,SWAD005600001,"اديداس  XLG Runner Deluxe White
Black"
SWAD005600002.jpg,SWAD005600002,اديداس  XLG Runner Deluxe White Sail
SWAD005600003.jpg,SWAD005600003,اديداس  XLG Runner Deluxe Beige
SWAD005600004.jpg,SWAD005600004,اديداس XLG Runner Deluxe White Silver
SWAD005600005.jpg,SWAD005600005,"اديداس  XLG Runner Deluxe Black
Silver Red"
SWAD005600006.jpg,SWAD005600006,اديداس XLG Runner Deluxe White Red
SWAD005600007.jpg,SWAD005600007,"اديداس  XLG Runner Deluxe Black
White"
SWAD005600008.jpg,SWAD005600008,XLG Runner Deluxe Sail Grey اديداس
SWAD005600009.jpg,SWAD005600009,XLG Runner Deluxe Silver Gray اديداس
SWAD005600010.jpg,SWAD005600010,"XLG Runner Deluxe White Grey Pink
اديداس"
SWAD005700001.jpg,SWAD005700001,"اديداس Clarks 8th Street Samba White
Green"
SWAD005700002.jpg,SWAD005700002,"اديداس Clarks 8th Street Samba Black
Shadow Green"
SWAD005800001.jpg,SWAD005800001,اديداس SL72 Maroon Preloved Brown
SWAD005800002.jpg,SWAD005800002,"اديداس SL72 Grey Cloud White Crystal
White"
SWAD005800003.jpg,SWAD005800003,اديداس SL72 Core Black Cloud White
SWAD005800004.jpg,SWAD005800004,اديداس SL72 bianco blu Red rosso
SWAD005800005.jpg,SWAD005800005,اديداس SL72 Cloud White Better Scarlet
SWAD005800006.jpg,SWAD005800006,اديداس SL72 KseniaSchnaider Denim
SWAD005800007.jpg,SWAD005800007,"اديداس SL72 Silver Metallic Collegiate
Navy"
SWAD005800008.jpg,SWAD005800008,"اديداس SL72 Off White Wonder Taupe
Wonder White"
SWAD005800009.jpg,SWAD005800009,اديداس SL72 White Black Spark
SWAD005800010.jpg,SWAD005800010,"ADIDAS SL72 brown Leopard Print
leopard white orange"
SWAD005800011.jpg,SWAD005800011,"Adidas SL 72 OG purple cream/yellow
accents lace"
SWAD005800012.jpg,SWAD005800012,Adidas SL 72 OG Cream White/Bronze Strata/Core Black
SWAD005800013.jpg,SWAD005800013,"Adidas SL72 OG Off White Core
Black Gum"
SWAD005800014.jpg,SWAD005800014,"adidas SL 72 OG Snakeskin Preloved
Brown"
SWAD005800015.jpg,SWAD005800015,"adidas SL 72 OG Collegiate Green
Snakeskin"
SWAD005800016.jpg,SWAD005800016,"adidas SL 72 RS Warm Sandstone
Magic Beige"
SWAD005800017.jpg,SWAD005800017,"adidas SL 72 OG Charcoal Crystal
Sand Brown"
SWAD005800018.jpg,SWAD005800018,adidas SL 72 OG Leopard Black Gum
SWAD005800019.jpg,SWAD005800019,"Adidas Originals SL 72 OG white
green stripes"
SWAD005800020.jpg,SWAD005800020,"Adidas SL 72 RS Off White Wonder
White"
SWAD005800021.jpg,SWAD005800021,adidas SL 72 RS Core Black Carbon
SWAD005800022.jpg,SWAD005800022,"Adidas SL 72 OG Aurora Black white
heel gum sole"
SWAD005800023.jpg,SWAD005800023,"Adidas SL 72 RS white navy blue
stripes"
SWAD005800024.jpg,SWAD005800024,adidas SL 72 OG Sand Strata Preloved Brown Cream
SWAD005800025.jpg,SWAD005800025,Adidas SL 72 tan/putty grey burgundy
SWAD005800026.jpg,SWAD005800026,"adidas SL 72 OG Liberty London
Better Scarlet off white"
SWAD005800027.jpg,SWAD005800027,"adidas SL 72 OG black white stripes
lime green midsole"
SWAD005800028.jpg,SWAD005800028,"adidas SL 72 OG white gray light
green"
SWAD005900001.jpg,SWAD005900001,اديداس Ubounce DNA Core Black
SWAD005900002.jpg,SWAD005900002,"اديداس Ubounce DNA Cloud White Core
Black"
SWAD005900003.jpg,SWAD005900003,"اديداس Ubounce DNA Core Black Cloud
White"
SWAD005900004.jpg,SWAD005900004,اديداس Ubounce DNA Grey White
SWAD006000001.jpg,SWAD006000001,اديداس Adizero Evo SL Black White
SWAD006000002.jpg,SWAD006000002,اديداس Adizero Evo SL White Black
SWAD006000003.jpg,SWAD006000003,"اديداس Adizero Evo Adios Pro 1 White
Gold"
SWAD006000004.jpg,SWAD006000004,"Adidas Adizero EVO SL Aurora
Plum/Shock Pink"
SWAD006000005.jpg,SWAD006000005,"Adidas Adizero Evo SL white/off-white
pink"
SWAD006000006.jpg,SWAD006000006,Adidas Adizero Evo SL white purple pink stripes lime green laces
SWAD006000007.jpg,SWAD006000007,Adidas Adizero Evo SL core black
SWAD006000008.jpg,SWAD006000008,"Adidas Adizero Evo SL white silver
pink accents"
SWAD006000009.jpg,SWAD006000009,"Adidas Adizero Evo SL Lucid Pink /
Core Black"
SWAD006000010.jpg,SWAD006000010,adidas Adizero Evo SL Solar Yellow / Aurora Plum / Powder Plum
SWAD006000011.jpg,SWAD006000011,"adidas Adizero Evo SL Crystal White
Blue Metallic Halo Silver"
SWAD006000012.jpg,SWAD006000012,adidas Adizero Evo SL Off White/Shadow Red/Preloved Scarlet
SWAD006000013.jpg,SWAD006000013,"Adidas Adizero EVO SL white lucid
orange red stripes"
SWAD006000014.jpg,SWAD006000014,"adidas Adizero Evo SL Ekiden Solar
Blue Silver"
SWAD006000015.jpg,SWAD006000015,"adidas Adizero Evo SL Grey Lucid
Fuchsia"
SWAD006000016.jpg,SWAD006000016,"Adidas Adizero EVO SL off-white
silver"
SWAD006000017.jpg,SWAD006000017,"adidas Adizero EVO SL Core Black
Lucid Red"
SWAD006000018.jpg,SWAD006000018,adidas Adizero EVO SL Black/Silver
SWAD006000019.jpg,SWAD006000019,"adidas Adizero Evo SL blue white
black"
SWAD006000020.jpg,SWAD006000020,Adidas Adizero Evo SL blue white red
SWAD006000021.jpg,SWAD006000021,"Adidas Adizero EVO SL Wonder
White"
SWAD006000024.jpg,SWAD006000024,adidas Adizero Evo SL ATR White Grey Light Blue text Green accent
SWAD006000025.jpg,SWAD006000025,"adidas Adizero EVO SL EXO Black
White Silver"
SWAD006000026.jpg,SWAD006000026,adidas Adizero Evo SL Yellow/Black
SWAD006000027.jpg,SWAD006000027,"adidas Adizero Evo SL ATR Beige
Black"
SWAD006000028.jpg,SWAD006000028,"adidas Adizero Evo SL Shadow Red
White"
SWAD006000029.jpg,SWAD006000029,"adidas Adizero Evo SL Leopard
Crystal Linen"
SWAD006000030.jpg,SWAD006000030,"adidas Adizero Evo SL Aurora Black /
Shock Pink"
SWAD006000031.jpg,SWAD006000031,adidas Adizero Evo SL Valentine s Day Off White / Shadow Red pattern
SWAD006100001.jpg,SWAD006100001,تريبل بلك  TERREX  اديداس
SWAD006100002.jpg,SWAD006100002,بلك وايت TERREX  اديداس
SWAD006100003.jpg,SWAD006100003,اديداس  TERREX  ARMY BLACK
SWAD006100004.jpg,SWAD006100004,ADIDAS TERREX black white
SWAD006100005.jpg,SWAD006100005,ADIDAS TERREX white pink light blue
SWAD006100006.jpg,SWAD006100006,"ADIDAS TERREX black purple-red
bright pink"
SWAD006100007.jpg,SWAD006100007,ADIDAS TERREX white silver logo
SWAD006100008.jpg,SWAD006100008,ADIDAS TERREX triple black
SWAD006200001.jpg,SWAD006200001,اديداس Pureboost Goretex بلك وايت سول
SWAD006200002.jpg,SWAD006200002,اديداس Pureboost Goretex  تريبل بلك
SWAD006200003.jpg,SWAD006200003,نيفي سيلفر وايت  Pureboost Goretex اديداس سول
SWAD006200004.jpg,SWAD006200004,جراي وايت نيون  Pureboost Goretex اديداس سول
SWAD006300001.jpg,SWAD006300001,"Switch FWD Black White Grey Five
اديداس"
SWAD006300002.jpg,SWAD006300002,"Switch FWD White Black Halo Silver
اديداس"
SWAD006400001.jpg,SWAD006400001,"اديداس Adizero Adios Pro 3 Y-3 Black
White Light s"
SWAD006400002.jpg,SWAD006400002,"اديداس Adizero Adios Pro 3 Y-3 White
Black R L"
SWAD006400003.jpg,SWAD006400003,"اديداس Adizero Adios Pro 3 Y-3 metallic
black"
SWAD006500001.jpg,SWAD006500001,تريبل بلك Dyneema اديداس
SWAD006500002.jpg,SWAD006500002,بلك جراي وايت سول Dyneema اديداس
SWAD006500003.jpg,SWAD006500003,وايت بلك Dyneema اديداس
SWAD006500004.jpg,SWAD006500004,بلك جراي Dyneema اديداس
SWAD006600001.jpg,SWAD006600001,اديداس Adizero Boston12 SilverVioletCloudWhiteSd
SWAD006600002.jpg,SWAD006600002,اديداس AdizeroBoston12 CloudWhiteCoreBlackNtMtc
SWAD006600003.jpg,SWAD006600003,اديداس Adizero Boston 12 Black White
SWAD006600004.jpg,SWAD006600004,اديداس AdizeroBoston12 CloudWhiteAuroraMetSolarRed
SWAD006600005.jpg,SWAD006600005,اديداسAdizeroBoston12 CoreBlackZeroMetalicSpark
SWAD006600006.jpg,SWAD006600006,"اديداس Adizero Boston 12 Black Core
Black Carbon"
SWAD006700001.jpg,SWAD006700001,بلك سيلفر لوجو Pure Light Boost اديداس
SWAD006700002.jpg,SWAD006700002,وايت جراي بينك  Pure Light Boost اديداس سول
SWAD006700003.jpg,SWAD006700003,بلك وايت تايل ريد Pure Light Boost اديداس
SWAD006700004.jpg,SWAD006700004,اديداس Pure Light Boost بلو
SWAD006700005.jpg,SWAD006700005,"اديداس Pure Light Boost black white
sliver logo"
SWAD006800001.jpg,SWAD006800001,اديداس Adistar 1 Black Black
SWAD006800002.jpg,SWAD006800002,اديداس Adistar 1 Black White
SWAD006800003.jpg,SWAD006800003,اديداس Adistar 1 White Black
SWAD006800004.jpg,SWAD006800004,"اديداس Adistar 1 Blue Rush Turbo
Legendary Indigo"
SWAD006800005.jpg,SWAD006800005,اديداس Adistar 1 White Black Red
SWAD006800006.jpg,SWAD006800006,اديداس Adistar 1 Gray Hazy Sky
SWAD006800007.jpg,SWAD006800007,اديداس Adistar 1 Black Red
SWAD006800008.jpg,SWAD006800008,اديداس Adistar 1 Dark Grey Black
SWAD006800009.jpg,SWAD006800009,اديداس Adistar 1 Cream Pink
SWAD006800010.jpg,SWAD006800010,اديداس Adistar 1 White Pink
SWAD006800011.jpg,SWAD006800011,اديداس Adistar 1 Black Pink White
SWAD006800012.jpg,SWAD006800012,اديداس Adistar 1 White Black Pink
SWAD006800013.jpg,SWAD006800013,اديداس Adistar 1 Grey Silver Light Pink
SWAD006800014.jpg,SWAD006800014,"adidas Adistar 1 CREAMY Light olive
Bink"
SWAD006800015.jpg,SWAD006800015,adidas Adistar 1 black white
SWAD006900001.jpg,SWAD006900001,اديداس XLG Metawave White Grey
SWAD006900002.jpg,SWAD006900002,اديداس XLG Metawave Black Grey Red
SWAD006900003.jpg,SWAD006900003,اديداس XLG Metawave Black
SWAD006900004.jpg,SWAD006900004,اديداس XLG Metawave Black White
SWAD006900005.jpg,SWAD006900005,اديداس XLG Metawave Cream White
SWAD007000001.jpg,SWAD007000001,اديداس Wonder Runner Beige Black
SWAD007000002.jpg,SWAD007000002,"اديداس Wonder Runner Olive Green
Black"
SWAD007000003.jpg,SWAD007000003,اديداس Wonder Runner Grey Silver
SWAD007000004.jpg,SWAD007000004,اديداس Wonder Runner black white
SWAD007000005.jpg,SWAD007000005,اديداس Wonder Runner White Silver
SWAD007000006.jpg,SWAD007000006,"اديداس Wonder Runner Silver Olive
Gray"
SWAD007000007.jpg,SWAD007000007,اديداس Wonder Runner Turbo Black
SWAD007000008.jpg,SWAD007000008,"اديداس Wonder Runner Turbo white
beige"
SWAD007000009.jpg,SWAD007000009,"اديداس Wonder RunnerTurbo
beigeBlack"
SWAD007000010.jpg,SWAD007000010,"اديداس Wonder RunnerTurbov Dark
Grey"
SWAD007000011.jpg,SWAD007000011,"اديداس Wonder RunnerTurbo Metallic
Grey"
SWAD007000012.jpg,SWAD007000012,"اديداس Wonder RunnerTurbo Metallic
Silver"
SWAD007100001.jpg,SWAD007100001,اديداس Ultra Boost X5 Black White
SWAD007100002.jpg,SWAD007100002,اديداس Ultra Boost X5 Triple Black
SWAD007100003.jpg,SWAD007100003,اديداس Ultra Boost X5 navy  White
SWAD007100004.jpg,SWAD007100004,"اديداس  Ultra Boost X5 Green line navy
gray SP"
SWAD007100005.jpg,SWAD007100005,"اديداس Ultra Boost X5 BlackWhite Iron
Metallic CC"
SWAD007100006.jpg,SWAD007100006,اديداس Ultra Boost X5 White GRAY CC
SWAD007100007.jpg,SWAD007100007,اديداس Ultra Boost X5 Triple White CC
SWAD007100008.jpg,SWAD007100008,"اديداس Ultra Boost X5 purple gray black
CC"
SWAD007100009.jpg,SWAD007100009,اديداس Ultra Boost X5 White pink
SWAD007300001.jpg,SWAD007300001,"اديداس PUREBOOST 23 Black lines
yellow gray"
SWAD007300002.jpg,SWAD007300002,اديداس PUREBOOST 23 Core Black
SWAD007300003.jpg,SWAD007300003,اديداس  PUREBOOST 23 Black white
SWAD007300004.jpg,SWAD007300004,اديداس  PUREBOOST 23 white gray
SWAD007300005.jpg,SWAD007300005,اديداس  PUREBOOST 23 White pinK
SWAD007400001.jpg,SWAD007400001,"اديداس Taekwondo Mei Ballet White
Silver Metallic"
SWAD007400002.jpg,SWAD007400002,"Taekwondo Mei Ballet White Black
اديداس"
SWAD007400003.jpg,SWAD007400003,"Adidas Taekwondo Mei Ballet Black
White"
SWAD007400004.jpg,SWAD007400004,Adidas Taekwondo Mei Ballet cream white woven-leather light brown sole
SWAD007400005.jpg,SWAD007400005,"Adidas Taekwondo Mei Ballet  dark
brown tan/gum sole"
SWAD007500001.jpg,SWAD007500001,"Samba Jane Ballet Cloud White Pink
اديداس"
SWAD007500002.jpg,SWAD007500002,"ADIDAS Samba Jane Balle Dark
Brown Gum sole"
SWAD007500003.jpg,SWAD007500003,"ADIDAS Samba Jane Balle Beige
Gum sole"
SWAD007500004.jpg,SWAD007500004,"ADIDAS Samba Jane Balle Crew Navy Cloud White Gold Metallic Gum
SOLE"
SWAD007500005.jpg,SWAD007500005,"ADIDAS Samba Jane Balle Burgundy
White Gum"
SWAD007500006.jpg,SWAD007500006,"ADIDAS Samba Jane Balle Ruffle
Beige White Gum"
SWAD007500007.jpg,SWAD007500007,"ADIDAS Samba Jane Balle Cloud
White Core Black"
SWAD007500008.jpg,SWAD007500008,"ADIDAS Samba Jane Balle Core
Black Cloud White"
SWAD007500009.jpg,SWAD007500009,ADIDAS Samba Jane Balle Cloud White / Alumina / Core Black
SWAD007500010.jpg,SWAD007500010,"adidas Samba Jane Balle Disney
Cinderella Crystal Sky"
SWAD007500011.jpg,SWAD007500011,"adidas Samba Jane Balle white green
stripes&heel tab"
SWAD007500012.jpg,SWAD007500012,adidas Samba Jane White Blue Gum
SWAD007500013.jpg,SWAD007500013,"adidas Samba Jane Ballet Black
Crystal San"
SWAD007500014.jpg,SWAD007500014,"adidas Samba Jane Scarlet White
Gum"
SWAD007500015.jpg,SWAD007500015,adidas Samba Jane White Red Gum
SWAD007500016.jpg,SWAD007500016,adidas Samba Jane Core Black / Cloud White Carbon Gum
SWAD007500019.jpg,SWAD007500019,adidas Samba Jane Aurora Coffee dark brown Gum
SWAD007500020.jpg,SWAD007500020,"adidas Samba Jane Ballet metallic
pink white"
SWAD007500021.jpg,SWAD007500021,"adidas Samba Jane Ballet Silver
Metallic Off White gum"
SWAD007500022.jpg,SWAD007500022,"adidas Samba Jane Ballet dusty pink
cream white gum sole"
SWAD007500023.jpg,SWAD007500023,"adidas Samba Jane Ballet olive green
Off White gum"
SWAD007500024.jpg,SWAD007500024,adidas Samba Jane Ballet Triple Black
SWAD007500025.jpg,SWAD007500025,"adidas Samba Jane Ballet Crystal Sky
/ Cream White / Gum"
SWAD007500026.jpg,SWAD007500026,"adidas Samba Jane Ballet Sandy Pink
Cream White"
SWAD007600001.jpg,SWAD007600001,adidas Supernova black white
SWAD007600002.jpg,SWAD007600002,adidas Supernova black cold
SWAD007600003.jpg,SWAD007600003,adidas Supernova black green gray
SWAD007600004.jpg,SWAD007600004,adidas Supernova white BLACK
SWAD007600005.jpg,SWAD007600005,adidas Supernova Ease light gray
SWAD007600006.jpg,SWAD007600006,adidas Supernova Ease triple black
SWAD007600007.jpg,SWAD007600007,adidas Supernova Ease black white
SWAD007600008.jpg,SWAD007600008,"Adidas Supernova black white midsole
black assents"
SWAD007600009.jpg,SWAD007600009,"adidas Supernova black pink
turquoise accents"
SWAD007600010.jpg,SWAD007600010,"adidas Supernova Rise 3 black white
stripes&sole"
SWAD007600011.jpg,SWAD007600011,"adidas Supernova Rise 3 black dark
gray"
SWAD007600012.jpg,SWAD007600012,adidas Supernova Rise 3 Chalk White/Onix/Core Black
SWAD007600013.jpg,SWAD007600013,"adidas Supernova Rise 3 Solar Yellow
Core Black"
SWAD007600014.jpg,SWAD007600014,"adidas Supernova Rise 3 white black
stripes&laces"
SWAD007700001.jpg,SWAD007700001,"ADDIDS ULTRABOOST 1.0 Running
black white"
SWAD007700002.jpg,SWAD007700002,"ADDIDS ULTRABOOST 1.0 Running
TRIBLE white"
SWAD007800001.jpg,SWAD007800001,"Adidas Country Song For The Mute
Bronze  Light brown"
SWAD007800002.jpg,SWAD007800002,"adidas Country Song For The Mute
Black"
SWAD007800003.jpg,SWAD007800003,"adidas Country OGSong For The
Mute Maroon"
SWAD007900001.jpg,SWAD007900001,Adidas Adimule slides black suede
SWAD007900002.jpg,SWAD007900002,Adidas Adimule slides beige suede
SWAD007900003.jpg,SWAD007900003,"Adidas Adimule slides dark brown
suede"
SWAD008000001.jpg,SWAD008000001,"Adidas Alpha Edge Running Triple
Black"
SWAD008000002.jpg,SWAD008000002,"Adidas Alpha Edge Running BLACK
WHITE"
SWAD008000003.jpg,SWAD008000003,"Adidas Alpha Edge Running Gray
with orange"
SWAD008000004.jpg,SWAD008000004,"Adidas Alpha Edge Running Black
with lime green"
SWAD008100001.jpg,SWAD008100001,"ADIDAS SUPERMAGHMA black white
red edge"
SWAD008100002.jpg,SWAD008100002,"ADIDAS SUPERMAGHMA navy blue
and white"
SWAD008100003.jpg,SWAD008100003,"ADIDAS SUPERMAGHMA Grey Core
Black and White"
SWAD008100004.jpg,SWAD008100004,"ADIDAS SUPERMAGHMA black and
white"
SWAD008100005.jpg,SWAD008100005,ADIDAS SUPERMAGHMA triple black
SWAD008200001.jpg,SWAD008200001,"Adidas Campus 00s Winter Magic
Beige gum sole"
SWAD008200002.jpg,SWAD008200002,"Adidas Campus 00s Winter Earth
Strata brown"
SWAD008200003.jpg,SWAD008200003,"Adidas Campus 00s Winter Wonder
Mauve gum sole"
SWAD008200004.jpg,SWAD008200004,"Adidas Campus 00s Winter Core
Black"
SWAD008300001.jpg,SWAD008300001,"Adidas Runfalcon 3.0 white black
stripes orange accents"
SWAD008300002.jpg,SWAD008300002,Adidas Runfalcon 3.0 black white
SWAD008300003.jpg,SWAD008300003,"Adidas Runfalcon 3.0 running   black
orange accents"
SWAD008300004.jpg,SWAD008300004,Adidas Runfalcon 3.0 triple black
SWAD008400001.jpg,SWAD008400001,"Adidas Questar putty mauve/zero
metallic"
SWAD008400002.jpg,SWAD008400002,Adidas Questar black white
SWAD008400003.jpg,SWAD008400003,"Adidas Questar Lavender/Light Purple
White"
SWAD008400004.jpg,SWAD008400004,Adidas Questar white black stripes
SWAD008500001.jpg,SWAD008500001,"adidas Galaxy 7 Off White/Core
White/Putty Mauve"
SWAD008500002.jpg,SWAD008500002,adidas Galaxy 7 white black stripes
SWAD008500003.jpg,SWAD008500003,adidas Galaxy 7 black white
SWAD008500004.jpg,SWAD008500004,"Adidas Galaxy 7 Cloud White / Clear
Pink"
SWAD008600001.jpg,SWAD008600001,"Adidas Y-3 Adizero Adios Pro 4 Black
white accents"
SWAD008600002.jpg,SWAD008600002,"Adidas Y-3 Adizero Adios Pro 4 Chalk
White Warm Sandstone"
SWAD008600003.jpg,SWAD008600003,Adidas Y-3 Adizero Adios Pro 4 White
SWAD008600004.jpg,SWAD008600004,"Adidas Y-3 Adizero Adios Pro 4
grey/silver alumina"
SWAD008600005.jpg,SWAD008600005,"Adidas Y-3 Adizero Adios Pro 4 beige
grey black"
SWAD008600006.jpg,SWAD008600006,"Adidas Y-3 Adizero Adios Pro 4 Yellow
black"
SWAD008700001.jpg,SWAD008700001,"Adidas x Sporty & Rich Shadow Red
gum sole"
SWAD008700002.jpg,SWAD008700002,"Adidas x Sporty&Rich Night Indigo
gum sole"
SWAD008800001.jpg,SWAD008800001,Adidas Adistar CS 2.0 Chalk White/Crystal White/Clear Pink
SWAD008800002.jpg,SWAD008800002,Adidas Adistar CS 2.0 Cloud White/Altered Blue/Lucid Pink
SWAD008800003.jpg,SWAD008800003,Adidas Adistar CS 2.0 Core Black/Cloud White/Carbon
SWAD008800004.jpg,SWAD008800004,Adidas Adistar CS 2.0 triple black
SWAD008800005.jpg,SWAD008800005,"Adidas Adistar CS 2.0 White/Core
Black/Altered Blue"
SWAD008800006.jpg,SWAD008800006,"Adidas Adistar CS 2.0 grey white
orange accents"
SWAD008800007.jpg,SWAD008800007,Adidas Adistar CS 2.0 Arctic Night / Cloud White / Lucid Lemon
SWAD008900001.jpg,SWAD008900001,adidas XLG Storm Edge Beige tan
SWAD008900002.jpg,SWAD008900002,"Adidas XLG Storm Edge Core Black /
Grey"
SWAD008900003.jpg,SWAD008900003,"Adidas XLG Storm Edge Silver
Metallic Black white"
SWAD008900004.jpg,SWAD008900004,"Adidas XLG Storm Edge White Grey
Silver Metallic"
SWAD009000001.jpg,SWAD009000001,"adidas Adistar Jellyfish Pharrell
Williams pink"
SWAD009000002.jpg,SWAD009000002,adidas Adistar Jellyfish Pharrell Williams pink purple black
SWAD009000003.jpg,SWAD009000003,"adidas Adistar Jellyfish Pharrell
Williams Real Green"
SWAD009000004.jpg,SWAD009000004,adidas Adistar Jellyfish Pharrell Williams Solid Grey Black
SWAD009000005.jpg,SWAD009000005,"adidas Adistar Jellyfish Pharrell
Williams Triple Black"
SWAD009000006.jpg,SWAD009000006,adidas Adistar Jellyfish Pharrell Williams Focus Olive Orange
SWAD009100001.jpg,SWAD009100001,adidas Terrex hiking triple black
SWAD009100002.jpg,SWAD009100002,"adidas Terrex hiking white black
orange"
SWAD009100003.jpg,SWAD009100003,adidas Terrex hiking black white logo
SWAD009100004.jpg,SWAD009100004,"adidas Terrex hiking Cream white grey
Orange"
SWAD009100005.jpg,SWAD009100005,adidas Terrex hiking blue white
SWAD009200001.jpg,SWAD009200001,"Adidas Adizero Prime X3 black white
red accent"
SWAD009200002.jpg,SWAD009200002,"adidas Adizero Prime X 3.0 Strung
Lucid Lemon black"
SWAD009200003.jpg,SWAD009200003,Adidas Adizero Prime X3 triple black
SWAD009200004.jpg,SWAD009200004,"adidas Adizero Prime X 3.0 Strung
Cloud White Lucid Red"
SWAD009300001.jpg,SWAD009300001,"adidas Adizero Adios Pro 4 White pink
blue"
SWAD009300002.jpg,SWAD009300002,"adidas Adizero Adios Pro 4 White
Cherry Blossom seliver"
SWAD009300003.jpg,SWAD009300003,"Adidas Adizero Adios Pro 4 White
Black red accents"
SWAD009300004.jpg,SWAD009300004,"Adidas Adizero Adios Pro 4 White
orange black line edge"
SWAD009300005.jpg,SWAD009300005,Adidas Adizero Adios Pro 4 White orange To Run is to Live
SWAD009300006.jpg,SWAD009300006,"Adidas Adizero Adios Pro 4 White
black Lucid Lemon"
SWAD009300007.jpg,SWAD009300007,Adidas Adizero Adios Pro 4 black white stripes black line edge
SWAD009300008.jpg,SWAD009300008,Adidas Adizero Adios Pro 4 black stripes white black line edge
SWAD009400001.jpg,SWAD009400001,adidas UltraRun 5 triple Black
SWAD009400002.jpg,SWAD009400002,adidas UltraRun 5 Black White
SWAD009500001.jpg,SWAD009500001,Adidas Handball Spezial Loaferbold leopard print gum outsole
SWAD009500002.jpg,SWAD009500002,"adidas Handball Spezial Loafer
Maroon Gum"
SWAD009500003.jpg,SWAD009500003,"adidas Handball Spezial Loafer navy
blue Gum"
SWAD009500004.jpg,SWAD009500004,"adidas Handball Spezial Loafer Aurora
Cocoa Gum"
SWAD009500005.jpg,SWAD009500005,"adidas Handball Spezial Loafer Magic
Beige Gum"
SWAD009700001.jpg,SWAD009700001,"Adidas HYPERBOOST EDGE
Running BLACK white Accents"
SWAD009700002.jpg,SWAD009700002,"Adidas HYPERBOOST EDGE
Running white black stripes"
SWAD009700003.jpg,SWAD009700003,"Adidas HYPERBOOST EDGE
Running Yellow Grey black"
SWAD009700004.jpg,SWAD009700004,"Adidas HYPERBOOST EDGE
Running white Grey black stripes"
SWAD009700005.jpg,SWAD009700005,"adidas Hyper Boost Edge White Light
Solid Grey"
SWAD009800001.jpg,SWAD009800001,"adidas Adistar Control 5 Black Silver
Metallic"
SWAD009800002.jpg,SWAD009800002,"adidas Adistar Control 5 Black Iron
Metallic"
SWAD009800003.jpg,SWAD009800003,"adidas Adistar Control 5 White Black
Silver Metallic"
SWAD009800004.jpg,SWAD009800004,adidas Adistar Control 5 Cloud White Silver Metallic gray Lucid Ray Blue
SWAD009900001.jpg,SWAD009900001,adidas Tokyo Off White Black
SWAD009900002.jpg,SWAD009900002,adidas Tokyo Black Off White
SWAD009900003.jpg,SWAD009900003,"adidas Tokyo Silver Metallic Cream
White"
SWAD009900004.jpg,SWAD009900004,"adidas Tokyo Off White Better Scarlet
Gum"
SWAD009900005.jpg,SWAD009900005,adidas Tokyo Earth Strata Off White
SWAD010000001.jpg,SWAD010000001,"adidas Tokyo MJ Sandy Pink Earth
Strata"
SWAD010000002.jpg,SWAD010000002,adidas Tokyo MJ Black Cream White
SWAD010000003.jpg,SWAD010000003,adidas Tokyo MJ Beige Wonder
SWAD010000004.jpg,SWAD010000004,adidas Tokyo MJ Cream White Red
SWAQ000100001.jpg,SWAQ000100001,الكسندر ماكوين اوفر سايزد وايت بلك
SWAQ000100003.jpg,SWAQ000100003,الكسندر ماكوين اوفر سايزد تريبل بلك
SWAQ000100005.jpg,SWAQ000100005,الكسندر ماكوين اوفر سايزد لري وايت بلك
SWAQ000100006.jpg,SWAQ000100006,الكسندر ماكوين اوفر سايزد وايت ليت جراي
SWAQ000100007.jpg,SWAQ000100007,الكسندر ماكوين اوفر سايزد وايت جولد
SWAQ000100008.jpg,SWAQ000100008,الكسندر ماكوين اوفر سايزد وايت بينك
SWAQ000100010.jpg,SWAQ000100010,"Graffiti White الكسندر ماكوين اوفر سايزد
Black"
SWAQ000100011.jpg,SWAQ000100011,"Graffiti Black الكسندر ماكوين اوفر سايزد
White"
SWAQ000100012.jpg,SWAQ000100012,الكسندر ماكوين اوفر سايزد تريبل وايت
SWAQ000100014.jpg,SWAQ000100014,"PLUSHالكسندر ماكوين اوفر سايزد وايت بلك
BACK ORG"
SWAQ000100015.jpg,SWAQ000100015,ORG الكسندر ماكوين اوفر سايزد تريبل وايت
SWAQ000100016.jpg,SWAQ000100016,ORG الكسندر ماكوين اوفر سايزد وايت ليت جراي
SWAQ000100017.jpg,SWAQ000100017,ORG الكسندر ماكوين اوفر سايزد تريبل بلك
SWAQ000100018.jpg,SWAQ000100018,"سول Shiny الكسندر ماكوين اوفر سايزد تريبل بلك
ORG"
SWAQ000100019.jpg,SWAQ000100019,"بلك Crystal الكسندر ماكوين اوفر سايزد وايت
ORG"
SWAQ000100020.jpg,SWAQ000100020,"جولد Crystal الكسندر ماكوين اوفر سايزد بلك
ORG"
SWAQ000100021.jpg,SWAQ000100021,ORG الكسندر ماكوين اوفر سايزد وايت بينك
SWAQ000100022.jpg,SWAQ000100022,ORG الكسندر ماكوين اوفر سايزد لري وايت بلك
SWAQ000100023.jpg,SWAQ000100023,PRO الكسندر ماكوين اوفر سايزد لري وايت بلك
SWAQ000100024.jpg,SWAQ000100024,"سول Shiny الكسندر ماكوين اوفر سايزد تريبل بلك
PRO"
SWAQ000100025.jpg,SWAQ000100025,"PRO الكسندر ماكوين اوفر سايزد وايت بلك
PLUSH BACK"
SWAQ000100026.jpg,SWAQ000100026,ORG الكسندر ماكوين اوفر سايزد وايت بلو
SWAQ000100028.jpg,SWAQ000100028,الكسندر ماكوين اوفر سايزد وايت بلك اوتلين
SWAQ000100029.jpg,SWAQ000100029,الكسندر ماكوين اوفر سايزد بلك وايت اوتلين
SWAQ000100031.jpg,SWAQ000100031,الكسندر ماكوين اوفر سايزد فلو بينك
SWAQ000100033.jpg,SWAQ000100033,"Alexander McQueen Oversized white
black shiny sole"
SWAQ000100034.jpg,SWAQ000100034,"Alexander McQueen OversizedBlack
Gloss Heel ORG"
SWAQ000100035.jpg,SWAQ000100035,"Alexander McQueen Oversized Black
white sole ORG"
SWAQ000100036.jpg,SWAQ000100036,Alexander McQueen Oversized Off-White havan iNside
SWAQ000100037.jpg,SWAQ000100037,"Alexander McQueen Oversized
BLACK/Silver ORG"
SWAQ000100038.jpg,SWAQ000100038,"Alexander McQueen Oversized black
grainy ORG"
SWAQ000100039.jpg,SWAQ000100039,"Alexander McQueen Oversized
WHITE grainy ORG"
SWAQ000100042.jpg,SWAQ000100042,"Modest الكسندر ماكوين اوفر سايزد وايت بلك
level"
SWAQ000100043.jpg,SWAQ000100043,"Modest الكسندر ماكوين اوفر سايزد تريبل بلك
level"
SWAQ000100046.jpg,SWAQ000100046,Black glitter الكسندر ماكوين اوفر سايزد
SWAQ000100047.jpg,SWAQ000100047,"الكسندر ماكوين Black Crystal Embellished
Leather"
SWAQ000100050.jpg,SWAQ000100050,White Line Pinkالكسندر ماكوين اوفر سايزد
SWAQ000100051.jpg,SWAQ000100051,Black Line White الكسندر ماكوين اوفر سايزد
SWAQ000100052.jpg,SWAQ000100052,بلك جولد leather الكسندر ماكوين اوفر سايزد
SWAQ000100053.jpg,SWAQ000100053,وايت جولد leather الكسندر ماكوين اوفر سايزد
SWAQ000100054.jpg,SWAQ000100054,"leather الكسندر ماكوين اوفر سايزد
White/silver"
SWAQ000100055.jpg,SWAQ000100055,"Black Clear Sole الكسندر ماكوين اوفر سايزد
Blue Pi"
SWAQ000100056.jpg,SWAQ000100056,"GLOW IN THE الكسندر ماكوين اوفر سايزد""
DARK
"""
SWAQ000100057.jpg,SWAQ000100057,Graffiti Multicolour الكسندر ماكوين اوفر سايزد
SWAQ000100058.jpg,SWAQ000100058,"Graffiti SHADOW الكسندر ماكوين اوفر سايزد
DRIP"
SWAQ000100059.jpg,SWAQ000100059,"الكسندر ماكوين اوفر سايزد Graffiti
Overlapping col"
SWAQ000100060.jpg,SWAQ000100060,Black White Grey الكسندر ماكوين اوفر سايزد
SWAQ000100061.jpg,SWAQ000100061,"الكسندر ماكوين اوفر سايزد Black Leather
White logo"
SWAQ000100062.jpg,SWAQ000100062,"الكسندر ماكوين اوفر سايزد White Leather
Black logo"
SWAQ000100063.jpg,SWAQ000100063,Black Red الكسندر ماكوين اوفر سايزد
SWAQ000100064.jpg,SWAQ000100064,"Bubble الكسندر ماكوين اوفر سايزد تريبل وايت
Sole"
SWAQ000100065.jpg,SWAQ000100065,"الكسندر ماكوين اوفر سايزد Black White
leather Velv"
SWAQ000100066.jpg,SWAQ000100066,Black White studd الكسندر ماكوين اوفر سايزد
SWAQ000100067.jpg,SWAQ000100067,"Black studded الكسندر ماكوين اوفر سايزد
bump"
SWAQ000100068.jpg,SWAQ000100068,Bronze Black الكسندر ماكوين اوفر سايزد
SWAQ000100069.jpg,SWAQ000100069,White studded  الكسندر ماكوين اوفر سايزد
SWAQ000100070.jpg,SWAQ000100070,"White Shiny  الكسندر ماكوين اوفر سايزد
silver"
SWAQ000100071.jpg,SWAQ000100071,"White Grey Clear الكسندر ماكوين اوفر سايزد
Sole"
SWAQ000100072.jpg,SWAQ000100072,White Brown الكسندر ماكوين اوفر سايزد
SWAQ000100073.jpg,SWAQ000100073,"Black Contrast الكسندر ماكوين اوفر سايزد
Green"
SWAQ000100074.jpg,SWAQ000100074,"Black White الكسندر ماكوين اوفر سايزد
Clude blue"
SWAQ000100075.jpg,SWAQ000100075,"Black White الكسندر ماكوين اوفر سايزد
Bubble Sole"
SWAQ000100076.jpg,SWAQ000100076,"Clear Sole الكسندر ماكوين اوفر سايزد
Chamois"
SWAQ000100077.jpg,SWAQ000100077,Snake Lux Gloss الكسندر ماكوين اوفر سايزد
SWAQ000100078.jpg,SWAQ000100078,#NAME?
SWAQ000100079.jpg,SWAQ000100079,Blanc kaki الكسندر ماكوين اوفر سايزد
SWAQ000100080.jpg,SWAQ000100080,"الكسندر ماكوين اوفر سايزد White
Overlapping black"
SWAQ000100081.jpg,SWAQ000100081,White Red الكسندر ماكوين اوفر سايزد
SWAQ000100082.jpg,SWAQ000100082,"White Leather الكسندر ماكوين اوفر سايزد
Leopard"
SWAQ000100083.jpg,SWAQ000100083,White Light blue الكسندر ماكوين اوفر سايزد
SWAQ000100084.jpg,SWAQ000100084,White Pnk الكسندر ماكوين اوفر سايزد
SWAQ000100085.jpg,SWAQ000100085,White Light Pnk الكسندر ماكوين اوفر سايزد
SWAQ000100086.jpg,SWAQ000100086,"الكسندر ماكوين اوفر سايزد Big Black White
Snickers"
SWAQ000100087.jpg,SWAQ000100087,"الكسندر ماكوين  Black Silver Welsh Red
اوفر سايزد"
SWAQ000100088.jpg,SWAQ000100088,ORG الكسندر ماكوين اوفر سايزد وايت جولد
SWAQ000100089.jpg,SWAQ000100089,"الكسندر ماكوين اوفر ORG White Leather
and Glitter"
SWAQ000100090.jpg,SWAQ000100090,"الكسندر ماكوين اوفر سايزد Black striped
Shiny Sole"
SWAQ000100091.jpg,SWAQ000100091,"الكسندر ماكوين اوفر سايزد White Graffiti
Print Blu"
SWAQ000100092.jpg,SWAQ000100092,White Black Trim الكسندر ماكوين اوفر سايزد
SWAQ000100093.jpg,SWAQ000100093,"Black White Sole الكسندر ماكوين اوفر سايزد
cloud"
SWAQ000100094.jpg,SWAQ000100094,"الكسندر ماكوين اوفر سايزد White Silver Red
Metalli"
SWAQ000100095.jpg,SWAQ000100095,"Iridescent Black الكسندر ماكوين اوفر سايزد
Pearl"
SWAQ000100096.jpg,SWAQ000100096,"Clear Sole Black الكسندر ماكوين اوفر سايزد
Blue Ma"
SWAQ000100097.jpg,SWAQ000100097,ORG الكسندر ماكوين اوفر سايزد وايت بلك مقاسات خاص
SWAQ000100098.jpg,SWAQ000100098,ORG الكسندر ماكوين اوفر سايزد تريبل وايت مقاسات خا
SWAQ000100099.jpg,SWAQ000100099,ORG الكسندر ماكوين اوفر سايزد تريبل بلك مقاسات خا
SWAQ000100100.jpg,SWAQ000100100,"ORG  White Natural Python  ألكسندر
ماكوين اوفر ساي"
SWAQ000100101.jpg,SWAQ000100101,Clear Sole Black الكسندر ماكوين اوفر سايزد
SWAQ000100102.jpg,SWAQ000100102,"ألكسندر ماكوين اوفر  PRETO runner taupe
سايزد"
SWAQ000100103.jpg,SWAQ000100103,"Modest الكسندر ماكوين اوفر سايزد تريبل وايت
level"
SWAQ000100104.jpg,SWAQ000100104,"Alexander McQueen Oversized
White/Silver org"
SWAQ000100105.jpg,SWAQ000100105,"Alexander McQueen Oversized black
gravite org"
SWAQ000100106.jpg,SWAQ000100106,"Alexander McQueen Oversized black
Shiny crcod org"
SWAQ000100107.jpg,SWAQ000100107,Alexander McQueen Oversized بابلblack shiny so ORG
SWAQ000100108.jpg,SWAQ000100108,"Alexander McQueen OVER Military
Inspired black ORG"
SWAQ000100109.jpg,SWAQ000100109,"Alexander McQueen Oversized  Black
Speckled  ORG"
SWAQ000100110.jpg,SWAQ000100110,"Alexander McQueen Overs Black
WHITE Speckled ORG"
SWAQ000100111.jpg,SWAQ000100111,"Alexander McQueen Overs  Black
GRAY Speckled ORG"
SWAQ000100112.jpg,SWAQ000100112,"Alexander McQueen Oversized
Inspired black ORG"
SWAQ000100113.jpg,SWAQ000100113,"Alex McQueen Overs black Braided
WHITE Heel ORG"
SWAQ000100114.jpg,SWAQ000100114,Alexander McQueen Oversized chunky triple black OR
SWAQ000100115.jpg,SWAQ000100115,"Alexander McQueen Oversized white
black lather ORG"
SWAQ000100116.jpg,SWAQ000100116,"Alexander McQueen Oversized white
black WHITE lather ORG"
SWAQ000100117.jpg,SWAQ000100117,Alexander McQueen Oversized black WHITE sole&lace lather ORG
SWAQ000100118.jpg,SWAQ000100118,"Alexander McQueen Oversized black
WHITE sole lather ORG"
SWAQ000100119.jpg,SWAQ000100119,"Alexander McQueen Oversized
WHITE browen ORG"
SWAQ000100120.jpg,SWAQ000100120,Alexander McQueen Oversized WHITE black fish skin lather ORG
SWAQ000100121.jpg,SWAQ000100121,Alexander McQueen Oversized WHITE red lather ORG
SWAQ000100122.jpg,SWAQ000100122,Alexander McQueen Oversized WHITE browen lather ORG
SWAQ000100123.jpg,SWAQ000100123,"Alexander McQueen Oversized   ALL black WHITE BLACK LACE  lather
ORG"
SWAQ000100124.jpg,SWAQ000100124,"Alexander McQueen Oversized black
grey speckled"
SWAQ000100125.jpg,SWAQ000100125,"Alexander McQueen Oversized white
Black gray heal"
SWAQ000100126.jpg,SWAQ000100126,"Alexander McQueen Oversized white
with Bubble Sole"
SWAQ000100127.jpg,SWAQ000100127,Alexander McQueen Oversized White/Crystal embellished platform
SWAQ000100128.jpg,SWAQ000100128,"Alexander McQueen Oversized white
lilac heel tab"
SWAQ000100129.jpg,SWAQ000100129,"Alexander McQueen Oversized white
silver-tone heel tab"
SWAQ000100130.jpg,SWAQ000100130,"Alexander McQueen Oversized white
a mint heel tab"
SWAQ000100131.jpg,SWAQ000100131,Alexander McQueen Oversized black mesh leather transparent sole
SWAQ000100132.jpg,SWAQ000100132,Alexander McQueen Oversized Black Shiny Sole tonal black heel panel
SWAQ000100133.jpg,SWAQ000100133,"Alexander McQueen Oversized Black
Shiny Patent Leather"
SWAQ000100134.jpg,SWAQ000100134,"Alexander McQueen Oversized black
leopard print velvet"
SWAQ000100135.jpg,SWAQ000100135,Alexander McQueen Oversized white crystal-embellished black heel counter
SWAQ000200001.jpg,SWAQ000200001,بلك Zip-Up الكسندر ماكوين
SWAQ000200002.jpg,SWAQ000200002,وايت بلك Zip-Up الكسندر ماكوين
SWAQ000200003.jpg,SWAQ000200003,وايت Zip-Up الكسندر ماكوين
SWAQ000200004.jpg,SWAQ000200004,الكسندر ماكوين Zip-Up Black Silver
SWAQ000300001.jpg,SWAQ000300001,وايت بلك runner الكسندر ماكوين
SWAQ000300002.jpg,SWAQ000300002,بلك وايت runner الكسندر ماكوين
SWAQ000300004.jpg,SWAQ000300004,وايت بيج runner الكسندر ماكوين
SWAQ000300007.jpg,SWAQ000300007,الكسندر ماكوين  runner Black White Silver
SWAQ000300008.jpg,SWAQ000300008,الكسندر ماكوين  runner Triple white
SWAQ000300009.jpg,SWAQ000300009,الكسندر ماكوين  runner white Silver Pink
SWAQ000300010.jpg,SWAQ000300010,"الكسندر ماكوين  runner Seal Logo Mesh
Silver Black"
SWAQ000300011.jpg,SWAQ000300011,"الكسندر ماكوين runner Rubberized
Leather Black"
SWAQ000300012.jpg,SWAQ000300012,runner Grey الكسندر ماكوين
SWAQ000300013.jpg,SWAQ000300013,الكسندر ماكوين  runner Triple Black
SWAQ000300014.jpg,SWAQ000300014,الكسندر ماكوين  runner Grey white
SWAQ000300015.jpg,SWAQ000300015,الكسندر ماكوين  runner Silver black
SWAQ000300016.jpg,SWAQ000300016,الكسندر ماكوين  runner Grey black silver
SWAQ000300017.jpg,SWAQ000300017,اوف وايت بلك runner  الكسندر ماكوين
SWAQ000300018.jpg,SWAQ000300018,الكسندر ماكوين runner White Black Crest
SWAQ000300019.jpg,SWAQ000300019,"الكسندر ماكوين runner leather Black
Sealed Logo"
SWAQ000300020.jpg,SWAQ000300020,الكسندر ماكوين runner Black White Sole
SWAQ000300021.jpg,SWAQ000300021,الكسندر ماكوين  runner Vanilla
SWAQ000300022.jpg,SWAQ000300022,الكسندر مكوين Black Leather Larryl runner
SWAQ000300023.jpg,SWAQ000300023,"ALEXANDER MCQUEEN RUNNNER
WHITE BLACK Dark Olive Green
Suede"
SWAQ000300024.jpg,SWAQ000300024,"Alexander McQueen runner Navy
Blue/Red"
SWAQ000300025.jpg,SWAQ000300025,"Alexander McQueen runner black
white LOGO"
SWAQ000300026.jpg,SWAQ000300026,"Alexander McQueen Runner white
black outsole"
SWAQ000300027.jpg,SWAQ000300027,"ALEXANDER MCQUEEN RUNNNER
brown suede black outsole"
SWAQ000300028.jpg,SWAQ000300028,Alexander McQueen Runner black white sole and red heel tab
SWAQ000400002.jpg,SWAQ000400002,Alex McQueen Metallic Silver crocwhite Lace Up org
SWAQ000500001.jpg,SWAQ000500001,"الكسندر ماكوين Tread Slick Silver Glitter
White"
SWAQ000500002.jpg,SWAQ000500002,الكسندر ماكوين Tread Slick Metallic Black
SWAQ000600001.jpg,SWAQ000600001,"الكسندر ماكوين Tread Slick High Red
White"
SWAQ000600002.jpg,SWAQ000600002,"الكسندر ماكوين Tread Slick High Grey
White"
SWAQ000600003.jpg,SWAQ000600003,"الكسندر ماكوين Tread Slick High Pink
White"
SWAQ000600004.jpg,SWAQ000600004,"الكسندر ماكوين Tread Slick Hig Black with
floral p"
SWAQ000600005.jpg,SWAQ000600005,"الكسندر ماكوين Tread Slick High Black
White"
SWAQ000600006.jpg,SWAQ000600006,"الكسندر ماكوين Tread Slick High Studded
White"
SWAQ000600007.jpg,SWAQ000600007,"الكسندر ماكوين Tread Slick High Studded
Pink"
SWAQ000600008.jpg,SWAQ000600008,"الكسندر ماكوين Tread Slick High Studded
Black Whit"
SWAQ000600009.jpg,SWAQ000600009,"الكسندر ماكوين Tread Slick High Metallic
Gold Whit"
SWAQ000600010.jpg,SWAQ000600010,"الكسندر ماكوين Tread Slick High Graffiti
White Bla"
SWAQ000600011.jpg,SWAQ000600011,"الكسندر ماكوين Tread Slick High Black
Solarized"
SWAQ000600012.jpg,SWAQ000600012,"الكسندر ماكوين Tread Slick High Green
Orange"
SWAQ000600013.jpg,SWAQ000600013,"الكسندر ماكوين Tread Slick High Black
Hiking"
SWAQ000600014.jpg,SWAQ000600014,"الكسندر ماكوين Tread Slick HighTop White
Hiking"
SWAQ000600015.jpg,SWAQ000600015,"الكسندر ماكوين Tread Slick High Black
Logo Printed"
SWAQ000600016.jpg,SWAQ000600016,"الكسندر ماكوين Tread Slick High Animal
Print Black"
SWAQ000600017.jpg,SWAQ000600017,"Tread Slick High Black background
print الكسندر ما"
SWAQ000600018.jpg,SWAQ000600018,"Tread Slick High Black White  الكسندر
ماكوين"
SWAQ000600019.jpg,SWAQ000600019,"Tread Slick High Leather Triple Black
الكسندر ماكو"
SWAQ000600020.jpg,SWAQ000600020,"Tread Slick High leather White Brown
الكسندر ماكوي"
SWAQ000600021.jpg,SWAQ000600021,"Tread Slick High Canvas Triple Black
الكسندر ماكوي"
SWAQ000600022.jpg,SWAQ000600022,"Tread Slick High Canvas Triple White
الكسندر ماكوي"
SWAQ000600023.jpg,SWAQ000600023,"الكسندر ماكوين Tread Slick High Black
Red White"
SWAQ000700001.jpg,SWAQ000700001,"الكسندر ماكوين Tread Slick Boot Graffiti
Black Whi"
SWAQ000700002.jpg,SWAQ000700002,"الكسندر ماكوين Tread Slick Boot Graffiti
ALL Whit"
SWAQ000700003.jpg,SWAQ000700003,"الكسندر ماكوين Tread Slick Boot Graffiti
Beige"
SWAQ000700004.jpg,SWAQ000700004,"الكسندر ماكوين Tread Slick Boot Graffiti
Grey Whit"
SWAQ000800001.jpg,SWAQ000800001,"ألكسندر ماكوين  sole embossed logo lace
trible whi"
SWAQ000800002.jpg,SWAQ000800002,"ألكسندر ماكوين sole embossed logo lace
whit black"
SWAQ000800003.jpg,SWAQ000800003,"ألكسندر ماكوين sole embossed logo
lace black whit"
SWAQ000800004.jpg,SWAQ000800004,"ألكسندر ماكوين sole embossed logo lace
whit gray"
SWAQ000900001.jpg,SWAQ000900001,"Alexander McQueen Oversized Retro
brown ORG"
SWAQ000900002.jpg,SWAQ000900002,"Alexander McQueen OversizedRetro
Black Mud ORG"
SWAQ000900003.jpg,SWAQ000900003,"Alexander McQueen OversizedRetro
triple white ORG"
SWAQ000900004.jpg,SWAQ000900004,"Alexander McQueen OversizedRetro
white black ORG"
SWAQ001000001.jpg,SWAQ001000001,"Alexander McQueen Oversize Raffia
BEIG ORG"
SWAQ001000002.jpg,SWAQ001000002,"Alexander McQueen Oversize Raffia
GRAY ORG"
SwAQ001100001.jpg,SwAQ001100001,"Alexander McQueen Tread Slick Zip
Boots BLACK WHITE"
SwAQ001100002.jpg,SwAQ001100002,"Alexander McQueen Tread Slick Zip
Boots TRIPLE WHITE"
SwAQ001100003.jpg,SwAQ001100003,"Alexander McQueen Tread Slick Zip
Boots TRIPLE BLACK"
SWAQ001200001.jpg,SWAQ001200001,"Alexander McQueen Wedge Sole
Strap High white black"
SWAQ001200002.jpg,SWAQ001200002,"Alexander McQueen Wedge Sole
Strap High black white"
SWAQ001200003.jpg,SWAQ001200003,"Alexander McQueen Wedge Sole
Strap High triple white"
SWAQ001300001.jpg,SWAQ001300001,"Alexander McQueen Deck Plimsoll
Lace Up triple black"
SWAR000100003.jpg,SWAR000100003,اميري Bone Runner WHITE
SWAR000100004.jpg,SWAR000100004,اميري Bone Runner Brown Off-White
SWAR000300002.jpg,SWAR000300002,اميري Low-top WHITE BLACK
SWAR000300003.jpg,SWAR000300003,اميري Low-top BLUE WHITE
SWAR000300004.jpg,SWAR000300004,"AMIRI Low-top MA-1 White Black
Black"
SWAR000300005.jpg,SWAR000300005,AMIRI Classic Low-Top black white
SWAR000300006.jpg,SWAR000300006,AMIRI Classic Low-Top white black
SWAR000400001.jpg,SWAR000400001,اميري Sunset Skate Birch Black
SWAR000400002.jpg,SWAR000400002,Amiri Sunset Skate black white star&laces black heel tab
SWAR000400003.jpg,SWAR000400003,"Amiri Sunset Skate black white
star&accents"
SWAR000500001.jpg,SWAR000500001,اميري whit gray tones MA-1
SWAR000500002.jpg,SWAR000500002,اميري White Blue MA-1
SWAR000500003.jpg,SWAR000500003,اميريWhite Black MA-1
SWAR000500004.jpg,SWAR000500004,اميري White  MA-1
SWAR000500005.jpg,SWAR000500005,اميري White Black Grey MA-1
SWAR000500006.jpg,SWAR000500006,AMIRI MA-1 White Black Grey SOLE
SWAR000500007.jpg,SWAR000500007,Amiri MA-1 red white
SWAR000500008.jpg,SWAR000500008,AMIRI MA-1 Wheat Beige white
SWAR000500009.jpg,SWAR000500009,"AMIRI MA-1 White gold-tone logo
rubber sole"
SWAR000500010.jpg,SWAR000500010,AMIRI MA-1 midnight navy blue
SWAR000500011.jpg,SWAR000500011,"AMIRI MA-1 Patch Ash white gray
black"
SWAR000700001.jpg,SWAR000700001,"AMIRI Malibu Boot Off-White beige
sole"
SWAR000800001.jpg,SWAR000800001,AMIRI Pacific Bones Sand beige white
SWAR000800002.jpg,SWAR000800002,AMIRI Pacific Bones Black Croc
SWAS000100001.jpg,SWAS000100001,اسيكس Gel-Kayano 14 White Midnight
SWAS000100003.jpg,SWAS000100003,اسيكس gel-kayano 14 White Red
SWAS000100004.jpg,SWAS000100004,"اسيكس Gel-Kayano 14 BRIGHT WHITE
JET BLACK"
SWAS000100005.jpg,SWAS000100005,"اسيكس GEL-KAYANO 14 CREAM
BLACK"
SWAS000100006.jpg,SWAS000100006,اسيكس GEL-KAYANO 14 Silver White
SWAS000100007.jpg,SWAS000100007,"اسيكس GEL-KAYANO 14 Unlimited
Pack White Fawn"
SWAS000100008.jpg,SWAS000100008,"اسيكس Gel-Kayano 14 Cream Sweet
Pink"
SWAS000100009.jpg,SWAS000100009,"اسيكس Gel-Kayano 14 White Dark
Grape"
SWAS000100010.jpg,SWAS000100010,"اسيكس Gel-Kayano 14 Monaco Blue
Silver"
SWAS000100011.jpg,SWAS000100011,"اسيكس Gel-Kayano 14 Birch & Dark
Pewter"
SWAS000100012.jpg,SWAS000100012,اسيكس Gel-Kayano 14 Black Pure Silver
SWAS000100013.jpg,SWAS000100013,"اسيكس Gel-Kayano 14 Cream Black
Metallic Plum"
SWAS000100014.jpg,SWAS000100014,اسيكس Gel-Kayano 14 Silver Metallic
SWAS000100015.jpg,SWAS000100015,"ASICS Gel-Kayano 14 WHITE BLUE
SLIVER"
SWAS000100016.jpg,SWAS000100016,"ASICS Gel-Kayano 14 – Silver/Black
Green"
SWAS000100017.jpg,SWAS000100017,ASICS Gel-Kayano 14 Oyster White/Grey  silver/grey upper
SWAS000100018.jpg,SWAS000100018,"اسيكس GEL-KAYANO 14 CREAM
BLACKمقاسات خاصة"
SWAS000100019.jpg,SWAS000100019,"ASICS Gel-Kayano 14 black seliver
مقاسات خاصة"
SWAS000100020.jpg,SWAS000100020,"ASICS Gel-Kayano 14 white silver
accents مقاسات خاصة"
SWAS000100021.jpg,SWAS000100021,"Asics Gel-Kayano 14 cream silver
black مقاسات خاصة"
SWAS000100022.jpg,SWAS000100022,"ASICS Gel-Kayano 14 white pure
silver gum OUTSOLE"
SWAS000100023.jpg,SWAS000100023,"ASICS Gel-Kayano 14 White Fjord
Grey"
SWAS000100024.jpg,SWAS000100024,"ASICS Gel-Kayano 14 Triple Black
مقاسات خاصة"
SWAS000400001.jpg,SWAS000400001,GEL-KINSEI BLAST BLACK اسيكس
SWAS000600001.jpg,SWAS000600001,"اسيكس ORG Gel Nimbus 24 Hazard
Green"
SWAS000700002.jpg,SWAS000700002,"اسيكس Gel-NYC Pink Cream Pure
Silver"
SWAS000700003.jpg,SWAS000700003,"اسيكس Gel-NYC GRAPHITE GREY
SMOKE GREY"
SWAS000700004.jpg,SWAS000700004,اسيكس Gel-NYC Graphite Grey Black
SWAS000700005.jpg,SWAS000700005,"اسيكس Gel-NYC  WHITE/FEATHER
GREY light green"
SWAS000700006.jpg,SWAS000700006,اسيكس GEL-NYC BLACK BLACK
SWAS000700007.jpg,SWAS000700007,اسيكس Gel-NYC Cream Cloud Grey
SWAS000700008.jpg,SWAS000700008,"اسيكس Gel-NYC CREAM/OYSTER
GREY"
SWAS000700009.jpg,SWAS000700009,اسيكس Gel-NYC Concrete Oatmeal
SWAS000700010.jpg,SWAS000700010,اسيكس Gel-NYC White Steel Grey
SWAS000700011.jpg,SWAS000700011,اسيكس Gel-NYC Cream cream
SWAS000700012.jpg,SWAS000700012,"اسيكس Gel-NYC White Oyster Grey
LIGHT"
SWAS000700013.jpg,SWAS000700013,"اسيكس Gel-NYC Cream Mineral Beige
Pink"
SWAS000700014.jpg,SWAS000700014,اسيكس Gel-NYC Strawberries & Cream
SWAS000700015.jpg,SWAS000700015,Asics Gel NYC Navy Steel
SWAS000700016.jpg,SWAS000700016,Asics Gel NYC Green grey
SWAS000700017.jpg,SWAS000700017,ASICS Gel-NYC Cream Rose Water
SWAS000700018.jpg,SWAS000700018,ASICS Gel-NYC GRAY WHITE BAIGE LIGHT GREEN 2025
SWAS000700019.jpg,SWAS000700019,ASICS Gel-NYC GRAY WHITE BAIGE PURPLE 2025
SWAS000700020.jpg,SWAS000700020,"Asics Gel-NYC trainers GRAY BLACK
ORG"
SWAS000700021.jpg,SWAS000700021,ASICS Gel-NYC White Oyster Grey
SWAS000700022.jpg,SWAS000700022,"ASICS GEL-NYC Glacier Grey/Gravel
white grey blue"
SWAS000700023.jpg,SWAS000700023,ASICS GEL-NYC Cream/Putty
SWAS000700024.jpg,SWAS000700024,"ASICS GEL-NYC Beige/Grey orange
logo"
SWAS000700025.jpg,SWAS000700025,ASICS Gel-NYC White/Oyster Grey
SWAS000700026.jpg,SWAS000700026,ASICS Gel-NYC Glacier Grey Black
SWAS000700027.jpg,SWAS000700027,ASICS Gel-NYC Ivory/Mid Grey
SWAS000700028.jpg,SWAS000700028,ASICS GEL-NYC Mid Grey/Sheet Rock metallic synthetic leather
SWAS000700029.jpg,SWAS000700029,ASICS Gel-NYC Winter Garden Pack white and metallic silver colorway
SWAS000700030.jpg,SWAS000700030,ASICS Gel-NYC Beige/Grey light blue
SWAS000700031.jpg,SWAS000700031,ASICS Gel-NYC white gray Midnight
SWAS000700032.jpg,SWAS000700032,"ASICS Gel-NYC Cream Sweet Pink
brown"
SWAS000700033.jpg,SWAS000700033,"ASICS Gel-NYC Arctic Sky cream and
light blue"
SWAS000700034.jpg,SWAS000700034,Asics GEL-NYC Gravel Black White/Steel Grey red accents
SWAS000700035.jpg,SWAS000700035,"ASICS Gel-NYC cream mineral beige
brown"
SWAS000700036.jpg,SWAS000700036,ASICS Gel-NYC Black Ivory Grey
SWAS000700037.jpg,SWAS000700037,ASICS Gel-NYC White Smoke Grey
SWAS000800001.jpg,SWAS000800001,"اسيكس Gel-Kayano 14 Black Graphite
Grey"
SWAS000900001.jpg,SWAS000900001,"اسيكس GEL-Quantum Kinetic Graphite
Grey Black"
SWAS000900002.jpg,SWAS000900002,"اسيكس GEL-Quantum Kinetic White
Beige"
SWAS000900003.jpg,SWAS000900003,"اسيكس GEL-Quantum Kinetic Mid Grey
Pure Silver"
SWAS000900004.jpg,SWAS000900004,"اسيكس GEL-Quantum Kinetic Pepper
Light Indigo"
SWAS000900005.jpg,SWAS000900005,"اسيكس GEL-Quantum Kinetic Fluent
BlackBlk"
SWAS000900006.jpg,SWAS000900006,"اسيكس GEL-Quantum Kinetic Fluent
Blackred"
SWAS000900007.jpg,SWAS000900007,"اسيكس GEL-Quantum Kinetic Fluent
White Truffle Gre"
SWAS000900008.jpg,SWAS000900008,"اسيكس GEL-Quantum Kinetic Fluent
Black Dark Taupe"
SWAS001000001.jpg,SWAS001000001,"اسيكس GEL-KAYANO™ 31 Black Cool
Matcha"
SWAS001000002.jpg,SWAS001000002,"اسيكس GEL-KAYANO™ 31 COOL
MATCHA CELADON"
SWAS001000003.jpg,SWAS001000003,"اسيكس GEL-KAYANO™ 31 Black Bold
Magenta"
SWAS001000004.jpg,SWAS001000004,"اسيكس GEL-KAYANO™ 31 Illusion Blue
Black"
SWAS001000005.jpg,SWAS001000005,"اسيكس GEL-KAYANO™ 31 BLACK
PURE SILVER"
SWAS001000006.jpg,SWAS001000006,"اسيكس GEL-KAYANO™ 31 Sheet Rock
White"
SWAS001000007.jpg,SWAS001000007,اسيكس GEL-KAYANO™ 31 Blue Expanse Digital Aqua
SWAS001000008.jpg,SWAS001000008,اسيكس GEL-KAYANO™ 31 White
SWAS001100001.jpg,SWAS001100001,اسيكس Gel□Kahana Black and White
SWAS001100002.jpg,SWAS001100002,اسيكس Gel-Kahana Grey
SWAS001100003.jpg,SWAS001100003,اسيكس Gel-Kahana Black Rose Gold
SWAS001100004.jpg,SWAS001100004,اسيكس Gel-Kahana White Black
SWAS001100005.jpg,SWAS001100005,اسيكس Gel-Kahana Cream Blue Orange
SWAS001200001.jpg,SWAS001200001,"Gel-Quantum 360 VII Black White
اسيكس"
SWAS001200002.jpg,SWAS001200002,Gel-Quantum 360VII Blackwith grayred accents اسيكس
SWAS001200003.jpg,SWAS001200003,"Gel-Quantum 360 VII Grafito Grafito
Grey Cherry To"
SWAS001200004.jpg,SWAS001200004,"Gel-Quantum 364 VII EMBOSS White
Black Green اسيكس"
SWAS001200005.jpg,SWAS001200005,"Gel-Quantum 360 VII EMBOSS Black
Grey Green اسيكس"
SWAS001200006.jpg,SWAS001200006,"Gel-Quantum 362 VII EMBOSS gold
Black اسيكس"
SWAS001200007.jpg,SWAS001200007,"Gel-Quantum 363 VII EMBOSS Black
silver اسيكس"
SWAS001200008.jpg,SWAS001200008,"Gel-Quantum 364 VII EMBOSS Black
White اسيكس"
SWAS001300001.jpg,SWAS001300001,اسيكس Gel-1130 black and carbon
SWAS001300002.jpg,SWAS001300002,Asics Gel-1130 GS White Midnight
SWAS001300003.jpg,SWAS001300003,Asics Gel-1130 GS triple black
SWAS001300004.jpg,SWAS001300004,ASICS Gel-1130 White/Pure Silver
SWAS001300005.jpg,SWAS001300005,ASICS Gel-1130 Black/Pure Silver
SWAS001400001.jpg,SWAS001400001,اسيكس GT-2160 DIME Arctic Wolf
SWAS001500001.jpg,SWAS001500001,"اسيكس Gel-Nimbus 10.1Kith White
Morganite"
SWAS001500002.jpg,SWAS001500002,"ASICS Gel-Nimbus 10 black grey
مقاسات خاصة"
SWAS001500003.jpg,SWAS001500003,"ASICS Gel-Nimbus 10 black pure
silver white مقاسات خاصة"
SWAS001500004.jpg,SWAS001500004,"ASICS Gel-Nimbus 10 Ocean Haze
Pure Silver مقاسات خاصة"
SWAS001500005.jpg,SWAS001500005,"ASICS Gel-Nimbus 10 triple black
مقاسات خاصة"
SWAS001500006.jpg,SWAS001500006,"ASICS Gel-Nimbus 10.1 Strawberry
pink metallic silver"
SWAS001500007.jpg,SWAS001500007,"ASICS Gel-Nimbus 10.1 White/Saxon
Green"
SWAS001500008.jpg,SWAS001500008,"ASICS Gel-Nimbus 10.1 White
Obsidian Grey"
SWAS001500009.jpg,SWAS001500009,"ASICS Gel-Nimbus 10.1 White Black
red logo"
SWAS001600001.jpg,SWAS001600001,"اسيكس Gel-Kayano 12.1Ronnie Fieg
Knicks"
SWAS001600002.jpg,SWAS001600002,"اسيكس Gel-Kayano 12.1Ronnie Fieg
Cream Pure Aqua"
SWAS001700001.jpg,SWAS001700001,"اسيكس Novablast 5 Mineral Beige Taupe
Grey"
SWAS001700002.jpg,SWAS001700002,"اسيكس Novablast 5 Midnight Breeze
Peach"
SWAS001700003.jpg,SWAS001700003,اسيكس Novablast 5  Pink
SWAS001800001.jpg,SWAS001800001,"Asics SONICSMASH FF blue pink
lavender black"
SWAS001900001.jpg,SWAS001900001,"ASICS Metaspeed Ray White Flash
Red"
SWAS001900002.jpg,SWAS001900002,Asics Metaspeed Sky Paris Yellow/Black orange red
SWAW000100001.jpg,SWAW000100001,الكسندر وانغ carter loafers black
SWAX000100004.jpg,SWAX000100004,ارماني اكستشنج AX Logo Milky white
SWAX000100005.jpg,SWAX000100005,ارماني اكستشنج AX Logo Grey Navy
SWAX000100006.jpg,SWAX000100006,AX Logo Black ارماني اكستشنج
SWAX000100011.jpg,SWAX000100011,ارماني اكستشنج AX LogO WHITE BLACK
SWAX000100012.jpg,SWAX000100012,"ارماني اكستشنج AX LogO ALL WHITE
BLACK LOGO"
SWAX000200001.jpg,SWAX000200001,sneakers BLACK ارماني اكستنشج
SWAX000200002.jpg,SWAX000200002,sneakers Blue ارماني اكستنشج
SWAX000200003.jpg,SWAX000200003,sneakers Gray ارماني اكستنشج
SWAX000200004.jpg,SWAX000200004,sneakers Off-white  ارماني اكستنشج
SWAX000200005.jpg,SWAX000200005,"sneakers  edg Black white   ارماني
اكستنشج"
SWAX000200006.jpg,SWAX000200006,sneakers Black orange  ارماني اكستنشج
SWAX000200007.jpg,SWAX000200007,"sneakers Black white gray   ارماني
اكستنشج"
SWAX000200008.jpg,SWAX000200008,"sneakers Suede Black white    ارماني
اكستنشج"
SWAX000200009.jpg,SWAX000200009,sneakers  white red black ارماني اكستنشج
SWAX000300001.jpg,SWAX000300001,Armani Exchange  EVA black
SWAX000300002.jpg,SWAX000300002,Armani Exchange  EVA navy White
SWAX000300003.jpg,SWAX000300003,Armani Exchange EVA gray White
SWAY000100001.jpg,SWAY000100001,"Alo Yoga Recovery Mode Gravel
White"
SWAY000100002.jpg,SWAY000100002,Alo Yoga Recovery Mode Black White
SWAY000100003.jpg,SWAY000100003,"Alo Yoga Recovery Mode Natural
White Gum"
SWAY000100004.jpg,SWAY000100004,ALO Recovery Mode Pink/White
SWAY000100005.jpg,SWAY000100005,ALO Recovery Mode gray/White
SWAY000100006.jpg,SWAY000100006,ALO Recovery Mode gray/White ORG
SwAY000100007.jpg,SwAY000100007,"Alo Yoga Recovery Mode Natural
White Gum ORG"
SwAY000100008.jpg,SwAY000100008,"Alo Yoga Recovery Mode Black White
ORG"
SWAY000200001.jpg,SWAY000200001,Alo Yoga Runner triple white
SWAY000200002.jpg,SWAY000200002,Alo Yoga Runner triple Black
SWAY000200003.jpg,SWAY000200003,Alo Yoga Runner Black White
SWAY000200004.jpg,SWAY000200004,Alo Yoga Runner Light beige Sandy
SWAY000200005.jpg,SWAY000200005,Alo Yoga Runner Light Brown
SWAY000200006.jpg,SWAY000200006,Alo Yoga Runner dark brown shade
SWAY000200007.jpg,SWAY000200007,Alo Yoga Runner Smoky Quartz
SWAY000200008.jpg,SWAY000200008,Alo Yoga Runner Sweet Pink
SWAY000200009.jpg,SWAY000200009,Alo Yoga Runner triple gray
SWAY000300001.jpg,SWAY000300001,alo Elea Slip-On slipper white
SWAY000500001.jpg,SWAY000500001,"Alo Yoga Sunset Sneaker Caramel
Cream thin SOLE"
SWAY000500002.jpg,SWAY000500002,"Alo Yoga Sunset Sneaker black white
heel tab&laces"
SWAY000500003.jpg,SWAY000500003,"Alo Yoga Sunset Sneaker beige white
heel tab&laces"
SWBA000100001.jpg,SWBA000100001,ابيض كلير سول S بلنسيجا تريبل
SWBA000100002.jpg,SWBA000100002,اسود S بلنسيجا تريبل
SWBA000100005.jpg,SWBA000100005,اسود كلير سول S بلنسيجا تريبل
SWBA000100011.jpg,SWBA000100011,بلنسيجا تريبل S x adidas White BlacK
SWBA000100013.jpg,SWBA000100013,بلنسيجا تريبل S x adidas Pink
SWBA000100015.jpg,SWBA000100015,ORG اسود كلير سول S بلنسيجا تريبل
SWBA000100017.jpg,SWBA000100017,بلك Crystal S بلنسيجا تربيل
SWBA000100018.jpg,SWBA000100018,وايت Crystal S بلنسيجا تربيل
SWBA000100020.jpg,SWBA000100020,جراي جرين Crystal S بلنسيجا تربيل
SWBA000100021.jpg,SWBA000100021,ORG  ابيض كلير سول S بلنسيجا تريبل
SWBA000100022.jpg,SWBA000100022,بلنسيجا تريبل S x adidas White Blue
SWBA000100023.jpg,SWBA000100023,بلنسيجا تريبل Tape Type Black Yellow S
SWBA000100024.jpg,SWBA000100024,Off-White S بلنسيجا تريبل
SWBA000200001.jpg,SWBA000200001,بلنسيجا 3.0 سبيد رمادي × ابيض
SWBA000200002.jpg,SWBA000200002,بلنسيجا 3.0 سبيد اسود × ابيض
SWBA000200003.jpg,SWBA000200003,بلنسيجا 3.0 سبيد اسود سادة
SWBA000300001.jpg,SWBA000300001,بلنسيجا 2.0 اسود × ابيض شرايح
SWBA000300002.jpg,SWBA000300002,بلنسيجا 2.0 اسود × فسفوري شرايح
SWBA000300003.jpg,SWBA000300003,بلنسيجا 2.0 اسود × ابيض شرايح جرافيتي
SWBA000400002.jpg,SWBA000400002,بلنسيجا 2.0 اسود × ابيض فلت
SWBA000500001.jpg,SWBA000500001,بلك Track بلنسيجا
SWBA000500003.jpg,SWBA000500003,بينك Track بلنسيجا
SWBA000500005.jpg,SWBA000500005,بلنسيجا Track Graffiti Black White
SWBA000500007.jpg,SWBA000500007,بلنسيجا Track LED Black
SWBA000500013.jpg,SWBA000500013,وايت TRACK LED بلنسيجا
SWBA000500017.jpg,SWBA000500017,بلنسيجا  White Glow In The Dark Track
SWBA000500018.jpg,SWBA000500018,ايس سيلفر Track بلنسيجا
SWBA000500019.jpg,SWBA000500019,بلنسيجا Track Signature Black white
SWBA000500020.jpg,SWBA000500020,بلنسيجا Track Signature White Black
SWBA000500021.jpg,SWBA000500021,بلنسيجا Track Trail Laces Black Orange
SWBA000600007.jpg,SWBA000600007,بلنسيجا Runner Black Mesh and Leathe
SWBA000600008.jpg,SWBA000600008,Balenciaga Runner black silver
SWBA000600009.jpg,SWBA000600009,Balenciaga Runner Blau Weiß
SWBA000600010.jpg,SWBA000600010,Balenciaga Runner Black/White Faux
SWBA000600011.jpg,SWBA000600011,"Balenciaga Runner white burgundy
gray"
SWBA000600012.jpg,SWBA000600012,"BALENCIAGA Runner BLACK neon
green/yellow assents"
SWBA001000001.jpg,SWBA001000001,بلك سيلفر xl meshبلنسيجا 3
SWBA001000006.jpg,SWBA001000006,3 بلنسيجاxl mesh SILVER GREY
SWBA001000007.jpg,SWBA001000007,3 بلنسيجاxl mesh EXTREME Black
SWBA001000008.jpg,SWBA001000008,"3 بلنسيجاx mesh EXTREME Black
LIGHT"
SwBA001200007.jpg,SwBA001200007,"جراي بينك بلك xlبلنسيجا 10""
"""
SWBA001600001.jpg,SWBA001600001,"Balenciaga x Crocs Eva rain Mini boot
White"
SWBA001600002.jpg,SWBA001600002,"Balenciaga x Crocs Eva rain Mini boot
Black"
SWBA001600003.jpg,SWBA001600003,"Balenciaga x Crocs Eva rain Mini boot
Bige"
SWBA001700001.jpg,SWBA001700001,بلنسيجا Combat Strike Black
SWBA001700002.jpg,SWBA001700002,بلنسيجا Combat Strike Beige
SWBA001700003.jpg,SWBA001700003,بلنسيجا Combat Strike green
SWBA001800001.jpg,SWBA001800001,"Balenciaga Sergent 20mm Derby
Black"
SWBA001900001.jpg,SWBA001900001,"Balenciaga Tractor Loafer black metal
logo"
SWBI000100001.jpg,SWBI000100001,"Billionaire Lo-Top Sneakers Crest  بلك
وايت"
SWBI000100002.jpg,SWBI000100002,Billionaire Lo-Top Sneakers Crest وايت
SWBK000100001.jpg,SWBK000100001,Birkenstock Boston Suede beige
SWBK000100002.jpg,SWBK000100002,Birkenstock Boston Suede Black
SWBK000100003.jpg,SWBK000100003,"Birkenstock Boston Suede Suede
Wine"
SWBK000100004.jpg,SWBK000100004,Birkenstock Boston Suede Dark Grey
SWBK000100005.jpg,SWBK000100005,Birkenstock Boston Suede Stone Coin
SWBK000100006.jpg,SWBK000100006,"Birkenstock Boston Suede Faded
Khaki"
SWBK000100007.jpg,SWBK000100007,"Birkenstock Boston Suede Antique
White"
SWBK000100008.jpg,SWBK000100008,Birkenstock Boston Suede BROWEN
SWBK000100009.jpg,SWBK000100009,Birkenstock Boston light green suede
SWBK000100010.jpg,SWBK000100010,Birkenstock Boston Suede White
SWBK000100011.jpg,SWBK000100011,Birkenstock Boston Suede brown
SWBK000100012.jpg,SWBK000100012,Birkenstock Boston Suede New Navy
SWBK000100013.jpg,SWBK000100013,Birkenstock Boston Dusty Pink suede
SWBK000100015.jpg,SWBK000100015,Birkenstock Boston light gray suede
SWBK000100016.jpg,SWBK000100016,Birkenstock Boston Suede Mocha
SWBK000100017.jpg,SWBK000100017,"Birkenstock Boston Thyme Green
suede"
SWBk001100001.jpg,SWBk001100001,"Birkenstock Naples Wrapped suede
leather brown"
SWBk001100002.jpg,SWBk001100002,"Birkenstock Naples Wrapped black
suede leather"
SWBk001100003.jpg,SWBk001100003,"Birkenstock Naples Wrapped light
brown suede leather"
SWBk001100004.jpg,SWBk001100004,"Birkenstock Naples Wrapped beige
suede leather"
SWBk001100005.jpg,SWBk001100005,"Birkenstock Naples Wrapped suede
khaki"
SWBN000100002.jpg,SWBN000100002,بالمين يوني كورن لزار تريبل بلك
SWBN000100003.jpg,SWBN000100003,بالمين يوني كورن لزار تريبل وايت
SWBN000100004.jpg,SWBN000100004,بالمين يوني كورن NEOPRENE CALFSKIN
SWBN000100005.jpg,SWBN000100005,بالمين يوني كورن White Black Gold
SWBN000100006.jpg,SWBN000100006,بالمين يوني كورن نيوبرين لزار وايت نيون
SWBN000100007.jpg,SWBN000100007,بالمين يوني كورن نيوبرين لزار بلك حولد
SWBN000100008.jpg,SWBN000100008,BALMAIN Unicorn black white blue
SWBN000200001.jpg,SWBN000200001,بالمين بي بولد سويد نيت ستربس بلك جولد
SWBN000200002.jpg,SWBN000200002,بالمين بي بولد سويد نيت ستربس تريبل وايت جولد
SWBN000200004.jpg,SWBN000200004,بالمين بي بولد مونوجرام نيت بلك بلك سيلفر
SWBN000200005.jpg,SWBN000200005,"Balmain B-Bold High-Top black and
white monogram"
SWBN000200006.jpg,SWBN000200006,Balmain B-Bold High-Top black monogram gold details
SWBN000200007.jpg,SWBN000200007,Balmain B-Bold High-Top black metallic silver-tone straps
SWBN000200008.jpg,SWBN000200008,Balmain B-Bold High-Top white metallic silver-tone straps
SWBN000200009.jpg,SWBN000200009,"Balmain B-Bold High-Top triple  white
mesh knit upper"
SWBN000200010.jpg,SWBN000200010,"Balmain B-Bold High-Top black
Monogram Knit"
SWBN000600001.jpg,SWBN000600001,بالمين Paris Leather Oxford Black Red
SWBN000600002.jpg,SWBN000600002,بالمين Paris Leather Oxford Black
SWBN000600003.jpg,SWBN000600003,"Balmain Leather Oxford Black B
GOLD LOGO"
SWBN000700001.jpg,SWBN000700001,Balmain B-Court printed Black White
SWBN000700002.jpg,SWBN000700002,Balmain B-Court printed  White
SWBN000700003.jpg,SWBN000700003,Balmain B-Court printed Black
SWBN000700004.jpg,SWBN000700004,"Balmain PARIS B-Court WHITE
GOLD B"
SWBN000700005.jpg,SWBN000700005,"Balmain PARIS B-Court BLACK
GOLD B"
SWBN000700006.jpg,SWBN000700006,"Balmain B-Court low-top sneakers
white"
SWBN000700007.jpg,SWBN000700007,"Balmain B-Court low-top sneakers
blue white sole"
SWBN000700008.jpg,SWBN000700008,"Balmain B-Court low-top sneakers
black white sole"
SWBN000700009.jpg,SWBN000700009,Balmain B-Court Monogram white
SWBN000700010.jpg,SWBN000700010,"Balmain B-Court low-top sneaker grey
white sole"
SWBN000700011.jpg,SWBN000700011,Balmain B-Court White Black Laces
SWBN000700012.jpg,SWBN000700012,"Balmain B-Court Skate black galaxy
print suede leathe"
SWBN000700013.jpg,SWBN000700013,"Balmain B-Court Sneaker navy blue
white"
SWBN000800001.jpg,SWBN000800001,Balmain B-Bold low-top  White
SWBN000800002.jpg,SWBN000800002,"Balmain B-Bold low-top White BLACK
LINE"
SWBN000800003.jpg,SWBN000800003,Balmain B-Bold low-top BLACK GOLD
SWBN000900001.jpg,SWBN000900001,Balmain sea boat white BLACK
SWBN000900002.jpg,SWBN000900002,Balmain sea boat triple BLACK
SWBN001000001.jpg,SWBN001000001,Balmain Swan white gray
SWBP000100006.jpg,SWBP000100006,ابيثنج ايب Bape Sta shark white
SWBP000100007.jpg,SWBP000100007,ابيثنج ايب  Bape Sta Shark Black White
SWBP000100008.jpg,SWBP000100008,"ابيثنج ايب Bape Sta Patent Leather
White Green"
SWBP000100010.jpg,SWBP000100010,A Bathing Ape Bape Sta Icon LowBlack Grey Patent
SWBS000100001.jpg,SWBS000100001,"Brooks Hyperion Elite 5 coral/orange
light blue"
SWBS000100002.jpg,SWBS000100002,"Brooks Hyperion Elite 5 black white
logo"
SWBS000100003.jpg,SWBS000100003,Brooks Hyperion Elite 5 gray
SWBU000100003.jpg,SWBU000100003,Burberry Ramsey Check black white
SWBU000100004.jpg,SWBU000100004,Burberry Ramsey Check white gray
SWBU000100005.jpg,SWBU000100005,"Burberry Ramsey Check white/beige
strap"
SWBU000100006.jpg,SWBU000100006,"Burberry Ramsey Check black white
sole&strap"
SWBU000200001.jpg,SWBU000200001,Burberry Vintage LOW TOP WHITE
SWBU000200002.jpg,SWBU000200002,"Burberry Vintage Check Panelled
White Archvie Beige"
SWBU000200003.jpg,SWBU000200003,Burberry Vintage Check Black Beige
SWCA000100001.jpg,SWCA000100001,Coach Soho beige brown White patterned material heel tab
SWCA000100002.jpg,SWCA000100002,Coach Soho White black gray
SWCB000100001.jpg,SWCB000100001,"Columbia GTX BOA Black with white
accents"
SWCB000100002.jpg,SWCB000100002,Columbia GTX BOA triple.Black
SWCB000100003.jpg,SWCB000100003,Columbia GTXBOA Olivegreenwithblack.purp accents
SWCB000100004.jpg,SWCB000100004,Columbia G1 C4
SWCB000100005.jpg,SWCB000100005,"Columbia GTX BOA Waterproof Triple
Black"
SWCB000100006.jpg,SWCB000100006,"Columbia GTX BOA Waterproof
Black gray"
SWCB000200001.jpg,SWCB000200001,"Columbia GTXus
.Black.with.red.gray.accents"
SWCB000200002.jpg,SWCB000200002,Columbia GTXus grayDDk.black.Grey.accents
SWCB000200003.jpg,SWCB000200003,Columbia GTXus Olive greenwithblack.earthy.accents
SWCB000300001.jpg,SWCB000300001,Columbia Vitesse Outdry triple black
SWCB000300002.jpg,SWCB000300002,"Columbia Vitesse Outdry Olive Green
Gold gray"
SWCB000400001.jpg,SWCB000400001,COLUMBIA hiking triple black
SWCB000400002.jpg,SWCB000400002,COLUMBIA hiking white black gold
SWCB000400003.jpg,SWCB000400003,"COLUMBIA hiking Beige Black Pale
Blue lace"
SWCD000200001.jpg,SWCD000200001,"كريستيان ديور Granville Loafer dark
brown white"
SWCH000100001.jpg,SWCH000100001,تشانل ابيض × بينك
SWCH000100002.jpg,SWCH000100002,تشانل لبني × اورانج
SWCH000100003.jpg,SWCH000100003,تشانل رمادي × ابيض
SWCH000200001.jpg,SWCH000200001,تشانل Loafers Ivory Corduroy
SWCH000200002.jpg,SWCH000200002,تشانل Loafers dark brown maron
SWCH000200003.jpg,SWCH000200003,تشانل Loafers Black Leather
SWCH000300001.jpg,SWCH000300001,تشانل Loafers CC logo suede grey
SWCH000300002.jpg,SWCH000300002,تشانل Loafers CC logo suede Black
SWCH000300003.jpg,SWCH000300003,تشانل Loafers CC logo Grey suede
SWCH000500001.jpg,SWCH000500001,Chanel CC Logo Sneaker white Metallic Silver black gray
SWCH000500002.jpg,SWCH000500002,"Chanel CC Logo Sneaker Black
White"
SWCH000600001.jpg,SWCH000600001,CHANEL Ballet Flat Crackled Laminated Calfskin Gold Silver
SWCH000600002.jpg,SWCH000600002,CHANEL Ballet Flat Crackled Laminated Calfskin burgundy pink
SWCH000600003.jpg,SWCH000600003,"CHANEL Ballet Flat Crackled Laminated Calfskin beige tweed fabric
metallic gold cap toe"
SWCH000600004.jpg,SWCH000600004,CHANEL Ballet Flat Crackled Laminated Calfskin black gold-tone chain detail around edge
SWCH000600005.jpg,SWCH000600005,"CHANEL Ballet Flat Crackled Laminated Calfskin black beige
signature cap toe"
SWCH000600006.jpg,SWCH000600006,"CHANEL Ballet Flat Crackled Laminated Calfskin beige tonal cap
toe"
SWCH000600008.jpg,SWCH000600008,"CHANEL Ballet Flat beige Suede
gold-tone button strap"
SWCH000900001.jpg,SWCH000900001,"Chanel embossed CC Logo Sneakers
White Black Gum Sole"
SWCH000900002.jpg,SWCH000900002,"Chanel embossed CC Logo Sneakers
Black White Gum Sole"
SWCK000100001.jpg,SWCK000100001,"كلفن كلين Sock Laceup Black Triple
Black"
SWCK000100002.jpg,SWCK000100002,"كلفن كلين Sock Laceup White Light
Grey Black"
SWCK000100003.jpg,SWCK000100003,"كلفن كلين Sock Laceup White Light
Grey Red"
SWCK000100004.jpg,SWCK000100004,"كلفن كلين Sock Laceup Black White
Red"
SWCK000100005.jpg,SWCK000100005,"كلفن كلين Sock Laceup White gray dark
blue heel"
SWCK000100006.jpg,SWCK000100006,"كلفن كلين Sock Laceup Light
Grey/White Multi"
SWCK000100007.jpg,SWCK000100007,كلفن كلين Sock Laceup black and white
SWCK000100008.jpg,SWCK000100008,"كلفن كلين Sock Laceup white and light
gray"
SWCK000100009.jpg,SWCK000100009,"Calvin Klein Runner Sock Laceup
triple gray"
SWCK000100010.jpg,SWCK000100010,"Calvin Klein Runner Sock Laceup
navy blue white logo"
SWCK000100011.jpg,SWCK000100011,Calvin Klein Runner Sock Laceup black white logo beige sole
SWCK000100012.jpg,SWCK000100012,"Calvin Klein Runner Sock Laceup gray
black white logo beige sole"
SWCK000100013.jpg,SWCK000100013,Calvin Klein Runner Sock Laceup navy blue white logo مقاسات خاصة
SWCK000100014.jpg,SWCK000100014,Calvin Klein Runner Sock Laceup black white logo beige sole مقاسات خاصة
SWCK000100015.jpg,SWCK000100015,Calvin Klein Runner Sock Laceup gray black white logo beige sole مقاسات خاصة
SWCK000100016.jpg,SWCK000100016,"Calvin Klein Runner Sock black side
logo"
SWCL000300001.jpg,SWCL000300001,"كريستيان لوبوتان  Our Georges leather
lace-up Blac"
SWCL000300002.jpg,SWCL000300002,Our Georges Black  كريستيان لوبوتان
SWCL000400001.jpg,SWCL000400001,كريستيان لوبوتان  Chambeliss Black
SWCL000500001.jpg,SWCL000500001,"كريستيان لوبوتان Sharkyloub black fire red
Spike S"
SWCL000600001.jpg,SWCL000600001,كريستيان لوبوتان Cheney Walk Black Red
SWCL000700001.jpg,SWCL000700001,Our Flight Black كريستيان لوبوتان
SWCL000800001.jpg,SWCL000800001,"كريستيان لوبوتان Panamic Dune Black
Red"
SWCL000800002.jpg,SWCL000800002,"كريستيان لوبوتان Panamic Dune Silver
White Red"
SWCL000800003.jpg,SWCL000800003,"كريستيان لوبوتان Panamic Dune Shine
Black Red"
SWCL000800004.jpg,SWCL000800004,"Christian Louboutin Panamic Dune
black ed lug sole"
SWCL000900001.jpg,SWCL000900001,"Christian Louboutin Adolon Junior
TRIBLE WHITE"
SWCL000900002.jpg,SWCL000900002,"Christian Louboutin Adolon Junior
TRIBLE BLACK"
SWCL001000001.jpg,SWCL001000001,"CHRISTIAN LOUBOUTIN
Marchacroche Dune black with a red
sole"
SWCL001100001.jpg,SWCL001100001,"Christian Louboutin Adolescenza white
black elastic strap"
SWCL001100002.jpg,SWCL001100002,Christian Louboutin Adolescenza black black elastic strap
SWCL001200001.jpg,SWCL001200001,"CHRISTIAN LOUBOUTIN Low-top
brown white sole"
SWCL001200002.jpg,SWCL001200002,"CHRISTIAN LOUBOUTIN Low-top
white perforated leather"
SWCL001200003.jpg,SWCL001200003,"CHRISTIAN LOUBOUTIN Low-top
white black heel black"
SWCL001200004.jpg,SWCL001200004,"CHRISTIAN LOUBOUTIN Low-top
black studded spikes across toe cap&heel patterned fabric"
SWCL001300001.jpg,SWCL001300001,"Christian Louboutin Urbino derby
Black red outsole"
SWCO000400004.jpg,SWCO000400004,كونفرس ستار بلتفورم تايجر
SWCO000400005.jpg,SWCO000400005,كونفرس ستار بلتفورم بلك وايت
SWCO000700001.jpg,SWCO000700001,بلك هايبر بينك CX كونفرس ستار
SWCY000100001.jpg,SWCY000100001,Chunky Adults Black selver
SWCY000100002.jpg,SWCY000100002,Chunky Adults White selver
SWCY000100003.jpg,SWCY000100003,Chunky Adults Blue selver
SWDD000200001.jpg,SWDD000200001,"Fly high-top sock sneaker Black White
2دسكواريد"
SWDG000100005.jpg,SWDG000100005,دولسي سورينتو سنيكرز بلك لوجو وايت
SWDG000400001.jpg,SWDG000400001,دولسي كالفسكين بورتوفينو وايت بلك
SWDG000400007.jpg,SWDG000400007,وايت بلك Vintage  دولسي كالفسكين بورتوفينو
SWDG000400010.jpg,SWDG000400010,وايت  embroidery دولسي كالفسكين بورتوفينو بلك
SWDG000400011.jpg,SWDG000400011,وايت  embroidery دولسي كالفسكين بورتوفينو جولد
SWDG000500002.jpg,SWDG000500002,بلك وايت ZERO.دولسي 2
SWDG000500003.jpg,SWDG000500003,"DOLCE&GABBANA  2.ZERO white
black stripes white logo"
SWDG000700003.jpg,SWDG000700003,"دولسي MIXED-MATERIAL SPACE Triple
Black"
SWDG000700004.jpg,SWDG000700004,"دولسي MIXED-MATERIAL SPACE
MULTICOLOUR"
SWDG000700005.jpg,SWDG000700005,"دولسي MIXED-MATERIAL SPACE
WHITE"
SWDG000700007.jpg,SWDG000700007,دولسي MIXED-MATERIAL SPACE pink
SWDG000700008.jpg,SWDG000700008,"دولسي MIXED-MATERIAL SPACE
White Purple"
SWDG000700009.jpg,SWDG000700009,"دولسي MIXED-MATERIAL SPACE
White Phosphorous"
SWDG000800002.jpg,SWDG000800002,دولسي Fast Sc BLACK inside WHITE
SWDG000800003.jpg,SWDG000800003,دولسي  Fast Sc WHITE Grey
SWDG000800004.jpg,SWDG000800004,دولسي Fast Sc BLACK inside Orange
SWDG000900001.jpg,SWDG000900001,بلك سيلفر لوجو Luxury دولسي
SWDG000900002.jpg,SWDG000900002,"DOLCE & GABBANA BLACK Back,
DG monogram, Metallic LOGO"
SWDG001000004.jpg,SWDG001000004,"Dolce&Gabbana New Roma black
white"
SWDG001000005.jpg,SWDG001000005,"Dolce&Gabbana New Roma
white/off-white"
SWDG001100002.jpg,SWDG001100002,دولسي LOGO LOW-TOP  بلك وايت
SWDG001400003.jpg,SWDG001400003,"Dolce&Gabbana DG Cushion black
white"
SWDG001500002.jpg,SWDG001500002,بلك وايت Portofino دولسي
SWDG001500009.jpg,SWDG001500009,دولسي  Portofino Vintage White Pink
SWDG001500011.jpg,SWDG001500011,دولسي  Portofino White Pink logo Black
SWDG001500013.jpg,SWDG001500013,دولسي Portofino Made in Italy
SWDG001500014.jpg,SWDG001500014,"دولسي Portofino Sneakers White
Leather"
SWDG001500015.jpg,SWDG001500015,"دولسي Portofino Sneakers Black
Leather"
SWDG001500016.jpg,SWDG001500016,دولسي Portofino Sneakers perforated-logo leather
SWDG001500017.jpg,SWDG001500017,"دولسي Portofino Two-Tone Sneakers
White black"
SWDG001500018.jpg,SWDG001500018,Portofino panelled Beige Suede دولسي
SWDG001500019.jpg,SWDG001500019,دولسي Portofino panelled black white
SWDG001500021.jpg,SWDG001500021,Green White دولسي كالفسكين بورتوفينو
SWDG001500022.jpg,SWDG001500022,TRIBLE White دولسي كالفسكين بورتوفينو
SWDG001500023.jpg,SWDG001500023,"دولسي كالفسكين بورتوفينو  Vintage White
black beig"
SWDG001500024.jpg,SWDG001500024,"DOLCE & GABBANA Portofino White
black WITHE STRIP"
SWDG001500025.jpg,SWDG001500025,"Dolce&Gabbana Portofino Low-Top
white black red line"
SWDG001500026.jpg,SWDG001500026,"DOLCE&GABBANA Portofino low-top
white blackDG heel tab"
SWDG001500027.jpg,SWDG001500027,"Dolce & Gabbana Portofino low-top
white rubber sole"
SWDG001500028.jpg,SWDG001500028,Dolce&Gabbana Portofino low-top black white laces orange loop
SWDG001500029.jpg,SWDG001500029,"Dolce&Gabbana Portofino black
gold-tone accents"
SWDG001500030.jpg,SWDG001500030,"Dolce&Gabbana Portofino light strobel
black"
SWDG001500031.jpg,SWDG001500031,Dolce&Gabbana Portofino WHITE black logo&heel tab&laces
SWDG001500032.jpg,SWDG001500032,"Dolce&Gabbana Portofino black white
logo black frame"
SWDG001500033.jpg,SWDG001500033,Dolce&Gabbana Portofino black white logo black frame Light Strobel
SWDG001500034.jpg,SWDG001500034,"Dolce&Gabbana Portofino white blue
black brand logo side"
SWDG001700002.jpg,SWDG001700002,"DolceGabbana AIRMASTER Black
GRAY"
SWDG001700003.jpg,SWDG001700003,"DolceGabbana AIRMASTER
Whitelight gray"
SWDG001700004.jpg,SWDG001700004,"DolceGabbana AIRMASTER TRIBLE
Black"
SWDG001900001.jpg,SWDG001900001,دولسي Vita Block Brown
SWDG001900002.jpg,SWDG001900002,دولسي Vita Black
SWDG002000001.jpg,SWDG002000001,دولسي Daymaster Triple Black
SWDG002000002.jpg,SWDG002000002,دولسي Daymaster Triple White
SWDG002000003.jpg,SWDG002000003,دولسي Daymaster Low White Black
SWDG002100001.jpg,SWDG002100001,"دولسي Sorrento High Top Black Grey
Whte"
SWDG002100002.jpg,SWDG002100002,"Dolce&Gabbana Sorrento black white
colorway"
SWDG002200001.jpg,SWDG002200001,دولسي Brushed calfskin loafers
SWDG002300001.jpg,SWDG002300001,"Dolce & Gabbana logo-tag SHINE
BLACK  Chelsea boot"
SWDG002400001.jpg,SWDG002400001,DolceGabbana RUNNING white black
SWDG002400002.jpg,SWDG002400002,"DolceGabbana RUNNING TRIBLE
black"
SWDG002400003.jpg,SWDG002400003,DolceGabbana RUNNING black white
SWDG002500001.jpg,SWDG002500001,"Dolce&Gabbana Sneakers triple black
strip and logo"
SWDG002500002.jpg,SWDG002500002,"Dolce&Gabbana Sneakers dark gray
black metallic strip"
SWDG002500003.jpg,SWDG002500003,"Dolce&Gabbana Sneakers white black
strip"
SWDG002600001.jpg,SWDG002600001,"Dolce&Gabbana Ankle Boot black
metal logo upper"
SWDG002600002.jpg,SWDG002600002,"Dolce&Gabbana ankle boots lug glossy leather sole strap featuring the
DG logo"
SWDG002600003.jpg,SWDG002600003,"Dolce&Gabbana branded-strap Ankle
Boot black rubber lug sole"
SWDG002600004.jpg,SWDG002600004,"Dolce&Gabbana suede Ankle Boot
brown metal clasp"
SWDG002700001.jpg,SWDG002700001,"Dolce & Gabbana NS1 Chunky black
white logo"
SWDG002800001.jpg,SWDG002800001,"Dolce&Gabbana Day Faster triple
white"
SWDM000100001.jpg,SWDM000100001,"Dr. Martens Jadon Platform Leather
Boot Black"
SWDR000500001.jpg,SWDR000500001,ديور B33 Navy Blue
SWDR000500002.jpg,SWDR000500002,"ديور B33 Tears Blue Denim Peace
Sign"
SWDR000500003.jpg,SWDR000500003,"ديور B33 Spin White Calfskin Oblique
Jacquard"
SWDR000500004.jpg,SWDR000500004,"ديور B33 Black SWooth Calfskin
Oblique Raised Embr"
SWDR000500005.jpg,SWDR000500005,ديور B33 White Monogram Cowhide
SWDR000500006.jpg,SWDR000500006,ديور B33 Tears Blue Denim Peace
SWDR000500007.jpg,SWDR000500007,ديور B33 Black Smooth black
SWDR000500008.jpg,SWDR000500008,ديور b33 green OLIV
SWDR000500009.jpg,SWDR000500009,"ديور b33 gray and cream raised
embroidery"
SWDR000500010.jpg,SWDR000500010,"Dior B33 black gray Dior Oblique
embroidered panel"
SWDR000500011.jpg,SWDR000500011,"Dior B33 Spin blue brown mohair
laces"
SWDR000500012.jpg,SWDR000500012,"Dior B33 black Anthracite Gray
Silver-tone logo"
SWDR000700001.jpg,SWDR000700001,B22 White Silver Reflectiveديور
SWDR000700002.jpg,SWDR000700002,B22 Black Silver Reflectiveديور
SWDR000700003.jpg,SWDR000700003,B22 White Black ديور
SWDR000700004.jpg,SWDR000700004,ديور B22 White Black Grey
SWDR000700005.jpg,SWDR000700005,ديور B22 White Silver Fluo Green
SWDR000700006.jpg,SWDR000700006,ديور B22 Orange Olive Olive Black
SWDR000700007.jpg,SWDR000700007,ديور B22 Black Red
SWDR000700008.jpg,SWDR000700008,ديور B22 Black White Silver
SWDR000700009.jpg,SWDR000700009,ديور B22 White Silver Gre
SWDR000700010.jpg,SWDR000700010,ديور B22 Jeans Black
SWDR000700011.jpg,SWDR000700011,تريبل وايت B‏22 ديور
SWDR000700012.jpg,SWDR000700012,ديورB22 Khaki Black Calfskin
SWDR000700013.jpg,SWDR000700013,Dior B22 Lavender Cream Green Grey
SWDR000800001.jpg,SWDR000800001,ديور B30 Triple Black
SWDR000800002.jpg,SWDR000800002,"ديور B30 White Mesh Silver-Tone
Metallic Calfskin"
SWDR000800003.jpg,SWDR000800003,ديور B30 Countdown  Black
SWDR000800004.jpg,SWDR000800004,ديور B30 Countdown  White
SWDR000800005.jpg,SWDR000800005,ديور B30 White Mesh  White
SWDR000800006.jpg,SWDR000800006,ديور  B30 White Mesh  Black white
SWDR000800007.jpg,SWDR000800007,Dior B30 Grey white
SWDR000800008.jpg,SWDR000800008,Dior B30 beige white
SWDR000800009.jpg,SWDR000800009,Dior B30 white black sole
SWDR000900001.jpg,SWDR000900001,B35 Next triple Black Mesh Fabric ديور
SWDR000900002.jpg,SWDR000900002,B35 Next Black Lime Mesh Fabric ديور
SWDR001000001.jpg,SWDR001000001,"ديور B27 Uptown Low-Top Sneaker
Gravity - White"
SWDR001000002.jpg,SWDR001000002,"ديور B27 Uptown Low-Top Sneaker
BLACK"
SWDR001000003.jpg,SWDR001000003,"ديور B27 Uptown Low-Top Sneaker
Blue Denim White"
SWDR001000004.jpg,SWDR001000004,"ديور B27 Uptown Low-Top Sneaker
Grey White"
SWDR001000005.jpg,SWDR001000005,Dior B27 LowWhite Navy Blue CD
SWDR001000006.jpg,SWDR001000006,Dior B27 triple black
SWDR001000007.jpg,SWDR001000007,Dior B27  White Oblique Galaxy black
SWDR001100001.jpg,SWDR001100001,ديور B44 Blade Sneaker Black White
SWDR001200001.jpg,SWDR001200001,"ديور Combat Derby Black Polished with
Beige and Bl"
SWDR001300001.jpg,SWDR001300001,ديور Homme Granville Boat  BIEGE
SWDR001300002.jpg,SWDR001300002,ديور Homme Granville Boat  NAVY
SWDR001400001.jpg,SWDR001400001,"Dior B01 Black, white, tongue dark
gray"
SWDR001400002.jpg,SWDR001400002,"Dior B01 White with black gray
accents"
SWDR001500001.jpg,SWDR001500001,Dior B9 SkaterTweed Navy Blue
SWDR001500002.jpg,SWDR001500002,Dior B9 SkaterTweed Silver-Tone
SWDR001800001.jpg,SWDR001800001,Dior Sneaker RNN Black GRAY BLU
SWDR001800002.jpg,SWDR001800002,Dior Sneaker RNN Black BLU
SWDR001800003.jpg,SWDR001800003,Dior Sneaker RNN White BLU
SWDR001900001.jpg,SWDR001900001,"Dior B25 Runner Black Smooth
Calfskin Oblique Jacq"
SWDR002000001.jpg,SWDR002000001,"Dior Formal Timeless BLACK
MONOGRAM"
SWDR002000002.jpg,SWDR002000002,DIOR Formal Timeless BLACK embellished glossed-leather
SWDR002000003.jpg,SWDR002000003,"Dior Formal Timeless BLACK TOP
SLIVER LOGO"
SWDR002000004.jpg,SWDR002000004,Dior Timeless black Shiny black
SWDR002000005.jpg,SWDR002000005,"Dior Timeless black lace-up Black and
gray pattern"
SWDR002000006.jpg,SWDR002000006,Dior Timeless Granville Loafer Black Smooth Calfskin Oblique Jacquard
SWDR002100001.jpg,SWDR002100001,"Dior CLASSIC black MONGRAM
Leather"
SWDR002200001.jpg,SWDR002200001,Dior B9S white light grey
SWDR002200002.jpg,SWDR002200002,Dior B9S TRUPLE BLACK
SWDR002200003.jpg,SWDR002200003,Dior B9S Indigo Blue
SWDR002300001.jpg,SWDR002300001,Dior Vibe White Gray
SWDR002400001.jpg,SWDR002400001,"Dior D-Sketch black white
laces&midsole"
SWDR002400002.jpg,SWDR002400002,Dior D-Sketch white beige
SWDR002500001.jpg,SWDR002500001,"Dior Chrono Beige Terry-Effect
Technical Fabric"
SWDR002600001.jpg,SWDR002600001,"Dior B01 Matchpoint Sneaker White
Black"
SWDR002600002.jpg,SWDR002600002,"Dior B01 Matchpoint Sneaker triple
Black"
SWDR002600003.jpg,SWDR002600003,"Dior B01 Matchpoint Sneaker triple
white"
SWDR002700001.jpg,SWDR002700001,"DIOR Granville Loafer black white
silver accent logo"
SWDR002700002.jpg,SWDR002700002,DIOR Granville Loafer navy blue iconic Dior Oblique jacquard motif
SWDR002700003.jpg,SWDR002700003,DIOR Granville Loafer Beige Dior Oblique Suede and Jacquard
SWDR002700004.jpg,SWDR002700004,"Dior Granville loafer black signature
silver-tone buckle"
SWDR002700005.jpg,SWDR002700005,"Dior Granville loafer khaki green white
silver-tone buckle"
SWDR002700006.jpg,SWDR002700006,"Dior Granville loafer gray white
silver-tone buckle"
SWDR002700007.jpg,SWDR002700007,"Dior Granville loafer beige white
silver-tone buckle"
SWEA000100006.jpg,SWEA000100006,"Cordura Runner Navy White Plume
امبوريو ارماني"
SWEA000100010.jpg,SWEA000100010,"Cordura Runner Navy - White  امبوريو
ارماني"
SWEA000100011.jpg,SWEA000100011,"Cordura Runner Grey- White  امبوريو
ارماني"
SWEA000100012.jpg,SWEA000100012,"Cordura Runner Black - White  امبوريو
ارماني"
SWEA000200001.jpg,SWEA000200001,"إمبوريو أرماني Ultimate C2 Kombat Deep
Black"
SWEA000200004.jpg,SWEA000200004,"إمبوريو أرمانى ULTIMATE C2 KOMBAT
BLACK SILVER"
SWEA000400003.jpg,SWEA000400003,EA7 Sneakers Black Gold امبوريو أرماني
SWEA000400007.jpg,SWEA000400007,"EA7 Sneakers Black writWhite  امبوريو
ارماني"
SWEA000400008.jpg,SWEA000400008,EA7 Sneakers gray green امبوريو ارماني
SWEA000400009.jpg,SWEA000400009,"EA7 Sneakers Round Black White
امبوريو ارماني"
SWEA000400010.jpg,SWEA000400010,"EA7 Sneakers Round White Black
امبوريو ارماني"
SWEA000400011.jpg,SWEA000400011,Emporio Armani white black
SWEA000400012.jpg,SWEA000400012,"Emporio Armani EA7 Sneaker triple
black"
SWEA000400013.jpg,SWEA000400013,"Emporio Armani EA7 Sneaker white
gray"
SWEA000400014.jpg,SWEA000400014,"Emporio Armani EA7 Sneaker white
black logo&outsole"
SWEA000400015.jpg,SWEA000400015,"Emporio Armani EA7 Sneaker Black
Gold accents"
SWEA000400016.jpg,SWEA000400016,"Emporio Armani EA7 Sneaker Black
white logo&sole"
SWEA000500004.jpg,SWEA000500004,EA7 Runner Triple Black امبوريو ارماني
SWEA000500005.jpg,SWEA000500005,EA7 Runner Black White امبوريو ارماني
SWEA000500006.jpg,SWEA000500006,EA7 Runner White Black امبوريو ارماني
SWEA000500007.jpg,SWEA000500007,EA7 Runner Graffiti Silver امبوريو ارماني
SWEA000500008.jpg,SWEA000500008,EA7 Runner Graffiti Gold امبوريو ارماني
SWEA000500009.jpg,SWEA000500009,"Armani amornini  EA7 Runner White
Navy"
SWEA000500010.jpg,SWEA000500010,"Armani amornini  EA7 Runner White
kink"
SWEA000500011.jpg,SWEA000500011,"Armani amornini  EA7 Runner Black
kink"
SWEA000500012.jpg,SWEA000500012,"Armani amornini EA7 Runner WHITE
gray kink"
SWEA000500013.jpg,SWEA000500013,"Armani amornini EA7 Runner black
gray kink"
SWEA000500014.jpg,SWEA000500014,"Armani amornini EA7 Runner gray
gray kink"
SWEA000500015.jpg,SWEA000500015,"Armani amornini EA7 Runner blue
gray kink"
SWEA000500016.jpg,SWEA000500016,"Armani amornini EA7 Runner triple
black"
SWEA000500017.jpg,SWEA000500017,"Armani amornini EA7 Runner white
black logo"
SWEA000700001.jpg,SWEA000700001,Sneakers Black White امبوريو ارماني
SWEA000700002.jpg,SWEA000700002,Sneakers White Black امبوريو ارماني
SWEA000700003.jpg,SWEA000700003,"Sneakers Black Black White  امبوريو
ارماني"
SWEA000700004.jpg,SWEA000700004,"Sneakers Navy Black White  امبوريو
ارماني"
SWEA000700005.jpg,SWEA000700005,"""
Emporio Armani Logo Sneakers TRIPLE BLACK"""
SWEA000700006.jpg,SWEA000700006,"""
Emporio Armani Logo Sneakers GREEN BLACK"""
SWEA000700007.jpg,SWEA000700007,"Emporio Armani sneaker black knit
fabric suede details"
SWEA000700008.jpg,SWEA000700008,Emporio Armani sneaker white knit fabric suede details black outsole
SWEA000700009.jpg,SWEA000700009,"Emporio Armani Mex Sneaker black
Metal Eagle Logo"
SWEA000700010.jpg,SWEA000700010,"Emporio Armani sneaker Navy Blue
white black"
SWEA000800001.jpg,SWEA000800001,EA7 Giorgio White Blue امبوريو ارماني
SWEA000800002.jpg,SWEA000800002,EA7 Giorgio Black White امبوريو ارماني
SWEA000800003.jpg,SWEA000800003,EA7 Giorgio White Gray امبوريو ارماني
SWEA000800004.jpg,SWEA000800004,"Emporio Armani EA7 Giorgio WHITE
BLUE"
SWEA000800005.jpg,SWEA000800005,Emporio Armani EA7 Giorgio BLUE
SWEA000800006.jpg,SWEA000800006,Emporio Armani EA7 Giorgio GRAY
SWEA000800007.jpg,SWEA000800007,"Emporio Armani EA7 Giorgio BLACK
GRAY"
SWEA000800008.jpg,SWEA000800008,"Emporio Armani EA7 Giorgio WHITE
NAVY"
SWEA000800009.jpg,SWEA000800009,"Emporio Armani EA7 Giorgio NAVY
SILVER LINE"
SWEA000800010.jpg,SWEA000800010,"Emporio Armani EA7 Giorgio BLACK
GRAY LOGO"
SWEA000800011.jpg,SWEA000800011,"Emporio Armani EA7 Giorgio WHITE
GRAY LOGO"
SWEA000900001.jpg,SWEA000900001,EA7 brand White Blue امبوريو ارماني
SWEA000900002.jpg,SWEA000900002,"EA7 brand Black White Red  امبوريو
ارماني"
SWEA000900003.jpg,SWEA000900003,"EA7 brand Black White Gold  امبوريو
ارماني"
SWEA001000001.jpg,SWEA001000001,"امبوريو ارماني Baskets Nylon Off White
Black"
SWEA001000002.jpg,SWEA001000002,"امبوريو ارماني Baskets Nylon Tripple
Black"
SWEA001100001.jpg,SWEA001100001,"Emporio Armani EA7 CRUSHER
Sneakers Navy"
SWEA001100002.jpg,SWEA001100002,"Emporio Armani EA7 CRUSHER
Sneakers White Silver"
SWEA001100003.jpg,SWEA001100003,Emporio Armani EA7 CRUSHER Sneakers WHITE BLACK
SWEA001100004.jpg,SWEA001100004,Emporio Armani EA7 CRUSHER Sneakers BLACK WHITE SO
SWEA001200001.jpg,SWEA001200001,AMIRI MA-1 black white details
SWEA001200002.jpg,SWEA001200002,AMIRI MA-1 black leather and mesh
SWEA001200003.jpg,SWEA001200003,"AMIRI MA-1 White leather and mesh
with gold-tone"
SWEC000100001.jpg,SWEC000100001,ECCO Soft 7 triple white ORG
SWEC000100002.jpg,SWEC000100002,ECCO Soft 7 triple black ORG
SWER000100001.jpg,SWER000100001,سكيتشر GO WALK DISTANCE WALKER Walking Black
SWER000100002.jpg,SWER000100002,سكيتشر GO WALK DISTANCE WALKER Walking White Black
SWER000100003.jpg,SWER000100003,سكيتشر GO WALK DISTANCE WALKER Walking White
SWER000100004.jpg,SWER000100004,سكيتشر GO WALK DISTANCE WALKER Walking BLACK BLUE
SWER000100005.jpg,SWER000100005,سكيتشر GO WALK DISTANCE WALKER Walking GREY PINK
SWER000100006.jpg,SWER000100006,سكيتشر GO WALK DISTANCE WALKER Walking Black MULTI
SWER000100007.jpg,SWER000100007,سكيتشر GO WALK DISTANCE WALKER Walking Black LIGHT
SWER000200001.jpg,SWER000200001,"سكيتشر GO WALK MAX WALKER -
Augustus جراي بلو بلك"
SWER000200002.jpg,SWER000200002,"سكيتشر GO WALK MAX WALKER -
Augustus وايت بلك"
SWER000200003.jpg,SWER000200003,"سكيتشر GO WALK MAX WALKER -
Augustus وايت بلو"
SWER000200004.jpg,SWER000200004,"سكيتشر GO WALK MAX WALKER -
Augustus بلك مالتي كل"
SWER000200005.jpg,SWER000200005,"سكيتشر GO WALK MAX WALKER -
Augustus تريبل وايت"
SWFA000100001.jpg,SWFA000100001,fashinable skate grey black white design notable air cushion sole
SWFA000100002.jpg,SWFA000100002,"fashinable skate black gray scheme a
prominent air cushion sole"
SWFA000100003.jpg,SWFA000100003,"fashinable skate black grey green air
bubble sole"
SWFA000100004.jpg,SWFA000100004,"fashinable skate white gray black air
bubble white outsole"
SWFA000100005.jpg,SWFA000100005,fashinable skate triple white air bubble
SWFA000100006.jpg,SWFA000100006,"fashinable skate shock-absorbing sole
black gray"
SWFD000100001.jpg,SWFD000100001,Fendi Match BLUE WHITE JEANS
SWFD000100002.jpg,SWFD000100002,Fendi Match White Black brown
SWFD000200001.jpg,SWFD000200001,Fendi Flow Triple Black
SWFD000200002.jpg,SWFD000200002,Fendi Flow Black WHITE LINE
SWFD000200003.jpg,SWFD000200003,Fendi Flow Black LIGHT BROWN
SWFD000200004.jpg,SWFD000200004,"فيندي Fendi Flow Sneakers White
leather low-tops"
SWFD000200005.jpg,SWFD000200005,"فيندي Fendi Flow Sneakers Black
leather low-tops"
SWFD000200006.jpg,SWFD000200006,"فيندي Fendi Flow Sneakers Jacquard
Denim low-tops"
SWFD000200007.jpg,SWFD000200007,"فيندي Fendi Flow Sneakers BLACK
YELLOW leather low"
SWFD000200008.jpg,SWFD000200008,"FENDI Flow Black Monogram Dark
Brown/Bronze"
SWFD000200009.jpg,SWFD000200009,"Fendi Flow white Monogram black
grey yellow accents"
SWFD000200010.jpg,SWFD000200010,"Fendi Flow beige leather and brown
Fffabric"
SWFD000200011.jpg,SWFD000200011,Fendi Flow white blue gray details
SWFD000200012.jpg,SWFD000200012,Fendi Flow black multi-color accents
SWFD000200013.jpg,SWFD000200013,"Fendi Flow White/Off-White Black
accents"
SWFD000200014.jpg,SWFD000200014,"Fendi Flow black grey leopard print
detail"
SWFD000200015.jpg,SWFD000200015,"Fendi Flow black yellow brown FF
pattern"
SWFD000300001.jpg,SWFD000300001,Fendi Flow FD Black
SWFD000300002.jpg,SWFD000300002,Fendi Flow FD White
SWFD000300003.jpg,SWFD000300003,Fendi Flow FD White GRAY
SWFD000300004.jpg,SWFD000300004,Fendi Flow FD BLACK
SWFD000500001.jpg,SWFD000500001,"Fendi  Logo Strap Saks White BLACK
Logo"
SWFD000500002.jpg,SWFD000500002,"Fendi  Logo Strap Saks White Brown
Logo"
SWFD000600001.jpg,SWFD000600001,"FENDI Force white brown beige FF
jacquard details"
SWFD000700001.jpg,SWFD000700001,Fendi Force Derby black
SWFO000100001.jpg,SWFO000100001,بلك sneakers فيراغامو
SWFO000100002.jpg,SWFO000100002,فيراغامو sneakers  Blue Amiri LV
SWFO000100003.jpg,SWFO000100003,فيراغامو sneakers Optic white/Grey
SWFO000200001.jpg,SWFO000200001,"Ferragamo Horsebit Leather Loafer
BLACK"
SWFO000200002.jpg,SWFO000200002,Ferragamo Loafer black Buckle
SWFO000200003.jpg,SWFO000200003,"Ferragamo Loafer Gancini bit be
antique silver tone"
SWFO000200004.jpg,SWFO000200004,"Ferragamo Loafer black polished
leather penny"
SWFO000200005.jpg,SWFO000200005,Ferragamo loafer black Gancini detail
SWFO000200006.jpg,SWFO000200006,Ferragamo loafers brown gold logo
SWFO000200007.jpg,SWFO000200007,Ferragamo loafers black buckle patent leather silver-tone logo SHINY
SWFO000200008.jpg,SWFO000200008,Ferragamo loafers brown silver logo
SWFO000200009.jpg,SWFO000200009,"Ferragamo loafers black patent black
logo"
SWFO000200010.jpg,SWFO000200010,"Ferragamo loafer penny-slot leather
loafer triple black"
SWFO000200011.jpg,SWFO000200011,"Ferragamo loafers black buckle patent
leather silver-tone logo"
SWFO000300001.jpg,SWFO000300001,Ferragamo low top black white
SWGG000300001.jpg,SWGG000300001,جولدن جوس سوبر ستار جورني جرافيتي
SWGG000300005.jpg,SWGG000300005,جولدن جوس سوبر ستار ليت جليتر لزار سويد
SWGG000300011.jpg,SWGG000300011,"جولدن جوس سوبر ستار silver glitter with
ice-gray s"
SWGG000300012.jpg,SWGG000300012,"جولدن جوس سوبر ستار Emerald Green
Glitter"
SWGG000300013.jpg,SWGG000300013,"جولدن جوس سوبر ستار Rose Gold Glitter
and Leather"
SWGG000300014.jpg,SWGG000300014,وايت SILVER Glitter جولدن جوس سوبر ستار
SWGG000300015.jpg,SWGG000300015,"MULTI COLOR جولدن جوس سوبر ستار
وايت Glitter"
SWGG000300016.jpg,SWGG000300016,جولدن جوس سوبر ستار جرافيتي لوجو وايت
SWGG000300019.jpg,SWGG000300019,وايت بينك  Glitter جولدن جوس سوبر ستار سيلفر تايل
SWGG000300021.jpg,SWGG000300021,"جولدن جوس سوبر ستار Silver Glitter With
Black Sued"
SWGG000300023.jpg,SWGG000300023,white STAR navy جولدن جوس سوبر ستار
SWGG000300024.jpg,SWGG000300024,"جولدن جوس سوبر ستار  white red grey calf
leather"
SWGG000300026.jpg,SWGG000300026,brown camo print جولدن جوس سوبر ستار
SWGG000300027.jpg,SWGG000300027,جولدن جوس سوبر ستار سيلفر ايس
SWGG000300028.jpg,SWGG000300028,جولدن جوس سوبر ستار ميتاليك سيلفر تايل بينك
SWGG000300031.jpg,SWGG000300031,"جولدن جوس سوبر ستار LOVE WITHOUT
LIMITS PINK"
SWGG000300032.jpg,SWGG000300032,"WHITE STAR جولدن جوس سوبر ستار
BLACK"
SWGG000300033.jpg,SWGG000300033,جولدن جوز سوبر ستار ليزر سيلفر بلك
SWGG000300034.jpg,SWGG000300034,TIGER Black star جولدن جوس سوبر ستار
SWGG000300035.jpg,SWGG000300035,Multicolour جولدن جوس سوبر ستار
SWGG000300036.jpg,SWGG000300036,Leopard  جولدن جوس سوبر ستار
SWGG000300037.jpg,SWGG000300037,Mlikyجولدن جوس سوبر ستار  تايجر
SWGG000300038.jpg,SWGG000300038,Leopard silver جولدن جوس سوبر ستار
SWGG000300042.jpg,SWGG000300042,جولدن جوس سوبر ستار White Silver Glitter
SWGG000300046.jpg,SWGG000300046,"جولدن جوس سوبر ستار
EmbroideredLeatherWhiteGlitter"
SWGG000300047.jpg,SWGG000300047,"جولدن جوس سوبر ستار Lettering
WhiteIceGrayHeelTab"
SWGG000300048.jpg,SWGG000300048,"جولدن جوس سوبر ستار White Leather
Retro Comfortabl"
SWGG000300049.jpg,SWGG000300049,"جولدن جوس سوبر ستار Silver Snake
Embossed Leather"
SWGG000300050.jpg,SWGG000300050,"جولدن جوس سوبر ستار Metallic Heel Tab in
Leather"
SWGG000300051.jpg,SWGG000300051,"جولدن جوس سوبر ستار Classic White
Purple Black Ice"
SWGG000300052.jpg,SWGG000300052,"جولدن جوس سوبر ستارLightweight
Non-slipLeatherFlat"
SWGG000300053.jpg,SWGG000300053,"جولدن جوس سوبر ستار
OldSchoolwithgoldlaminatedltr"
SWGG000300054.jpg,SWGG000300054,"جولدن جوس سوبر ستار
LeatherGlitterInserts In White"
SWGG000300055.jpg,SWGG000300055,جولدن جوس سوبر ستار Black White Glitter
SWGG000300056.jpg,SWGG000300056,"جولدن جوس سوبر ستار Silver with Leopard
Print Lace"
SWGG000300057.jpg,SWGG000300057,"جولدن جوس سوبر ستار Glittered
DistressedLeatherSTr"
SWGG000300058.jpg,SWGG000300058,"جولدن جوس سوبر ستار glitter tongue
leopard pony sk"
SWGG000300059.jpg,SWGG000300059,"جولدن جوس سوبر ستار Ice White Brown
Leo Fuchs"
SWGG000300060.jpg,SWGG000300060,"جولدن جوس سوبر ستار Black glitter suede
sneakers"
SWGG000300061.jpg,SWGG000300061,"جولدن جوس سوبر ستار White Leather
Swarovski CrystL"
SWGG000300062.jpg,SWGG000300062,"جولدن جوس سوبر ستار in leather White
with mesh"
SWGG000300063.jpg,SWGG000300063,جولدن جوس سوبر ستار with black
SWGG000300064.jpg,SWGG000300064,"perforated ice-gray heel tab  جولدن جوس
سوبر ستار"
SWGG000300065.jpg,SWGG000300065,Golden Goose Super-Star LTD in military-green suede with screen-printed star
SWGG000300066.jpg,SWGG000300066,"GOLDEN GOOSE SuperStar white
navy blue and grey"
SWGG000300067.jpg,SWGG000300067,"GOLDEN GOOSE SuperStar white
grey star black heel tab"
SWGG000300068.jpg,SWGG000300068,Golden Goose Super-Star off-white gold glitter star silver heal tab
SWGG000300069.jpg,SWGG000300069,"Golden Goose Super-Star white gold
glitter star silver black tab"
SWGG000300070.jpg,SWGG000300070,Golden Goose Super-Star leopard print metallic star pink heel tab
SWGG000300071.jpg,SWGG000300071,Golden Goose Super-Star white light blue heel tab grey suede star
SWGG000300072.jpg,SWGG000300072,"Golden Goose Super-Star white gold
glitter star blue heel tab"
SWGG000300073.jpg,SWGG000300073,"Golden Goose Super-Star white navy
blue star red heel tab"
SWGG000300074.jpg,SWGG000300074,"Golden Goose Super-Star black white
star&heel tab"
SWGG000300075.jpg,SWGG000300075,"Golden Goose Super-Star white red
star black heel tab"
SWGG000300076.jpg,SWGG000300076,"Golden Goose Super-Star white gray
star silver-tone heel tab"
SWGG000300077.jpg,SWGG000300077,"Golden Goose Super-Star white blue
suede star gray heel tab"
SWGG000300078.jpg,SWGG000300078,"Golden Goose Super-Star white blue
heel tab red stripe sole"
SWGG000300079.jpg,SWGG000300079,"Golden Goose Superstar white silver
glitter star&heel tab"
SWGG000300080.jpg,SWGG000300080,"Golden Goose Super-Star white South
Beach gray accents"
SWGG000300081.jpg,SWGG000300081,Golden Goose Superstar white silver glitter star&heel tab signature side
SWGG000300082.jpg,SWGG000300082,"Golden Goose SuperStar white gray
star&heel tab&laces"
SWGG000300083.jpg,SWGG000300083,Golden Goose SuperStar white silver glitter star black glitter heel tab
SWGG000300084.jpg,SWGG000300084,Golden Goose SuperStar lilac silver metallic star burgundy heel tab
SWGG000300085.jpg,SWGG000300085,"Golden Goose SuperStar black gold metallic star black glitter heel tab heel
tab"
SWGG000300086.jpg,SWGG000300086,"Golden Goose SuperStar off-white
gray star brown"
SWGG000300087.jpg,SWGG000300087,"Golden Goose SuperStar white red
star grey heel tab"
SWGG000300088.jpg,SWGG000300088,"Golden Goose Super-Star burgundy
glitter star silver heel tab"
SWGG000300089.jpg,SWGG000300089,"Golden Goose Super-Star Black
star&heel tab"
SWGG000300090.jpg,SWGG000300090,Golden Goose Super-Star grey suede star blue heel tab greyish finish Sole
SWGG000300091.jpg,SWGG000300091,Golden Goose Super-Star white grey star gold signature star patch
SWGG000300092.jpg,SWGG000300092,"GOLDEN GOOSE SuperStar white
grey star black heel tab"
SWGG000300093.jpg,SWGG000300093,"Golden Goose SuperStar White Silver
glitter star&heel tab"
SWGG000300095.jpg,SWGG000300095,"Golden Goose Super-Star White
Black Croc Glitter"
SWGG000300096.jpg,SWGG000300096,"Golden Goose Super-Star White gold
star&heel tab"
SWGG000300097.jpg,SWGG000300097,Golden Goose Super-Star Grey Black Python Sand Platin snake print glitter
SWGG000300098.jpg,SWGG000300098,Golden Goose Super-Star White Zebra Print star Silver heel tab
SWGG000300099.jpg,SWGG000300099,"Golden Goose Super-Star burgundy
glitter black white"
SWGG000300100.jpg,SWGG000300100,"Golden Goose Super-Star White
Silver Ice Blue"
SWGG000300101.jpg,SWGG000300101,Golden Goose Super-Star leopard metallic pink star print Purple heel tab
SWGG000300102.jpg,SWGG000300102,Golden Goose Super-Star white burgundy glitter star silver heel tab
SWGG000300103.jpg,SWGG000300103,"Golden Goose Super-Star black white
sole"
SWGG000300104.jpg,SWGG000300104,"Golden Goose Super-Star silver glitter
white star"
SWGG000300105.jpg,SWGG000300105,"Golden Goose Super-Star grey suede
star metallic heel tab"
SWGG000300106.jpg,SWGG000300106,GOLDEN GOOSE SuperStar white grey star light black heel tab
SWGG000300107.jpg,SWGG000300107,GOLDEN GOOSE SuperStar white navy blue grey blue signature
SWGG000300108.jpg,SWGG000300108,"Golden Goose Super-Star White Ice
Grey"
SWGG000300109.jpg,SWGG000300109,Golden Goose Super-Star white seliverglitter star gold metallic heel tab
SWGG000300110.jpg,SWGG000300110,Golden Goose Super-Star white glittery gold star pink glitter heel tab
SWGG000300111.jpg,SWGG000300111,"Golden Goose Super-Star white silver glitter pink star black text  text LOVE
NEVER CHANGES"
SWGG000400001.jpg,SWGG000400001,جولدن جوس Based Stardan White
SWGG000400002.jpg,SWGG000400002,"Golden Goose Stardan white\off-white
black star"
SWGG000400003.jpg,SWGG000400003,"Golden Goose Stardan white black
star white heel tab"
SWGG000400004.jpg,SWGG000400004,"Golden Goose Stardan white gray star
black heel tab"
SWGG000400005.jpg,SWGG000400005,Golden Goose Stardan black star White sole distressed effect
SWGG000500001.jpg,SWGG000500001,"GOLDEN GOOSE BallStar white ice
and black grey"
SWGG000500002.jpg,SWGG000500002,Golden Goose Ball Star dark brown silver glitter Star beige sole
SWGG000500003.jpg,SWGG000500003,"Golden Goose Ball Star silver glitter
white ice-gray heel tab"
SWGG000500004.jpg,SWGG000500004,"Golden Goose Ball Star black glitter
white heel tab&5 logo"
SWGG000500005.jpg,SWGG000500005,"Golden Goose Ball Star White Silver
Glitter gray Laces"
SWGG000500006.jpg,SWGG000500006,Golden Goose Ball Star Burgundy Suede Crystal Star Metallic Heel Tab
SWGG000500007.jpg,SWGG000500007,"Golden Goose Ball Star WHITE blue star black heel tab iconic logo
branding"
SWGG000500008.jpg,SWGG000500008,Golden Goose Ball-Star Low White Nappa Black Star heel tab
SWGG000600001.jpg,SWGG000600001,"Golden Goose True Star black  white
brown accents"
SWGG000600002.jpg,SWGG000600002,"Golden Goose True Star brown white
star orange laces"
SWGG000600003.jpg,SWGG000600003,"Golden Goose True Star pastel pink
silver star heel tab"
SWGG000600004.jpg,SWGG000600004,"Golden Goose True Star tobacco-colored white star platinum
heel tab"
SWGG000600005.jpg,SWGG000600005,Golden Goose True Star off-white Gold star Light Brown heel tab
SWGG000600006.jpg,SWGG000600006,Golden Goose True rose gold glitter black star metallic gold-toned heel tab
SWGG000600007.jpg,SWGG000600007,"Golden Goose True Star Silver glitter
black star Silver heel tab"
SWGG000600008.jpg,SWGG000600008,"Golden Goose True Star black red
star Tan Heel tab"
SWGG000600009.jpg,SWGG000600009,"Golden Goose True-Star Black Suede
Swarovski Crystals"
SWGI000300001.jpg,SWGI000300001,"City Sport White With Double Stripe In
Black جيفنش"
SWGI000300002.jpg,SWGI000300002,"City Sport leather sneakers White
Black جيفنشيى"
SWGI000300003.jpg,SWGI000300003,"City Sport leather sneakers Black
White Sool جيفنش"
SWGI000300004.jpg,SWGI000300004,"City Sport leather sneakers TRIPLE
BLACK جيفنشيى"
SWGI000300005.jpg,SWGI000300005,"GIVENCHY City Sport white black
logo-print elastic band"
SWGI000300006.jpg,SWGI000300006,GIVENCHY City Sport white silver-toned metallic elastic strap
SWGI000400001.jpg,SWGI000400001,جيفنشي Terra Boot Ankle Oil Olive
SWGI000400002.jpg,SWGI000400002,جيفنشي Terra Boot Ankle Chamois
SWGI000400003.jpg,SWGI000400003,جيفنشي Terra Boot Ankle Black
SWGI000400004.jpg,SWGI000400004,جيفنشي Terra Boot Ankle CHESTNUT
SWGI000400005.jpg,SWGI000400005,"GIVENCHY Terra Boot Ankle triple
black"
SWGI000500001.jpg,SWGI000500001,جيفنشيى Urban Street logo strap Black
SWGI000600001.jpg,SWGI000600001,"Givenchy Lock Ankle Boot black with
silver 4G clip"
SWGI000700001.jpg,SWGI000700001,Givenchy Padded Nylon triple black
SWGI000700002.jpg,SWGI000700002,Givenchy Padded Nylon triple white
SWGS000100001.jpg,SWGS000100001,"Guess REGGIO accent logo detail
BLACK"
SWGU000100005.jpg,SWGU000100005,جوتشي رايتون Beige Blue Pink
SWGU000100007.jpg,SWGU000100007,Cream جوتشي رايتون براون
SWGU000100008.jpg,SWGU000100008,جوتشي رايتون بيج وايت بينك
SWGU000100009.jpg,SWGU000100009,black Leather Luxury جوتشي رايتون
SWGU000100010.jpg,SWGU000100010,white Leather Luxury جوتشي رايتون
SWGU000100011.jpg,SWGU000100011,BLACK HIGH SOLE جوتشي رايتون
SWGU000100012.jpg,SWGU000100012,BROWN HIGH SOLE جوتشي رايتون
SWGU000100013.jpg,SWGU000100013,Gucci Rython GG Grey Navy
SWGU000100014.jpg,SWGU000100014,"Gucci Rhyton Brick Red  beige ebony
GG Supreme monogram"
SWGU000200001.jpg,SWGU000200001,جوتشي ACE BEE
SWGU000400005.jpg,SWGU000400005,"جوتشي Screener Black, Leather"
SWGU000400006.jpg,SWGU000400006,Gucci Screener tranier Beige/Green
SWGU000400007.jpg,SWGU000400007,Gucci Screener tranier white/Green/brown
SWGU000400008.jpg,SWGU000400008,"Gucci Screener tranier black /black
white sole"
SWGU000400009.jpg,SWGU000400009,"Gucci Screener tranier navy / white
navy sole"
SWGU000400010.jpg,SWGU000400010,Gucci Screener tranier white
SWGU000400011.jpg,SWGU000400011,Gucci Screener tranier white BURGHANDY GREEN
SWGU000400012.jpg,SWGU000400012,"Gucci Screener tranier White / Yellow /
Pink / Sil"
SWGU000400013.jpg,SWGU000400013,"Gucci Screener GG Monogram -
Beige Ebony"
SWGU000400014.jpg,SWGU000400014,"Gucci Screener Black white GG
Monogram"
SWGU000400015.jpg,SWGU000400015,"Gucci Screener brown beige White
Grey heel tab"
SWGU000600001.jpg,SWGU000600001,"جوتشي Tennis 1977 Canvas High Top
Beige GG Print"
SWGU000700001.jpg,SWGU000700001,"Trainer Sock Adidas Black White
Canvas جوتشي"
SWGU000700002.jpg,SWGU000700002,"جوتشي Trainer Sock creamy white
Leather"
SWGU000800001.jpg,SWGU000800001,جوتشي Loafer Black GG logo
SWGU000900001.jpg,SWGU000900001,"جوتشي Re Web Sneaker GG Canvas
White Beige"
SWGU000900002.jpg,SWGU000900002,Gucci Re-Web grey black GG-monogram canvas Off-White
SWGU001000001.jpg,SWGU001000001,Gucci cub3d gray white sole
SWGU001000002.jpg,SWGU001000002,Gucci cub3d black &black white sole
SWGU001100001.jpg,SWGU001100001,"GUCCI low-top Off-white suede GG
canvas"
SWGU001100002.jpg,SWGU001100002,"GUCCI low-top blue suede GG
canvas"
SWGU001200001.jpg,SWGU001200001,"Gucci GG embossed sneaker black
white"
SWGU001200002.jpg,SWGU001200002,"Gucci GG embossed sneaker beige
brown"
SWGU001200003.jpg,SWGU001200003,Gucci GG embossed sneaker navy blue beige paneled design
SWGZ000100002.jpg,SWGZ000100002,جوسيبي زانوتي WHITE GOLD Low Top
SWGZ000100005.jpg,SWGZ000100005,Giuseppe Zanotti low-top Green/Black
SWGZ000200001.jpg,SWGZ000200001,"جوسيبي زانوتي Side Zipped Sneakers
Black White"
SWGZ000300001.jpg,SWGZ000300001,جوسيبي زانوتي Talon white sneakers
SWGZ000300003.jpg,SWGZ000300003,Giuseppe Zanotti Talon sneaker black distinctive eagle-inspired claw sole.
SWGZ000400001.jpg,SWGZ000400001,"Giuseppe Zanotti High top BLACK
GLOD"
SWGZ000400002.jpg,SWGZ000400002,"Giuseppe Zanotti high-top black
Velcro straps"
SWGZ000500001.jpg,SWGZ000500001,Giuseppe Zanotti Gail Cut slip-on white gold-tone hardware
SWGZ000500002.jpg,SWGZ000500002,Giuseppe Zanotti Gail Cut slip-on black gold-tone hardware
SWGZ000600001.jpg,SWGZ000600001,Giuseppe Zanotti Talon high-top Metallic Croc-Embossed gold
SWGZ000600002.jpg,SWGZ000600002,Giuseppe Zanotti Talon high-top black golden hardware tongue&sole
SWGZ000600003.jpg,SWGZ000600003,"Giuseppe Zanotti Talon high-top black
white"
SWGZ000600004.jpg,SWGZ000600004,"Giuseppe Zanotti Talon hi-top black
white text logo"
SWHG000400001.jpg,SWHG000400001,هوجو بوس KAI Black
SWHG000600001.jpg,SWHG000600001,هوجو بوس leather Trainer بلك
SWHG000800001.jpg,SWHG000800001,هوجو بوس SNEAKERS ICELIN بلك
SWHG000900002.jpg,SWHG000900002,هوجو بوس Leather Upper Shine Black
SWHG001100001.jpg,SWHG001100001,هوجو بوس  trainer Black White
SWHG001100002.jpg,SWHG001100002,هوجو بوس trainer Navy White
SWHG001100003.jpg,SWHG001100003,هوجو بوس trainer White Black
SWHG001100004.jpg,SWHG001100004,هوجو بوس trainer Black belt RubberSole
SWHG001100005.jpg,SWHG001100005,هوجو بوس trainer Navy belt RubberSole
SWHG001100006.jpg,SWHG001100006,HUGO BOSS Trainer black white skin
SWHG001100007.jpg,SWHG001100007,هوجو بوس  trainerSneakers Blue White
SWHG001100008.jpg,SWHG001100008,"هوجو بوس  trainerSneakers TRIBLE
Black"
SWHG001100009.jpg,SWHG001100009,HUGO BOSS Trainer navy white sole
SWHG001100010.jpg,SWHG001100010,"HUGO BOSS Trainer havan white
sole"
SWHG001200001.jpg,SWHG001200001,"هوجو بوس Ttnm Evo Runn sneakers
White"
SWHG001200002.jpg,SWHG001200002,"هوجو بوس Ttnm Evo Runn sneakers
Black"
SWHG001400001.jpg,SWHG001400001,"هوجو بوس  Leon_Runn Sneakers
TRIBLE Black"
SWHG001400002.jpg,SWHG001400002,"هوجو بوس  Leon_Runn Sneakers Light
Grey black"
SWHG001400003.jpg,SWHG001400003,"HUGO BOSS Leon_Runn Sneakers
BLACK"
SWHG001400004.jpg,SWHG001400004,"HUGO BOSS Leon_Runn Sneakers
triple white"
SwHG001500001.jpg,SwHG001500001,"هوجو بوس  Chunky Sneakers TRIBLE
Black"
SWHG001600001.jpg,SWHG001600001,هوجو بوس jonah runn KNS White Beige
SWHG001600002.jpg,SWHG001600002,"هوجو بوس  jonah runn KNS Black
Currant"
SWHG001700001.jpg,SWHG001700001,هوجو بوس Jace  Multicolor
SWHG001800001.jpg,SWHG001800001,"HUGO BOSS logo-plaque leather
triple black"
SWHG001800002.jpg,SWHG001800002,"HUGO BOSS logo-plaque leather
white"
SWHG001800003.jpg,SWHG001800003,"HUGO BOSS logo-plaque leather
browen white sole"
SWHM000200001.jpg,SWHM000200001,هيرميس Bouncing بلك
SWHM000200002.jpg,SWHM000200002,وايت Bouncing هيرميس
SWHM000200003.jpg,SWHM000200003,"Hermes Bouncing white ribbed detail
serrated outsole"
SWHM000200004.jpg,SWHM000200004,"Hermes Bouncing black ribbed detail
serrated outsole"
SWHM000200005.jpg,SWHM000200005,"Hermes Hermes Bouncing white black
outsole"
SWHM000200006.jpg,SWHM000200006,"Hermes Hermes Bouncing black white
black outsole"
SWHM000200007.jpg,SWHM000200007,"Hermes Bouncing black calfskin
leather white laces"
SWHM000200008.jpg,SWHM000200008,"Hermes Bouncing black mesh suede
skin"
SWHM000200009.jpg,SWHM000200009,"Hermes Bouncing white with orange
""H"" logo"
SWHM000200010.jpg,SWHM000200010,"Hermes Bouncing black and white
black logo"
SWHM000200011.jpg,SWHM000200011,Hermes Bouncing black white sole&lines black logo
SWHM000200012.jpg,SWHM000200012,Hermes Bouncing navy blue white
SWHM000200013.jpg,SWHM000200013,"Hermès Bouncing blue orange trim
white sole"
SWHM000200014.jpg,SWHM000200014,"Hermès Bouncing black white Black H
logo white accents sole"
SWHM000200015.jpg,SWHM000200015,Hermès Bouncing black white H logo
SWHM000200016.jpg,SWHM000200016,"Hermès Bouncing brown dark brown
H logo white sole"
SWHM000200017.jpg,SWHM000200017,"Hermès Bouncing brown dark brown
H logo white midsole"
SWHM000200018.jpg,SWHM000200018,Hermès Bouncing triple black technical mesh&suede Ribbed sole
SWHM000200019.jpg,SWHM000200019,Hermès Bouncing white technical mesh&suede Ribbed sole orange logo
SWHM000200020.jpg,SWHM000200020,"Hermès Bouncing Vert Toundra Khaki
sole"
SWHM000200021.jpg,SWHM000200021,"Hermès Bouncing navy blue orange
""H"" logo white"
SWHM000200022.jpg,SWHM000200022,"Hermès Bouncing Charcoal navy
black white"
SWHM000200023.jpg,SWHM000200023,Hermès Bouncing Blue/White Denim white assents orange logo
SWHM000200024.jpg,SWHM000200024,"Hermès Bouncing Light cloud-grey
white"
SWHM000200025.jpg,SWHM000200025,"Hermès Bouncing navy blue white
navy H pattern logo"
SWHM000200026.jpg,SWHM000200026,Hermes Bouncing Sneaker Light Beige White Black logo
SWHM000200027.jpg,SWHM000200027,"Hermes Bouncing Denim blue orange
logo"
SWHM000300001.jpg,SWHM000300001,هيرميس Ankle Boots Black Logo
SWHM000300002.jpg,SWHM000300002,هيرميس Ankle Boots Black Chamois
SWHM000300003.jpg,SWHM000300003,هيرميس Ankle Boots Brawon Logo
SWHM000400001.jpg,SWHM000400001,هيرميس Tenis Just multicolore noir
SWHM000400002.jpg,SWHM000400002,هيرميس Tenis Just brun fume
SWHM000400003.jpg,SWHM000400003,هيرميس Tenis Just Grey
SWHM000400004.jpg,SWHM000400004,هيرميس Tenis Just BLACK WHITE
SWHM000400005.jpg,SWHM000400005,Hermes Tenis Just Black Orange
SwHM000500001.jpg,SwHM000500001,"HERMES KETUNI Selective Black
White"
SWHM000600001.jpg,SWHM000600001,HERMES Jumpy sneaker  OLIV GREEN WHITE SOLE
SWHM000600002.jpg,SWHM000600002,"Hermes Jumpy sneaker black white
MONGRAM"
SWHM000600003.jpg,SWHM000600003,"Hermes Jumpy sneaker black white
SOLE"
SWHM000600004.jpg,SWHM000600004,Hermes Jumpy sneaker white
SWHM000700001.jpg,SWHM000700001,"HERMES Kuma Low-Top Multicolor
BLACK GRAY WHITE"
SWHM000800001.jpg,SWHM000800001,Hermes Loop Sneaker triple black
SWHM000800002.jpg,SWHM000800002,"Hermes Loop Sneaker white black
accents"
SWHM000800003.jpg,SWHM000800003,"Hermes Loop Sneaker black white
calfskin and suede"
SWHM000900001.jpg,SWHM000900001,"Hermes Kid sneaker black white laces
browm outsole"
SWHM000900002.jpg,SWHM000900002,"Hermes Kid sneaker white laces black
outsole"
SWHM001000001.jpg,SWHM001000001,"Hermes Day sneaker black knit white
sole black H buckle"
SWHM001000002.jpg,SWHM001000002,"Hermes Day sneaker white black
strap black H buckle"
SWHM001000003.jpg,SWHM001000003,Hermes Day sneaker brown white signature double buckle design detail
SWHM001100001.jpg,SWHM001100001,Hermès loafers black silver H buckle
SWHM001100002.jpg,SWHM001100002,Hermès loafers black black H buckle
SWHM001100003.jpg,SWHM001100003,"Hermès loafers black silver H buckle
shiny"
SWHM001200002.jpg,SWHM001200002,"Hermes Giga Sneaker black Orange
sole"
SWHM001200003.jpg,SWHM001200003,"Hermes Giga Sneaker black white
Orange sole"
SWHM001400001.jpg,SWHM001400001,"Hermes Katana white knit black
Accents&out sole"
SWHM001400002.jpg,SWHM001400002,Hermes Katana black knit white
SWHM001500001.jpg,SWHM001500001,Hermes Espana white beige light grey
SWHM001600001.jpg,SWHM001600001,"Hermès suede loafers dark brown
white rubber sole"
SWHM001600002.jpg,SWHM001600002,"Hermès suede loafers dark blue white
rubber sole"
SWHO000100002.jpg,SWHO000100002,Hoka One One Clifton 9 Peach Whip
SWHO000300002.jpg,SWHO000300002,Hoka Clifton 8 Lilac Marble Elderberry
SWHO000400001.jpg,SWHO000400001,"هوكا ONE ONE STINSON ATR 6
Nimbus Cloud"
SWHO000400002.jpg,SWHO000400002,"هوكا ONE ONE STINSON ATR 6 Black
White"
SWHO000400003.jpg,SWHO000400003,"هوكا ONE ONE STINSON ATR 6
CastlerockCantaloupe"
SWHO000400004.jpg,SWHO000400004,"هوكا ONE ONE STINSON ATR 6 Blue
Purple Comfort"
SWHO000500001.jpg,SWHO000500001,"هوكا Anacapa 2 Low GTX brown dark
green"
SWHO000600001.jpg,SWHO000600001,"Anacapa Breeze Low Baked Clay
Shortbread هوكا"
SWHO000700001.jpg,SWHO000700001,"هوكا Kaha Low GTX  Charcoal Grey
Green Sheen"
SWHO000700002.jpg,SWHO000700002,"Kaha Low GTX Black Charcoal Grey
هوكا"
SWHO000700003.jpg,SWHO000700003,Kaha Low GTX Bodega هوكا
SWHO000700004.jpg,SWHO000700004,Kaha Low GTX Fennel Eggnog هوكا
SWHO000800001.jpg,SWHO000800001,"SKYLINE FLOAT X Shifting Sands
Eggnog هوكا"
SWHO000800002.jpg,SWHO000800002,"SKYLINE FLOAT X TRIPLE WHITE
هوكا"
SWHO000800003.jpg,SWHO000800003,SKYLINE FLOAT X Hiking Black هوكا
SWHO000900001.jpg,SWHO000900001,"CIELO X1 Orange Cerise/Solar Flare
هوكا"
SWHO000900002.jpg,SWHO000900002,"CIELO X1 ROAD RACING BLACK
GREY هوكا"
SWHO001000001.jpg,SWHO001000001,هوكا Tor Summit Hidden Characters
SWHO001000002.jpg,SWHO001000002,"Tor Summit OAT MILK OXFORD TAN
هوكا"
SWHO001000003.jpg,SWHO001000003,هوكا Tor Summit Seed Green Eggnog
SWHO001000004.jpg,SWHO001000004,Tor Summit Outer Orbit Black هوكا
SWHO001000005.jpg,SWHO001000005,هوكا Tor Summit 2 Black
SWHO001100001.jpg,SWHO001100001,"هوكا One One Mafate Speed 2 Moncler
White"
SWHO001200001.jpg,SWHO001200001,"هوكا One One Transport Avacado
Harbor Mist"
SWHO001200002.jpg,SWHO001200002,هوكا One One Transport Black White
SWHO001200003.jpg,SWHO001200003,هوكا One One Transport Dune Eggnog
SWHO001200004.jpg,SWHO001200004,هوكا One One Transport White Gum
SWHO001200005.jpg,SWHO001200005,هوكا One One Transport Black Black
SWHO001200006.jpg,SWHO001200006,"Hoka One One Transport Cosmic
Pearl/Oat Milk/Pink"
SWHO001200007.jpg,SWHO001200007,"Hoka One One Transport Smoky
Quartz / Oat Milk"
SWHO001300001.jpg,SWHO001300001,هوكا One One Restore TC Black
SWHO001300002.jpg,SWHO001300002,"هوكا One One Restore TC dark gray
Oxford Tan"
SWHO001300003.jpg,SWHO001300003,هوكا One One Restore TC gray Tan
SWHO001400001.jpg,SWHO001400001,هوكا one one Cielo X1 2.0  black white
SWHO001400002.jpg,SWHO001400002,"هوكا one one Cielo X1 2.0 TRIBLE
black"
SWHO001400003.jpg,SWHO001400003,هوكا one one Cielo X1 2.0  Frost Black
SWHO001500001.jpg,SWHO001500001,هوكا Stinson 7 Black/Outer Orbit
SWHO001500002.jpg,SWHO001500002,هوكا Stinson 7  Forest  DARK GRAY
SWHO001500003.jpg,SWHO001500003,"هوكا Stinson 7  Olive Haze Forest
Cover"
SWHO001500004.jpg,SWHO001500004,"هوكا Stinson 7  grey skies / pale
tangerine"
SWKL000100001.jpg,SWKL000100001,"Karl Lagerfeld Kapri Nft Lo White heel
Black"
SWKL000100002.jpg,SWKL000100002,"Karl Lagerfeld Kapri Nft Lo White
Black"
SWKL000100003.jpg,SWKL000100003,"Karl Lagerfeld Kapri Nft Lo trible
BlackNoir"
SWKL000100004.jpg,SWKL000100004,"Karl Lagerfeld Kapri Nft  Black leather
logo white"
SWKL000200001.jpg,SWKL000200001,"Karl Lagerfeld Kapri Maison Karl Lace
white silver-tone accents"
SWKL000300001.jpg,SWKL000300001,"Karl Lagerfeld Kapri Signia black
glitter heel white sole"
SWKL000300002.jpg,SWKL000300002,"Karl Lagerfeld Kapri Signia white silver
accents"
SWLC000300001.jpg,SWLC000300001,Lacoste Partner 70s White beige
SWLC000300002.jpg,SWLC000300002,Lacoste Partner 70s off white
SWLC000300003.jpg,SWLC000300003,Lacoste Partner 70s  Black
SWLC000400001.jpg,SWLC000400001,Lacoste Elite active blackwhite gris
SWLC000400002.jpg,SWLC000400002,Lacoste Elite active Off Wht Nvy
SWLC000400003.jpg,SWLC000400003,Lacoste Elite active Vert KHAKI
SWLC000400004.jpg,SWLC000400004,Lacoste Elite active blck Wht Nvy
SWLC000400005.jpg,SWLC000400005,Lacoste Elite active White Green
SWLC000500001.jpg,SWLC000500001,Lacoste Powercourt White Leather
SWLC000500002.jpg,SWLC000500002,Lacoste/Tommy MIX colors
SWLC000600001.jpg,SWLC000600001,Lacoste L003 Neo Shot Off White
SWLC000600002.jpg,SWLC000600002,"Lacoste L003 Neo Shot black gum
outsole"
SWLC000600003.jpg,SWLC000600003,Lacoste L003 Neo Shot white
SWLC000600004.jpg,SWLC000600004,"Lacoste L003 Neo Shot SMA Light
Grey"
SWLC000700001.jpg,SWLC000700001,"Lacoste Club-Low brown red white
midsole"
SWLC000700002.jpg,SWLC000700002,Lacoste Club-Low White / Dark Green
SWLC000700003.jpg,SWLC000700003,Lacoste Club-Low TRIPLE BLACK
SWLN000100001.jpg,SWLN000100001,وايت بيج بلك Curb Sneaker لنفين
SWLN000100002.jpg,SWLN000100002,لنفين Curb Sneaker Orange
SWLN000100005.jpg,SWLN000100005,لنفين Curb Sneaker Gray
SWLN000100006.jpg,SWLN000100006,لنفين Curb Sneaker Pink
SWLN000100008.jpg,SWLN000100008,Lanvin وايت بلك جراى
SWLN000100015.jpg,SWLN000100015,Lanvin Curb Sneaker Blue JEANS
SWLN000100016.jpg,SWLN000100016,Lanvin Curb Sneaker beige Black
SWLN000100017.jpg,SWLN000100017,White BlueGrey Curb Sneaker لنفين
SWLN000100018.jpg,SWLN000100018,"Black with Thick Sole Curb Sneaker
لنفين"
SWLN000100019.jpg,SWLN000100019,White Black Gum Curb Sneakerr لنفين
SWLN000100020.jpg,SWLN000100020,White Ivory  Curb Sneakerr لنفين
SWLN000100021.jpg,SWLN000100021,"White Leather Grey Curb Sneakerr
لنفين"
SWLN000100022.jpg,SWLN000100022,"LitGreyBlueBlackRd Curb Sneakerr
لنفين"
SWLN000100023.jpg,SWLN000100023,Red White Curb Sneakerr لنفين
SWLN000100024.jpg,SWLN000100024,White Light Blue Curb Sneakerr لنفين
SWLN000100025.jpg,SWLN000100025,"Burgundy BlueWhite Curb Sneakerr
لنفين"
SWLN000100026.jpg,SWLN000100026,"greyaquablue calfsd Curb Sneakerr
لنفين"
SWLN000100027.jpg,SWLN000100027,Triple Black Curb Sneakerr لنفين
SWLN000100028.jpg,SWLN000100028,Vintage White Curb Sneaker لنفين
SWLN000100029.jpg,SWLN000100029,"Snake Laces, Shark Grey Curb
Sneaker لنفين"
SWLN000100030.jpg,SWLN000100030,"Speckled Effect DARK Lit Grey Curb
Sneaker لنفين"
SWLN000100031.jpg,SWLN000100031,"لنفين Snake Laces White Grey Curb
Sneaker"
SWLN000100032.jpg,SWLN000100032,"Gray Black WHITE/ANTH Curb
Sneaker لنفين"
SWLN000100033.jpg,SWLN000100033,Black Purple. Curb Sneaker لنفين
SWLN000100034.jpg,SWLN000100034,White Gre. Curb Sneaker لنفين
SWLN000100035.jpg,SWLN000100035,Cream bieg Curb Sneakerr لنفين
SWLP000100001.jpg,SWLP000100001,"LORO PIANA Charms Walk
SANDSTONE"
SWLP000100002.jpg,SWLP000100002,LORO PIANA Charms Walk Brown
SWLP000100003.jpg,SWLP000100003,LORO PIANA Charms Walk Light Blue
SWLP000100004.jpg,SWLP000100004,"LORO PIANA Charms Walk  navy
white"
SWLP000100005.jpg,SWLP000100005,LORO PIANA Charms Walk black
SWLP000100006.jpg,SWLP000100006,Loro piana Charms Walk LIGHT gray
SWLP000100007.jpg,SWLP000100007,"Loro piana Charms Walk Baobab
Green"
SWLP000100008.jpg,SWLP000100008,Loro piana Charms Walk Caramel
SWLP000100009.jpg,SWLP000100009,Loro piana Charms Walk sky blue
SWLP000100010.jpg,SWLP000100010,Loro piana Charms Walk Pink Sand
SWLP000100011.jpg,SWLP000100011,"LORO PIANA Charms Walk Green
Lagoon Ghw"
SWLP000100012.jpg,SWLP000100012,LORO PIANA Charms Walk dark gray
SWLP000100013.jpg,SWLP000100013,LORO PIANA Charms Walk yellow
SWLP000100014.jpg,SWLP000100014,"Loro piana Charms Walk Beige
Suede"
SWLP000100015.jpg,SWLP000100015,Loro Piana Charms Walk burgundy
SWLP000200001.jpg,SWLP000200001,"LORO PIANA Summer Walk
Chocolate"
SWLP000200002.jpg,SWLP000200002,"LORO PIANA Summer Walk
ShamrocK"
SWLP000200003.jpg,SWLP000200003,LORO PIANA Summer Walk White
SWLP000200004.jpg,SWLP000200004,"LORO PIANA Summer Walk dark
gray"
SWLP000200005.jpg,SWLP000200005,"LORO PIANA Summer Walk Murano
Green"
SWLP000200006.jpg,SWLP000200006,LORO PIANA Summer Walk Mimetico
SWLP000200007.jpg,SWLP000200007,"LORO PIANA Summer Walk Light
gray Smoke"
SWLP000200008.jpg,SWLP000200008,"LORO PIANA Summer Walk dark
green"
SWLP000200009.jpg,SWLP000200009,"LORO PIANA Summer Seaside Walk
Espdrlk beige"
SWLP000200010.jpg,SWLP000200010,"LORO PIANA Summer Seaside Walk
Espdrlk Dark Purple"
SWLP000200011.jpg,SWLP000200011,"LORO PIANA Summer Walk black
white"
SWLP000200012.jpg,SWLP000200012,"LORO PIANA Summer Walk navy
blue white"
SWLP000200013.jpg,SWLP000200013,"LORO PIANA Summer Walk beige
white"
SWLP000200014.jpg,SWLP000200014,"Loro Piana Summer Walk Woven
black white"
SWLP000200015.jpg,SWLP000200015,"Loro Piana Summer Walk Woven
brown white"
SWLP000200016.jpg,SWLP000200016,"Loro Piana Summer Walk Woven
navy blue white"
SWLP000200017.jpg,SWLP000200017,"Loro Piana Summer Walk Woven
Beige white"
SWLP000500001.jpg,SWLP000500001,LORO PIANA trainer white
SWLP000500002.jpg,SWLP000500002,LORO PIANA trainer gray
SWLP000500003.jpg,SWLP000500003,LORO PIANA trainer black
SWLP000600001.jpg,SWLP000600001,"Loro Piana Tennis Walk Navy Blue
Gum Sole"
SWLP000600002.jpg,SWLP000600002,"Loro Piana Tennis Walk Off-White
Gum Sole brown heel"
SWLP000600003.jpg,SWLP000600003,"Loro Piana Tennis Walk beige suede
White heel"
SWLP000600004.jpg,SWLP000600004,Loro Piana Tennis Walk Sneaker Suede Calf Split Tundra Green
SWLP000600005.jpg,SWLP000600005,"Loro Piana Tennis Walk black brown
sole heel tab"
SWLP000600006.jpg,SWLP000600006,"Loro Piana Tennis Walk gray white
gum sole"
SWLP000600007.jpg,SWLP000600007,"LORO PIANA Charms Walk Brown
silver-tone buckle strap"
SWLP000700001.jpg,SWLP000700001,"Loro Piana 410 LP Walkblack white
beigo"
SWLP000700002.jpg,SWLP000700002,"Loro Piana 410 LP Walk brown beige
white"
SWLP000700003.jpg,SWLP000700003,"Loro Piana 410 LP Walk navy blue
white beigo"
SWLP000700004.jpg,SWLP000700004,"Loro Piana 410 LP Walk beige white
ivory"
SWLP000800001.jpg,SWLP000800001,"Loro Piana modular walk Navy Blue
White Brown Outsole"
SWLP000800002.jpg,SWLP000800002,"Loro Piana modular walk solid Grey
white"
SWLP000800003.jpg,SWLP000800003,Loro Piana modular walk black white
SWLP000800004.jpg,SWLP000800004,"Loro Piana modular walk dark brown
white"
SWLP000800005.jpg,SWLP000800005,"Loro Piana modular walk Black gray
gum sole"
SWLP000800006.jpg,SWLP000800006,"Loro Piana modular walk Dark Grey
white sole gum sole"
SWLP000800007.jpg,SWLP000800007,"Loro Piana modular walk white navy
blue"
SWLP000800008.jpg,SWLP000800008,"Loro Piana modular walk dark navy
blue white"
SWLP000800009.jpg,SWLP000800009,"Loro Piana modular walk black orange-toned accent line along heel
area"
SWLQ000100001.jpg,SWLQ000100001,نيفي وايت ريد LCS لكوك سبورتيف
SWLQ000100002.jpg,SWLQ000100002,بلك وايت LCS لكوك سبورتيف
SWLQ000100003.jpg,SWLQ000100003,نيفي بلو دارك ريد LCS لكوك سبورتيف
SWLQ000100004.jpg,SWLQ000100004,ليت جراي وايت بلك LCS لكوك سبورتيف
SWLQ000100005.jpg,SWLQ000100005,"Le Coq Sportif LCS white gray red and
blue"
SWLQ000100006.jpg,SWLQ000100006,"Le Coq Sportif LCS white and gray
with green accents"
SWLQ000100007.jpg,SWLQ000100007,"Le Coq Sportif LCS white black and
red"
SWLQ000100008.jpg,SWLQ000100008,"Le Coq Sportif LCS black with white
and grey accents"
SWLR000100001.jpg,SWLR000100001,lore rana trainer white
SWLR000100002.jpg,SWLR000100002,lore rana trainer GRAY
SWLR000100003.jpg,SWLR000100003,lore rana trainer BLACK
SWLV000100002.jpg,SWLV000100002,لويس فيتون ارتيشليت سنيكر وايت براون
SWLV000100003.jpg,SWLV000100003,لويس فيتون ارتيشليت بلك براون
SWLV000200007.jpg,SWLV000200007,لويس فيتون تايم اوت سنيكرز وايت براون
SWLV000400006.jpg,SWLV000400006,"Louis Vuitton LV Runner black mesh
and smooth calf leather"
SWLV000400007.jpg,SWLV000400007,Louis Vuitton LV Runner Tatic white blue black grey modest level
SWLV000400008.jpg,SWLV000400008,"Louis Vuitton LV Runner Tatic Triple
Black modest level"
SWLV000400009.jpg,SWLV000400009,"Louis Vuitton LV Runner Tatic Grey
white modest level"
SWLV000400010.jpg,SWLV000400010,"Louis Vuitton LV Runner Tatic black
white modest level"
SWLV000400011.jpg,SWLV000400011,"Louis Vuitton LV Runner brown dark
grey white"
SWLV000500002.jpg,SWLV000500002,Louis Vuitton LV Sneaker Marine
SWLV000500003.jpg,SWLV000500003,"""Louis Vuitton LV Sneaker Denim Noir
"""
SWLV000500004.jpg,SWLV000500004,"Louis Vuitton LV Sneaker Black glow
gre"
SWLV000700001.jpg,SWLV000700001,"لويس فيتون Archlight 2.0 Platform  براون
وايت"
SWLV000700002.jpg,SWLV000700002,"لويس فيتون Archlight 2.0 Platform  بلك
براون"
SWLV000700003.jpg,SWLV000700003,لويس فيتون Archlight 2.0 Platform وايت بلك
SWLV000700004.jpg,SWLV000700004,"لويس فيتون archlight 2.0 platform  وايت
سيلفر"
SWLV000700005.jpg,SWLV000700005,"لويس فيتون archlight 2.0 platform  وايت
سيلفرIce"
SWLV000700006.jpg,SWLV000700006,لويس فيتون archlight 2.0 platform بلك
SWLV000700007.jpg,SWLV000700007,"Louis Vuitton Archlight 2.0 Platform
silver white orange"
SWLV000700008.jpg,SWLV000700008,Louis Vuitton Archlight 2.0 Platform silver black white orange
SWLV000900001.jpg,SWLV000900001,"لويس فيتون LV Trainer White Black
Panda"
SWLV000900005.jpg,SWLV000900005,تريبل وايت LV Trainer لويس فيتون
SWLV000900006.jpg,SWLV000900006,SWLV000900006
SWLV000900007.jpg,SWLV000900007,لويس فيتون LV Trainer BLACK WHITE
SWLV000900008.jpg,SWLV000900008,"لويس فيتون LV Trainer Blue Embossed
Monogram"
SWLV000900009.jpg,SWLV000900009,"لويس فيتون LV Trainer Monogram Plain
Leather"
SWLV000900022.jpg,SWLV000900022,بلك جراي LV Trainer لويس فيتون
SWLV000900023.jpg,SWLV000900023,"لويس فيتون LV Trainer Damier
2024 Leather"
SWLV000900024.jpg,SWLV000900024,"لويس فيتون LV Trainer 54 Signature
White Gray"
SWLV000900025.jpg,SWLV000900025,وايت بلك جراي LV Trainer لويس فيتون
SWLV000900026.jpg,SWLV000900026,لويس فيتون LV Trainer Mocha
SWLV000900027.jpg,SWLV000900027,"لويس فيتون LV Trainer White Black
Panda Modest lev"
SWLV000900028.jpg,SWLV000900028,"لويس فيتون LV Trainer Modest level  وايت
بلو"
SWLV000900029.jpg,SWLV000900029,"لويس فيتون LV Trainer White Green
Modest level"
SWLV000900030.jpg,SWLV000900030,"لويس فيتون LV Trainer REAL ALIGATOR
SKIN"
SWLV000900031.jpg,SWLV000900031,بلك بربل وايت LV Trainer لويس فيتون
SWLV000900032.jpg,SWLV000900032,لويس فيتون LV Trainer Blue
SWLV000900033.jpg,SWLV000900033,"لويس فيتون LV Trainer CREAM BLACK
AND WHITE"
SWLV000900034.jpg,SWLV000900034,"لويس فيتون LV Trainer Monogram Flower
Beige"
SWLV000900035.jpg,SWLV000900035,"لويس فيتون LV Trainer Black Modest
level"
SWLV000900036.jpg,SWLV000900036,"لويس فيتون LV Trainer تريبل وايت Modest
level"
SWLV000900037.jpg,SWLV000900037,لويس فيتون LV Trainer White Mocha
SWLV000900038.jpg,SWLV000900038,لويس فيتون LV Trainer University Blue
SWLV000900039.jpg,SWLV000900039,"لويس فيتون LV Trainer Sneaker Black
White Sole"
SWLV000900040.jpg,SWLV000900040,لويس فيتون LV Trainer Marron Brown
SWLV000900041.jpg,SWLV000900041,"لويس فيتون LV Trainer Black Damier 3D
Denim"
SWLV000900042.jpg,SWLV000900042,"لويس فيتون LV Trainer Green Damier 3D
Denim"
SWLV000900043.jpg,SWLV000900043,"لويس فيتون LV Trainer Light Blue Damier
3D Denim"
SWLV000900044.jpg,SWLV000900044,"لويس فيتون LV Trainer Patent Leather
Triple Black"
SWLV000900045.jpg,SWLV000900045,"لويس فيتون LV Trainer Blue Damier 3D
Denim"
SWLV000900046.jpg,SWLV000900046,لويس فيتون LV Trainer Black Signature
SWLV000900047.jpg,SWLV000900047,"White and Grey Crocodile-Embossed
Leather لويس فيت"
SWLV000900048.jpg,SWLV000900048,Gris لويس فيتون LV Trainer
SWLV000900049.jpg,SWLV000900049,"White Orange Black لويس فيتون LV
Trainer"
SWLV000900050.jpg,SWLV000900050,Black Monogram لويس فيتون LV Trainer
SWLV000900051.jpg,SWLV000900051,"Louis Vuitton LV Trainer Beige
Damoflage Pixell"
SWLV000900052.jpg,SWLV000900052,"Louis Vuitton LV Trainer Black White
Mgrm"
SWLV000900053.jpg,SWLV000900053,"لويس فيتون LV Trainer Green Monogram
Denim White"
SWLV000900054.jpg,SWLV000900054,"لويس فيتون LV Trainer Pink MODEST
LEVEL"
SWLV000900055.jpg,SWLV000900055,"Louis Vuitton LV Trainer Black /
BROWEN"
SWLV000900056.jpg,SWLV000900056,Louis Vuitton LV Trainer Cognac
SWLV000900057.jpg,SWLV000900057,"Louis Vuitton LV Trainer White
BROWN RED LOGO"
SWLV000900058.jpg,SWLV000900058,"Louis Vuitton LV Trainer Green /
Green"
SWLV000900059.jpg,SWLV000900059,Louis Vuitton LV Trainer Taupe
SWLV000900060.jpg,SWLV000900060,"Louis Vuitton LV Trainer WHITE
GREEN 2025"
SWLV000900061.jpg,SWLV000900061,"Louis Vuitton LV Trainer Denim
Noir2025"
SWLV000900062.jpg,SWLV000900062,"Louis Vuitton LV Trainer WHITE BLUE
2025"
SWLV000900063.jpg,SWLV000900063,"Louis Vuitton LV Trainer CHERRY
Blossom White"
SWLV000900064.jpg,SWLV000900064,لويس فيتون LV Trainer Monogram BLACK Flower GRAY
SWLV000900065.jpg,SWLV000900065,"Louis Vuitton LV TrainerBlue Beige
Damier"
SWLV000900066.jpg,SWLV000900066,"Louis Vuitton LV Trainer golf sneaker
white green"
SWLV000900067.jpg,SWLV000900067,"Louis Vuitton LV Trainer sneaker
monochrome black"
SWLV000900068.jpg,SWLV000900068,"Louis Vuitton LV Trainer white blue
and gold details"
SWLV000900069.jpg,SWLV000900069,"LV Trainer MODEST LEVEl red and
white"
SWLV000900070.jpg,SWLV000900070,Louis Vuitton LV Trainer white Monogram mesh calf leather
SWLV000900071.jpg,SWLV000900071,Louis Vuitton LV Trainer white and grey grained beige accents
SWLV000900072.jpg,SWLV000900072,"Louis Vuitton LV Trainer Off-white light
beige"
SWLV000900073.jpg,SWLV000900073,Louis Vuitton LV Trainer white brown
SWLV000900074.jpg,SWLV000900074,"Louis Vuitton LV Trainer white Mini
Monogram pattern"
SWLV000900075.jpg,SWLV000900075,"Louis Vuitton LV Trainer white black
accents"
SWLV000900076.jpg,SWLV000900076,Louis Vuitton LV Trainer white blue light blue translucent outsole
SWLV000900077.jpg,SWLV000900077,"Louis Vuitton LV Trainer white black
Monogram"
SWLV000900078.jpg,SWLV000900078,"Louis Vuitton LV Trainer white blue
grey"
SWLV000900079.jpg,SWLV000900079,Louis Vuitton LV Trainer white green
SWLV000900080.jpg,SWLV000900080,Louis Vuitton LV Trainer rubber detail
SWLV000900081.jpg,SWLV000900081,"Louis Vuitton LV Trainer black gray
white accents"
SWLV000900082.jpg,SWLV000900082,Louis Vuitton LV Trainer sneaker monochrome black GRAY
SWLV000900083.jpg,SWLV000900083,"Louis Vuitton LV Trainer WHITE small
dog graphic"
SWLV000900084.jpg,SWLV000900084,"Louis Vuitton LV Trainer Black / Grey
LV details"
SWLV000900085.jpg,SWLV000900085,"Louis Vuitton Monogram Embellished Trainer black stud details iconic
contrast LV logos"
SWLV000900086.jpg,SWLV000900086,"Louis Vuitton LV Trainer Vintage
Cognac Brown"
SWLV000900087.jpg,SWLV000900087,"Louis Vuitton LV Trainer Black White
Mini Monogram"
SWLV001000002.jpg,SWLV001000002,لويس فيتون Beverly Hills بلك
SWLV001600001.jpg,SWLV001600001,اوف وايت بيج  Archlight لويس فيتون
SWLV001600002.jpg,SWLV001600002,بلك Archlight لويس فيتون
SWLV001600003.jpg,SWLV001600003,تريبل بلك  Archlight لويس فيتون
SWLV001600005.jpg,SWLV001600005,وايت جولد Archlight لويس فيتون
SWLV001600006.jpg,SWLV001600006,لويس فيتون Archlight monogram ligh
SWLV001600007.jpg,SWLV001600007,وايت بلك Archlight لويس فيتون
SWLV001600008.jpg,SWLV001600008,وايت بلو Archlight لويس فيتون
SWLV001600009.jpg,SWLV001600009,وايت بينك Archlight لويس فيتون
SWLV001600010.jpg,SWLV001600010,لويس فيتون Archlight White Beige
SWLV002300001.jpg,SWLV002300001,"لويس فيتون LV Skate Sneaker Marine
White"
SWLV002300002.jpg,SWLV002300002,"لويس فيتون LV Skate Sneaker Beige
White"
SWLV002300003.jpg,SWLV002300003,لويس فيتون LV Skate Sneaker Blue
SWLV002300004.jpg,SWLV002300004,لويس فيتون LV Skate Sneaker Red White
SWLV002300005.jpg,SWLV002300005,"لويس فيتون LV Skate Sneaker Grey
White"
SWLV002300006.jpg,SWLV002300006,"لويس فيتون LV Skate Sneaker Green
White"
SWLV002300007.jpg,SWLV002300007,"لويس فيتون LV Skate Sneaker Blue
Swarovski Monogra"
SWLV002300008.jpg,SWLV002300008,"لويس فيتون LV Skate Sneaker Bordeaux
Red"
SWLV002300009.jpg,SWLV002300009,"لويس فيتون LV Skate Sneaker Black
White"
SWLV002300010.jpg,SWLV002300010,لويس فيتون LV Skate Sneaker Grey
SWLV002300011.jpg,SWLV002300011,"لويس فيتون LV Skate Sneaker Denim
Blue"
SWLV002300012.jpg,SWLV002300012,"Louis Vuitton LV Skate Sneaker Triple
Black"
SWLV002300013.jpg,SWLV002300013,"LV Skate Sneaker BLUE WHITE
Modest level"
SWLV002300014.jpg,SWLV002300014,Louis Vuitton Skate white Modest level
SWLV002300015.jpg,SWLV002300015,Louis Vuitton LV Skate white gray
SWLV002300016.jpg,SWLV002300016,"لويس فيتون LV Skate Sneaker Beige
White Modest level"
SWLV002300017.jpg,SWLV002300017,"لويس فيتون LV Skate Sneaker Black
White Modest level"
SWLV002300018.jpg,SWLV002300018,"لويس فيتون LV Skate Sneaker Marine
White Modest level"
SWLV002300019.jpg,SWLV002300019,"LOUIS VUITTON  LV Skate Sneaker
BLUE WHITE"
SWLV002300020.jpg,SWLV002300020,"Louis Vuitton LV Skate black white
star"
SWLV002300022.jpg,SWLV002300022,Louis Vuitton Skate Trainer Black Swarovski Monogran Modest level
SWLV002300023.jpg,SWLV002300023,Louis Vuitton Skate white pink
SWLV002300024.jpg,SWLV002300024,LV Skate Sneaker BLUE WHITE Modest level distinctive bicolor
SWLV002300025.jpg,SWLV002300025,"Louis Vuitton LV Skate Sneaker Triple
Black Modest level strass"
SWLV002300026.jpg,SWLV002300026,لويس فيتون LV Skate Sneaker Beige White Modest level strass
SWLV002300027.jpg,SWLV002300027,STRASSلويس فيتون LV Skate Sneaker Black White Modest level
SWLV002400001.jpg,SWLV002400001,لويس فيتون Loafers LV54 Black
SWLV002400002.jpg,SWLV002400002,"Louis Vuitton  Loafers LV54 Estate
NAVY white"
SWLV002400003.jpg,SWLV002400003,"Louis Vuitton Loafers LV54 Estate
Black  Marine"
SWLV002400004.jpg,SWLV002400004,"Louis Vuitton Loafers LV54 Estate
trible Black lit"
SWLV002400005.jpg,SWLV002400005,"Louis Vuitton Loafers LV54
EstateDark Brown"
SWLV002400006.jpg,SWLV002400006,"Louis Vuitton Loafers LV54 Estate
Dark Blue"
SWLV002400007.jpg,SWLV002400007,Louis Vuitton Estate loafers brown suede metal LV white sole
SWLV002400008.jpg,SWLV002400008,"Louis Vuitton Estate loafers Gray
white"
SWLV002500001.jpg,SWLV002500001,Louis Vuitton LV Classic All  Black
SWLV002500002.jpg,SWLV002500002,"Louis Vuitton LV Classic white  gray
blue"
SWLV002500003.jpg,SWLV002500003,"Louis Vuitton LV Classic WHITE
BLACK LOGO"
SWLV002600001.jpg,SWLV002600001,Louis Vuitton Run Away Iridescent Monogram Sneakers Black
SWLV002600002.jpg,SWLV002600002,"Louis Vuitton Run Away black  mesh
and Monogram"
SWLV002600003.jpg,SWLV002600003,"Louis Vuitton Run Away Maxi black
white"
SWLV002700001.jpg,SWLV002700001,"Louis Vuitton BUTTERSOFT triple
black"
SWLV002700002.jpg,SWLV002700002,"Louis Vuitton BUTTERSOFT blue
orange accents"
SWLV002800001.jpg,SWLV002800001,"Louis Vuitton Rivoli sneaker boot Black with Colorful Monogram
Patches"
SWLV002900001.jpg,SWLV002900001,"Louis Vuitton LV Remix Derby black
tan/orange accents"
SWLV002900002.jpg,SWLV002900002,"Louis Vuitton LV Remix Derby beige
brown off-white"
SWLV002900003.jpg,SWLV002900003,Louis Vuitton LV Remix Derby brown
SWLV003000001.jpg,SWLV003000001,"Louis Vuitton LV Sneakerina black
monogram Brown"
SWLV003000002.jpg,SWLV003000002,"Louis Vuitton LV Sneakerina white
brown monogram"
SWLV003000003.jpg,SWLV003000003,"Louis Vuitton LV Sneakerina vibrant pink fuchsia white tonal pink double
laces"
SWLV003000004.jpg,SWLV003000004,Louis Vuitton LV Sneakerina silver metallic WHITE light gray accents
SWLV003000005.jpg,SWLV003000005,"Louis Vuitton LV Sneakerina Hazelnut
Brown Sand white"
SWLV003100001.jpg,SWLV003100001,Louis Vuitton Ballet Flat Natural Raffia
SWMA000100001.jpg,SWMA000100001,"Maison Margiela Replica low-top
BLACK white assents"
SWMA000100002.jpg,SWMA000100002,Maison Margiela Replica low-top BLACK white assents مقاسات خاصة
SWMA000100003.jpg,SWMA000100003,"Maison Margiela Replica low-top triple
black"
SWMA000100004.jpg,SWMA000100004,"Maison Margiela Replica low-top triple
black مقاسات خاصة"
SWMA000100005.jpg,SWMA000100005,"Maison Margiela Replica low-top black
navy blue white laces"
SWMA000100006.jpg,SWMA000100006,Maison Margiela Replica low-top black navy blue white laces مقاسات خاصة
SWMA000100007.jpg,SWMA000100007,"Maison Margiela Replica low-top white
gray gum sole"
SWMA000100008.jpg,SWMA000100008,"Maison Margiela Replica low-top white
gray gum sole مقاسات خاصة"
SWMA000100009.jpg,SWMA000100009,"Maison Margiela Replica low-top white
gray gum sole fashion"
SWMA000100010.jpg,SWMA000100010,"Maison Margiela Replica low-topa German Army Trainer (GATs) Black
Gum fashion"
SWMA000100011.jpg,SWMA000100011,Maison Margiela Replica low-top black brown Dark Khaki gum sole fashion
SWMA000200001.jpg,SWMA000200001,Maison Mihara Yasuhiro Blakey OG Sole Low BONBOM Black white
SWMA000200002.jpg,SWMA000200002,Maison Mihara Yasuhiro Peterson OG Sole Canvas Low Black white
SWMA000300001.jpg,SWMA000300001,"Maison Margiela Tabi ballerina flats
GOLD"
SWMA000300002.jpg,SWMA000300002,"Maison Margiela Tabi ballerina flats
SELIVER"
SWMC000100001.jpg,SWMC000100001,"Moncler Emilien neakers Black mesh
beige"
SWMC000100002.jpg,SWMC000100002,"Moncler Emilien Sneakers white
brown mesh"
SWMC000200001.jpg,SWMC000200001,"Moncler Neoprene Emilien LwTp
Black white"
SWMC000200002.jpg,SWMC000200002,Moncler Neoprene Emilien LwTp white
SWMC000200003.jpg,SWMC000200003,"Moncler Neoprene Emilien LwTp white
Black cwd"
SWMC000300001.jpg,SWMC000300001,"Moncler Pacey quilted sneakers black
white"
SWMC000300002.jpg,SWMC000300002,Moncler Pacey quilted sneakers white
SWMC000300003.jpg,SWMC000300003,"Moncler Pacey quilted sneakers black
leather"
SWMC000300004.jpg,SWMC000300004,"Moncler Pacey quilted sneakers blue
WHITE SOLE"
SWMC000300005.jpg,SWMC000300005,"Moncler Pacey quilted sneakers black
white sole&logo"
SWMC000300006.jpg,SWMC000300006,"Moncler Pacey quilted sneaker white
black logo"
SWMC000300007.jpg,SWMC000300007,"Moncler Pacey quilted sneaker olive
green black white logo"
SWMC000400001.jpg,SWMC000400001,"MONCLER Lunarove BLACK WHITE
SOLE"
SWMC000400002.jpg,SWMC000400002,"MONCLER Lunarove Olive green
white sole"
SWMC000400003.jpg,SWMC000400003,MONCLER Lunarove triple white
SWMC000400004.jpg,SWMC000400004,Moncler Lunarove black mesh neoprene upper white
SWMC000500001.jpg,SWMC000500001,"Moncler Lite Runner white gray
outsole black"
SWMC000600001.jpg,SWMC000600001,"Moncler Trailgrip Lite black white red
accents"
SWMC000600002.jpg,SWMC000600002,"Moncler Trailgrip Lite Olive Green
Khaki gray"
SWMC000600003.jpg,SWMC000600003,Moncler Trailgrip Lite brown beige
SWMC000600004.jpg,SWMC000600004,Moncler Trailgrip Lite navy blue white
SWMC000600005.jpg,SWMC000600005,"Moncler Trailgrip Lite Black metallic
MONCLER logo"
SWMC000700001.jpg,SWMC000700001,Moncler Slip-on black white
SWMC000700002.jpg,SWMC000700002,Moncler Slip-on triple black
SWMC000700003.jpg,SWMC000700003,Moncler Slip-on triple white
SWMC000800001.jpg,SWMC000800001,Moncler Altive black natural/beige
SWMC000800002.jpg,SWMC000800002,"Moncler Altive Tapioca natural/beige
Off White"
SWMC000900001.jpg,SWMC000900001,Moncler Trailgrip Knit black white
SWMF000100001.jpg,SWMF000100001,MSCHF 2x4 Camel
SWMF000100002.jpg,SWMF000100002,MSCHF 2x4 BRUTAL BOOT Blac
SWMI000100001.jpg,SWMI000100001,"Mizuno Wave Prophecy black white
red"
SWMI000100002.jpg,SWMI000100002,"Mizuno Wave Prophecy metallic silver
red accents"
SWMI000100003.jpg,SWMI000100003,"Mizuno Wave Prophecy white black
seliver"
SWMI000100004.jpg,SWMI000100004,"Mizuno Wave Prophecy black white
logo"
SWMK000100001.jpg,SWMK000100001,Mark Fairwhale height Black Glacier
SWMK000100002.jpg,SWMK000100002,Mark Fairwhale Plain Leather Black
SWMK000100003.jpg,SWMK000100003,MarkFairwhale Plain Leather White
SWMK000200001.jpg,SWMK000200001,Mark Warfield Fairwhale Black Focus
SWMK000200002.jpg,SWMK000200002,Mark Warfield Fairwhale beige mesh
SWMU000400001.jpg,SWMU000400001,"Miu Miu Woven Mary Jane Ballet Flat
white woven nappa"
SWMU000400002.jpg,SWMU000400002,"Miu Miu Woven Mary Jane Ballet Flat
BLACK woven nappa"
SWMU000400003.jpg,SWMU000400003,"Miu Miu Woven Mary Jane Ballet
PINK ROSE"
SWMU000400004.jpg,SWMU000400004,"Miu Miu Woven Mary Jane Ballet
white tan gum sole"
SWMU000400005.jpg,SWMU000400005,Miu Miu Woven Mary Jane Ballet Cream Light beige Strap black logo
SWMU000400006.jpg,SWMU000400006,Miu Miu Woven Mary Jane Ballet white black strap buckle
SWMU000400007.jpg,SWMU000400007,Miu Miu Woven Mary Jane Ballet brown Gold-tone Miu Miu logo
SWMU000500001.jpg,SWMU000500001,Miu Miu Plume Sneakers White Gum
SWMU000500002.jpg,SWMU000500002,Miu Miu Plume Sneakers black Gum
SWMU000500003.jpg,SWMU000500003,Miu Miu Plume Suede Sneaker Cannella Desert Beige
SWMX000100001.jpg,SWMX000100001,"maxida dior Running ptrn sBlack
WHAITE"
SWMX000100002.jpg,SWMX000100002,"maxida dior Running Black brown
ptrns"
SWMX000100003.jpg,SWMX000100003,"maxida dior Running  White  graytrns
black"
SWMX000100004.jpg,SWMX000100004,"maxida dior Running whiteblack
ptrned"
SWMX000100005.jpg,SWMX000100005,"maxida dior Running whiteblack
ptrnedgold"
SWNB000100001.jpg,SWNB000100001,نيوبالنس 574 ابيض سادة
SWNB000100011.jpg,SWNB000100011,نيوبالنس 574 كلسيك نيفي
SWNB000100013.jpg,SWNB000100013,نيوبالنس 574 ليت جراي
SWNB000100017.jpg,SWNB000100017,"574  نيو بالنس Miu Miu Denim Colonial
Beige"
SWNB000100018.jpg,SWNB000100018,574  نيو بالنس Miu Miu Denim Blue
SWNB000100019.jpg,SWNB000100019,574  نيو بالنس Miu Miu Denim White
SWNB000100020.jpg,SWNB000100020,نيوبالنس 574 بلك جراي
SWNB000100021.jpg,SWNB000100021,"New Balance 574 Legacy Cream
white tan midsole"
SWNB000100022.jpg,SWNB000100022,"New Balance 574 Legacy Ash Cream
Distressed"
SWNB000100023.jpg,SWNB000100023,New Balance 574 Legacy Shadow Grey white gray tan black outsole
SWNB000100024.jpg,SWNB000100024,"New Balance 574 Stone Pink white
grey"
SWNB000100025.jpg,SWNB000100025,New Balance 574 Legacy Natural Indigo/Angora navy blue off-white
SWNB000100026.jpg,SWNB000100026,"New Balance 574 Legacy Grey white
black outsole"
SWNB000100027.jpg,SWNB000100027,"New Balance 574 Legacy Grey white
gum outsole"
SWNB000200001.jpg,SWNB000200001,نيوبالنس 530 وايت بينك
SWNB000200003.jpg,SWNB000200003,نيوبالنس 530 وايت جرين
SWNB000200004.jpg,SWNB000200004,نيوبالنس 530 وايت سيلفر نيفي
SWNB000200005.jpg,SWNB000200005,نيوبالنس 530 وايت فوشيا
SWNB000200006.jpg,SWNB000200006,نيوبالنس 530 تريبل وايت
SWNB000200007.jpg,SWNB000200007,نيوبالنس 530 بلك وايت
SWNB000200008.jpg,SWNB000200008,نيوبالنس 530 وايت بربل
SWNB000200009.jpg,SWNB000200009,نيوبالنس 530 وايت سيلفر
SWNB000200010.jpg,SWNB000200010,نيوبالنس 530 وايت بلك
SWNB000200011.jpg,SWNB000200011,نيوبالنس 530 ايفوري
SWNB000200013.jpg,SWNB000200013,نيوبالنس 530 بيج
SWNB000200014.jpg,SWNB000200014,530 نيوبالنس white olive cream
SWNB000200017.jpg,SWNB000200017,نيو بالنس 530 سلفير جرين
SWNB000200018.jpg,SWNB000200018,نيوبالنس 530 وايت ريد
SWNB000200019.jpg,SWNB000200019,ORG نيوبالنس 530 ايفوري
SWNB000200020.jpg,SWNB000200020,530 نيوبالنس Classic Black Grey White
SWNB000200021.jpg,SWNB000200021,530 نيوبالنس Raincloud
SWNB000200022.jpg,SWNB000200022,نيوبالنس 530 وايت جراى جولد
SWNB000200023.jpg,SWNB000200023,"530 نيوبالنس White Light Chrome Blue
Clay Ash"
SWNB000200024.jpg,SWNB000200024,530 نيوبالنس Ice Wine
SWNB000200025.jpg,SWNB000200025,530 نيوبالنس Stone Pink
SWNB000200026.jpg,SWNB000200026,530 نيوبالنس White New Spruce
SWNB000200027.jpg,SWNB000200027,530 نيوبالنس beige gray
SWNB000200028.jpg,SWNB000200028,530 نيوبالنس Brown Tan
SWNB000200029.jpg,SWNB000200029,530 نيوبالنس Tri Black
SWNB000200030.jpg,SWNB000200030,530 نيوبالنس Utility Pack Grey
SWNB000200031.jpg,SWNB000200031,"530 نيوبالنس OFF WHITE/BROWN
NIKO"
SWNB000200032.jpg,SWNB000200032,530 نيوبالنس LIGHT Black
SWNB000200033.jpg,SWNB000200033,530 نيوبالنس Dark Olivine
SWNB000200034.jpg,SWNB000200034,530 نيوبالنس Sea Salt Mercury Red
SWNB000200035.jpg,SWNB000200035,530 نيوبالنس pink purple
SWNB000200036.jpg,SWNB000200036,530 نيوبالنس White Castlerock
SWNB000200037.jpg,SWNB000200037,"New Balance 530 white NAVY metallic
silver gray"
SWNB000200038.jpg,SWNB000200038,"New Balance 530 white base mint
green orange accents"
SWNB000200039.jpg,SWNB000200039,"New Balance 530 white blue accents
hook loop closure"
SWNB000200040.jpg,SWNB000200040,New Balance 530 off-white silver metallic accents hook loop closure
SWNB000200041.jpg,SWNB000200041,New Balance 530 white mint pink accents hook loop closure
SWNB000200042.jpg,SWNB000200042,"New Balance 530 black white hook
loop closure"
SWNB000200043.jpg,SWNB000200043,new balance 530 white silver pink
SWNB000200044.jpg,SWNB000200044,New Balance 530 Vintage Grey Matter
SWNB000200045.jpg,SWNB000200045,New Balance 530 gray Beige sand
SWNB000200046.jpg,SWNB000200046,New Balance 530 Silver White black
SWNB000200047.jpg,SWNB000200047,"New Balance 530 Moonbeam/Cow
Print"
SWNB000200048.jpg,SWNB000200048,New Balance 530 Cream Polka Dot
SWNB000200049.jpg,SWNB000200049,"New Balance 530 Silver Metallic Polka
Dots"
SWNB000200050.jpg,SWNB000200050,New Balance 530 Triple Black
SWNB000200051.jpg,SWNB000200051,"New Balance 530 white Beige Black
Silver accents"
SWNB000200052.jpg,SWNB000200052,New Balance 530 White Red Custom
SWNB000200053.jpg,SWNB000200053,New Balance 530 Custom Beige Red
SWNB000200054.jpg,SWNB000200054,New Balance 530 white black pink
SWNB000200055.jpg,SWNB000200055,New Balance 530 Pink White Silver
SWNB000200056.jpg,SWNB000200056,"New Balance 530  Silver STEAL
GRAY WHITE"
SWNB000200057.jpg,SWNB000200057,New Balance 530 Grey Silver Metallic
SWNB000200058.jpg,SWNB000200058,"New Balance 530 Turtledove
Mushroom"
SWNB000400001.jpg,SWNB000400001,نيوبالنس 550 وايت جرين
SWNB000400003.jpg,SWNB000400003,نيوبالنس 550 وايت بلك
SWNB000400011.jpg,SWNB000400011,"550 نيوبالنس Aime Leon Dore White
Grey"
SWNB000400012.jpg,SWNB000400012,"550 نيوبالنس UNC White University
Blue"
SWNB000400013.jpg,SWNB000400013,550 نيوبالنس Rich Paul
SWNB000400014.jpg,SWNB000400014,550 نيوبالنس Rich Paul Forever Yours
SWNB000600001.jpg,SWNB000600001,بروتكشن باك ريين كلود Rنيوبالنس 2002
SWNB000600002.jpg,SWNB000600002,Sea Salt بروتكشن باك Rنيوبالنس 2002
SWNB000600003.jpg,SWNB000600003,بروتكشن باك فانتوم Rنيوبالنس 2002
SWNB000600004.jpg,SWNB000600004,BAPE بلك Rنيوبالنس 2002
SWNB000600005.jpg,SWNB000600005,وايت بيج Rنيوبالنس 2002
SWNB000600006.jpg,SWNB000600006,بروتكشن باك ليت اركتيك جراي Rنيوبالنس 2002 بربل
SWNB000600007.jpg,SWNB000600007,BAPE جراي Rنيوبالنس 2002
SWNB000600008.jpg,SWNB000600008,بروتكشن باك بلك جراي Rنيوبالنس 2002
SWNB000600009.jpg,SWNB000600009,بروتكشن باك دريفت وود Rنيوبالنس 2002
SWNB000600010.jpg,SWNB000600010,2002 نيوبالنسR Sandstone
SWNB000600011.jpg,SWNB000600011,"2002 نيوبالنسR Gore-Tex JJJJound
Charcoal"
SWNB000600012.jpg,SWNB000600012,2002 نيوبالنسR Vintage Black Grey
SWNB000600013.jpg,SWNB000600013,2002 نيوبالنسR Gore-Tex Castlerock
SWNB000600014.jpg,SWNB000600014,2002 نيوبالنسR JJJJound Storm Blue
SWNB000600015.jpg,SWNB000600015,2002 نيوبالنسR Grey White
SWNB000600016.jpg,SWNB000600016,2002 نيوبالنسR Marblehead
SWNB000600017.jpg,SWNB000600017,2002 نيوبالنسR Steel Blue
SWNB000600018.jpg,SWNB000600018,"2002 نيوبالنسR Gore-Tex JJJJound
Pine"
SWNB000600019.jpg,SWNB000600019,New Balance 2002R Phantom Grey
SWNB000600020.jpg,SWNB000600020,"New Balance 2002R Dark Navy Blue
white gray"
SWNB000600021.jpg,SWNB000600021,New Balance 2002R Eclipse/Raincloud/Graphite
SWNB000600022.jpg,SWNB000600022,"New Balance 2002R Gore-Tex Black
Castlerock grey white"
SWNB000600023.jpg,SWNB000600023,"New Balance 2002R Cherry Blossom
Powder Grey White"
SWNB000600024.jpg,SWNB000600024,"New Balance 2002R Olive Brown
WHITE"
SWNB000600025.jpg,SWNB000600025,"New Balance 2002R gray cream
Tan/Brown"
SWNB000700001.jpg,SWNB000700001,بلك وايت سيلفر v‏2نيوبالنس 860
SWNB000800001.jpg,SWNB000800001,بروتكشن باك وايت Dنيوبالنس 1906
SWNB000900001.jpg,SWNB000900001,نيوبالنس 9060 بيبي شاور بلو
SWNB000900002.jpg,SWNB000900002,نيوبالنس 9060 ريين كلود جراي
SWNB000900004.jpg,SWNB000900004,نيوبالنس 9060 كوارتز جراي
SWNB000900005.jpg,SWNB000900005,نيوبالنس 9060 بلك كاسلروك جراي
SWNB000900006.jpg,SWNB000900006,9060 نيوبالنس Bricks & Wood
SWNB000900007.jpg,SWNB000900007,نيوبالنس 9060 بيني كوكي بينك
SWNB000900008.jpg,SWNB000900008,9060 نيوبالنس Blue Haze
SWNB000900011.jpg,SWNB000900011,نيوبالنس 9060 وايت بلك
SWNB000900012.jpg,SWNB000900012,9060 نيوبالنس Sea Salt
SWNB000900013.jpg,SWNB000900013,"9060 نيوبالنس Turtledove Black Silver
Metallic"
SWNB000900014.jpg,SWNB000900014,نيوبالنس 9060 دارك جراي
SWNB000900016.jpg,SWNB000900016,نيوبالنس 9060 ايفوري
SWNB000900017.jpg,SWNB000900017,9060 نيوبالنس DECEMBER SKY PINK
SWNB000900018.jpg,SWNB000900018,9060 نيوبالنس Rich Oak Burgundy
SWNB000900019.jpg,SWNB000900019,9060 نيوبالنس  Nightwatch Purple
SWNB000900020.jpg,SWNB000900020,9060 تيو بالنس GRANITE PINK
SWNB000900021.jpg,SWNB000900021,9060 نيوبالنس Daydream Blue
SWNB000900022.jpg,SWNB000900022,9060 نيوبالنس Triple Black
SWNB000900023.jpg,SWNB000900023,9060 نيوبالنس Black Castlerock Grey
SWNB000900024.jpg,SWNB000900024,9060 نيوبالنس Beef and Broccoli
SWNB000900025.jpg,SWNB000900025,9060 نيوبالنس Triple Year of the Snake
SWNB000900026.jpg,SWNB000900026,9060 نيوبالنس Dark Olivine
SWNB000900027.jpg,SWNB000900027,"9060 نيوبالنس Mowalola Burglarwear
Black Teal Pin"
SWNB000900028.jpg,SWNB000900028,9060 نيوبالنس White Grey
SWNB000900029.jpg,SWNB000900029,9060  نيوبالنس beige pink
SWNB000900030.jpg,SWNB000900030,9060 نيوبالنس Nori Green
SWNB000900031.jpg,SWNB000900031,9060 نيوبالنس Triple White
SWNB000900032.jpg,SWNB000900032,9060 نيوبالنس Bone Sparrow
SWNB000900033.jpg,SWNB000900033,9060 نيوبالنس Green Cream
SWNB000900034.jpg,SWNB000900034,Grey Leather Mesh 9060 نيوبالنس
SWNB000900035.jpg,SWNB000900035,9060  نيوبالنس Sea Salt Brown
SWNB000900036.jpg,SWNB000900036,9060  نيوبالنس Sydney McLaughlin
SWNB000900037.jpg,SWNB000900037,New Balance 9060 Mushroom Brown
SWNB000900038.jpg,SWNB000900038,New Balance 9060 Fuchsia Pink white
SWNB000900039.jpg,SWNB000900039,"New Balance 9060 ASOS Exclusive
Pink Overdye"
SWNB000900040.jpg,SWNB000900040,"New Balance 9060 Rose Pink white
beige gum"
SWNB000900041.jpg,SWNB000900041,New Balance 9060 black white
SWNB000900042.jpg,SWNB000900042,New Balance 9060 white brown grey
SWNB000900044.jpg,SWNB000900044,New Balance 9060 white light blue
SWNB000900046.jpg,SWNB000900046,"New Balance 9060 Black Castlerock
Grey white"
SWNB000900047.jpg,SWNB000900047,New Balance 9060 Cream Leopard
SWNB000900048.jpg,SWNB000900048,New Balance 9060 Grey/Jet Black
SWNB000900049.jpg,SWNB000900049,New Balance 9060 black dark gray
SWNB000900050.jpg,SWNB000900050,New Balance 9060 Sea Salt Moonbeam white grey
SWNB000900051.jpg,SWNB000900051,New Balance 9060 beige/oatmeal
SWNB000900052.jpg,SWNB000900052,New Balance 9060 light grey beige
SWNB000900053.jpg,SWNB000900053,"New Balance 9060 ASOS Exclusive
Sea Salt Leopard Print"
SWNB000900054.jpg,SWNB000900054,New Balance 9060 Crystal Pink White
SWNB000900055.jpg,SWNB000900055,New Balance 9060 Shadow Grey
SWNB000900056.jpg,SWNB000900056,New Balance 9060 Chocolate Brown
SWNB000900057.jpg,SWNB000900057,"New Balance 9060 Triple Black
leather"
SWNB000900058.jpg,SWNB000900058,New Balance 9060 grey black white
SWNB000900059.jpg,SWNB000900059,New Balance 9060 Summer Black
SWNB000900060.jpg,SWNB000900060,New Balance 9060 Summer White
SWNB000900061.jpg,SWNB000900061,New Balance 9060 Sea Stone Black
SWNB000900062.jpg,SWNB000900062,New Balance 9060 Summer Raincloud Castlerock
SWNB000900063.jpg,SWNB000900063,"New Balance 9060 Summer Silver
Metallic/Sea Salt"
SWNB000900064.jpg,SWNB000900064,"New Balance 9060 Summer Black / Afterglow / Black Metallic purple
LOGO"
SWNB000900065.jpg,SWNB000900065,New Balance 9060 Summer Mushroom Brown Arid Stone
SWNB000900066.jpg,SWNB000900066,"New Balance 9060 Summer Off White
Mauve"
SWNB001000001.jpg,SWNB001000001,نيوبالنس 725 ميتاليك سيلفر وايت
SWNB001100008.jpg,SWNB001100008,1906 نيوبلنسR Cordura Pocket Black
SWNB001100009.jpg,SWNB001100009,New Balance 1906D Protection Pack Turtledove white light beige
SWNB001100010.jpg,SWNB001100010,New Balance 1906R black phantom
SWNB001100011.jpg,SWNB001100011,"New Balance 1906R Harbor Grey
Silver Metallic"
SWNB001100012.jpg,SWNB001100012,"New Balance 1906R Black Grey silver
accents"
SWNB001100013.jpg,SWNB001100013,"New Balance 1906R White Metallic
Gold"
SWNB001100014.jpg,SWNB001100014,"New Balance 1906R White Team
Royal"
SWNB001300001.jpg,SWNB001300001,"327 نيوبالنس Moonbeam Classic
Burgundy"
SWNB001300002.jpg,SWNB001300002,"327 نيوبالنس Moonbeam Classic  جراي
نيفي"
SWNB001300004.jpg,SWNB001300004,"327 نيوبالنس Moonbeam Classic Storm
Blue"
SWNB001300005.jpg,SWNB001300005,327 نيوبالنس Moonbeam with Grey
SWNB001300006.jpg,SWNB001300006,327 نيوبالنس Moonbeam Driftwood
SWNB001300010.jpg,SWNB001300010,327 نيوبالنس SEA SALT PINK HAZE
SWNB001300011.jpg,SWNB001300011,327 نيوبالنس MOONBEAM VIOLET
SWNB001300012.jpg,SWNB001300012,327 نيو بالنس off white
SWNB001300013.jpg,SWNB001300013,"327 نيو بالنس Bandier white gray
tan/light brown logo"
SWNB001300014.jpg,SWNB001300014,327 نيوبالنس Black White
SWNB001300015.jpg,SWNB001300015,327 نيوبالنس x niko Dark Blue
SWNB001300016.jpg,SWNB001300016,327نيوبالنس Aluminum Covert Green
SWNB001300017.jpg,SWNB001300017,327 نيوبالنس Grey White
SWNB001300018.jpg,SWNB001300018,327 نيوبالنس Black White Tongue Logo
SWNB001300019.jpg,SWNB001300019,327 نيوبالنس White Leopard
SWNB001300020.jpg,SWNB001300020,327 نيوبالنس Sea Salt Leopard Pantera
SWNB001300021.jpg,SWNB001300021,"New Balance 327 Off White pink black
sole edge"
SWNB001300022.jpg,SWNB001300022,New Balance 327Nimbus Cloud gray
SWNB001300023.jpg,SWNB001300023,New Balance 327 Incense Sea Salt
SWNB001300026.jpg,SWNB001300026,"New Balance 327 Marathon Running
black white"
SWNB001300027.jpg,SWNB001300027,"New Balance 327 brown white logo
black outsole"
SWNB001300028.jpg,SWNB001300028,New Balance 327 White Black Pink
SWNB001300029.jpg,SWNB001300029,"New Balance 327 Grey Matter
Reflection"
SWNB001300030.jpg,SWNB001300030,"New Balance 327 olive green white
logo black outsole"
SWNB001300031.jpg,SWNB001300031,"New Balance 327 Timberwolf
Nightwatch Green"
SWNB001600001.jpg,SWNB001600001,990v5 Grey Whiteنيوبالنس
SWNB001700001.jpg,SWNB001700001,WRPD RUNNER Black White نيوبالنس
SWNB001700002.jpg,SWNB001700002,WRPD RUNNER White نيوبالنس
SWNB001900001.jpg,SWNB001900001,"990v3 MiUSA Teddy Santis Sea Salt
نيوبالنس"
SWNB001900002.jpg,SWNB001900002,990v3 MiUSA JJJJound Olive نيوبالنس
SWNB001900003.jpg,SWNB001900003,"990v3 MiUSA Teddy Santis Khaki
Orange نيوبالنس"
SWNB001900004.jpg,SWNB001900004,990v3 MiUSA Kith Daytona نيوبالنس
SWNB001900005.jpg,SWNB001900005,"New Balance 990v3 MiUSA military
green and black"
SWNB002000001.jpg,SWNB002000001,"990v6 MiUSA Action Bronson Lapis
Lazuli نيوبالنس"
SWNB002000002.jpg,SWNB002000002,"New Balance 990v6MiUSA Black Grey
White"
SWNB002000003.jpg,SWNB002000003,"New Balance 990v6MiUSa Triple
Black"
SWNB002100001.jpg,SWNB002100001,نيوبالنس White Navy 574Plus
SWNB002100002.jpg,SWNB002100002,نيوبالنس Black Grey White 574Plus
SWNB002100003.jpg,SWNB002100003,نيوبالنس Reflection Grey White 574Plus
SWNB002100004.jpg,SWNB002100004,نيوبالنس Vanilla 574Plus
SWNB002100005.jpg,SWNB002100005,نيوبالنس Reflection Rain Cloud 574Plus
SWNB002100006.jpg,SWNB002100006,نيوبالنس Linen Phantom 574Plus
SWNB002100007.jpg,SWNB002100007,نيوبالنس White Burgundy 574Plus
SWNB002100008.jpg,SWNB002100008,"نيوبالنس ASTRAL PURPLE WHITE
574Plus"
SWNB002100009.jpg,SWNB002100009,New Balance 574 Burgundy white
SWNB002200001.jpg,SWNB002200001,نيوبالنس Miu Miu Cinnamon 530SL
SWNB002200002.jpg,SWNB002200002,نيوبالنس Miu Miu Ecru 530SL
SWNB002200003.jpg,SWNB002200003,نيوبالنس Miu Miu Black 530SL
SWNB002200004.jpg,SWNB002200004,نيوبالنس Miu Miu White Gum 530SL
SWNB002200005.jpg,SWNB002200005,نيوبالنس Miu Miu Silver 530SL
SWNB002200006.jpg,SWNB002200006,نيوبالنس Miu Miu Pink 530SL
SWNB002200007.jpg,SWNB002200007,"NEW BALANCE 530 SL white navy
blue laces"
SWNB002400001.jpg,SWNB002400001,1000 نيوبالنس Green Grey
SWNB002400002.jpg,SWNB002400002,1000 نيوبالنس Light Blue Cream
SWNB002400003.jpg,SWNB002400003,1000 نيوبالنس Dark Olivine Magnet
SWNB002500001.jpg,SWNB002500001,"نيوبالنس FuelCell SuperComp Pacer v2
Black"
SWNB002500002.jpg,SWNB002500002,"نيوبالنس FuelCell SuperComp Pacer v2
Black White"
SWNB002500003.jpg,SWNB002500003,"نيوبالنس FuelCell SuperCompPacer v2
CJ WhiteBlack"
SWNB002600001.jpg,SWNB002600001,1906 نيوبالنسL Grey
SWNB002600002.jpg,SWNB002600002,1906 نيو بالنسL Black Suede
SWNB002600003.jpg,SWNB002600003,1906 نيو بالنسL Blacktop Phantom
SWNB002700001.jpg,SWNB002700001,نيو بالنس Abzorb 2000 Silver Black
SWNB002700002.jpg,SWNB002700002,نيو بالنس Abzorb 2000 gris
SWNB002700003.jpg,SWNB002700003,"NEW BALANCE Abzorb 2000 Light
Chrome Blue"
SWNB002800001.jpg,SWNB002800001,740  نيوبالنسv Silver Metallic
SWNB002800002.jpg,SWNB002800002,740  نيوبالنسv Silver Castlerock
SWNB002800003.jpg,SWNB002800003,740  نيوبالنسv White Black
SWNB002800004.jpg,SWNB002800004,740  نيوبالنسv Triple Black
SWNB002800005.jpg,SWNB002800005,"New Balance 740 light grey silver
white black"
SWNB002800006.jpg,SWNB002800006,New Balance 740 black silver accent
SWNB002800007.jpg,SWNB002800007,"New Balance 740 White Silver
Metallic Navy"
SWNB002800008.jpg,SWNB002800008,New Balance 740 beige White
SWNB002800009.jpg,SWNB002800009,"New Balance 740 Pink Vacation
metallic silver"
SWNB002800010.jpg,SWNB002800010,"New Balance 740v2 Mercury Red
Castlerock"
SWNB002900001.jpg,SWNB002900001,509  نيوبالنسC Black Silver Metallic
SWNB002900002.jpg,SWNB002900002,509  نيوبالنسC SILVER WHITE
SWNB003000001.jpg,SWNB003000001,"New Balance 471 Moonbeam Classic
GRAY NAVY ORG"
SWNB003000002.jpg,SWNB003000002,"New Balance 471 Navy Linen True
Red ORG"
SWNB003000003.jpg,SWNB003000003,"New Balance 471 Pink and Grey with
Colorful Laces ORG"
SWNB003100001.jpg,SWNB003100001,New Balance Fresh Foam X Trail More v3 trail black orange
SWNB003200001.jpg,SWNB003200001,"New Balance FuelCell Rebel v5 cream
mauve"
SWNB003200002.jpg,SWNB003200002,"New Balance FuelCell Rebel v5 Black
Silver White"
SWNB003200003.jpg,SWNB003200003,"New Balance FuelCell Rebel v5 Black
White"
SWNB003300001.jpg,SWNB003300001,"New Balance 204L Mushroom Arid
Stone"
SWNB003300002.jpg,SWNB003300002,"New Balance 204L Silver Metallic
Black"
SWNB003300003.jpg,SWNB003300003,New Balance 204L White gray
SWNB003300004.jpg,SWNB003300004,"New Balance 204L Basketcase Beef &
Broccoli"
SWNB003300005.jpg,SWNB003300005,New Balance 204L Year of the Horse White red accents black sole
SWNB003300006.jpg,SWNB003300006,"New Balance 204L Year of the Horse Ivory and Thunder Brown black sole
red laces"
SWNB003300007.jpg,SWNB003300007,"New Balance 204L Ribbon Pack Sea
Salt / Linen"
SWNB003300008.jpg,SWNB003300008,New Balance 204L Pastel Pink gray
SWNB003300009.jpg,SWNB003300009,"New Balance 204L silver metallic
brown sole"
SWNB003300010.jpg,SWNB003300010,"New Balance 204L Silver Metallic Flat
Taupe"
SWNB003300011.jpg,SWNB003300011,New Balance 204L Black Timberwolf
SWNB003400001.jpg,SWNB003400001,New Balance FuelCell SuperComp Elite v5 White Urgent Red black logo
SWNF000300002.jpg,SWNF000300002,"نيكد وولف Chunky Lace-Up Black white
sole"
SWNF000300003.jpg,SWNF000300003,"نيكد وولف Chunky Lace-Up Black Line
white"
SWNF000300004.jpg,SWNF000300004,"نيكد وولف  Chunky Lace-Up Graffiti
white Black"
SWNF000300005.jpg,SWNF000300005,نيكد وولف  Chunky Lace-Up Grey black
SWNF000300006.jpg,SWNF000300006,"نيكد وولف Chunky Lace-Up Black
Printed white"
SWNF000300007.jpg,SWNF000300007,نيكد وولف Chunky Lace-Up white
SWNF000300008.jpg,SWNF000300008,"نيكد وولف Chunky Lace-Up of white lines
blue yello"
SWNF000300009.jpg,SWNF000300009,"نيكد وولف Chunky Lace-Up of white
letter graphics"
SWNF000300010.jpg,SWNF000300010,"نيكد وولف Chunky Lace-Up black lines
green"
SWNF000300011.jpg,SWNF000300011,"نيكد وولف Chunky Lace-Up black star
white"
SWNF000300012.jpg,SWNF000300012,"نيكد وولف Chunky Lace-Up white star
black"
SWNF000300013.jpg,SWNF000300013,"نيكد وولف Chunky Lace-Up Graffiti white
foshia"
SWNF000300014.jpg,SWNF000300014,"نيكد وولف Chunky Lace-Up Graffiti Black
colors"
SWNF000300015.jpg,SWNF000300015,"نيكد وولف Chunky Lace-Up of White
graphics Black"
SWNF000300016.jpg,SWNF000300016,"نيكد وولف Chunky Lace-Up of Black
graphics White"
SWNF000300017.jpg,SWNF000300017,"نيكد وولف Chunky Lace-Up Glitter Grey
Black"
SWNF000300018.jpg,SWNF000300018,"نيكد وولف Chunky Lace-Up Glitter Off
White"
SWNF000300019.jpg,SWNF000300019,وايت يللو ديركشن Chunky Lace-Up نيكد وولف
SWNF000300020.jpg,SWNF000300020,بلك ديركشن Chunky Lace-Up نيكد وولف
SWNF000300021.jpg,SWNF000300021,نيكد وولف  Chunky Lace-Up Silver White
SWNF000300022.jpg,SWNF000300022,مالتى كلر New Chunky نيكد وولف
SWNF000300023.jpg,SWNF000300023,"NAKED WOLFE Chunky Lace-Up
white black Graffiti"
SWNF000300024.jpg,SWNF000300024,"NAKED WOLFE Chunky Lace-Up
black white Graffiti"
SWNF000300025.jpg,SWNF000300025,"NAKED WOLFE Chunky Lace-Up
metallic gray"
SWNF000300026.jpg,SWNF000300026,"NAKED WOLFE Chunky Lace-Up black white logo graffiti-inspired
WOLFE"
SWNF000300027.jpg,SWNF000300027,NAKED WOLFE Chunky Lace-Up black white large black WOLF
SWNF000400003.jpg,SWNF000400003,Snow White Kosa نيكد وولف
SWNF000400004.jpg,SWNF000400004,GRAPE Purple KOSA نيكد وولف
SWNF000400005.jpg,SWNF000400005,"KrayHairy COw SdIce White KOSA نيكد
وولف"
SWNF000400006.jpg,SWNF000400006,NAKED WOLFE KOSA Graffiti black
SWNF000400007.jpg,SWNF000400007,"NAKED WOLFE KOSA White Graffiti
Buffalo"
SWNF000400008.jpg,SWNF000400008,"NAKED WOLFE KOSA wavy Graffiti
Buffalo"
SWNF000400009.jpg,SWNF000400009,"NAKED WOLFE KOSA White black
pattern green"
SWNF000400010.jpg,SWNF000400010,"NAKED WOLFE KOSA White black
pattern black"
SWNF000400011.jpg,SWNF000400011,"NAKED WOLFE KOSA White black
pattern red"
SWNF000400012.jpg,SWNF000400012,NAKED WOLFE KOSA black white
SWNF000400013.jpg,SWNF000400013,"Naked Wolfe Kosa Sundown suede
Green Purple Orange"
SWNF000400014.jpg,SWNF000400014,Naked Wolfe Kosa purple/grape black
SWNF000400015.jpg,SWNF000400015,"Naked Wolfe Kosa creme/orange
white"
SWNF000400016.jpg,SWNF000400016,Naked Wolfe Kosa triple white
SWNF000400017.jpg,SWNF000400017,Naked Wolfe KOSA Light Grey Cow
SWNF000500002.jpg,SWNF000500002,نيكد وولف Slider White
SWNF000500003.jpg,SWNF000500003,نيكد وولف Slider BABY PINK
SWNF000500007.jpg,SWNF000500007,بلك اورانج Slider نيكد وولف
SWNF000500008.jpg,SWNF000500008,بلك وايت سول Slider نيكد وولف
SWNF000500010.jpg,SWNF000500010,نيكد وولف Slider black
SWNF000500011.jpg,SWNF000500011,نيكد وولف Slider Graffiti black White
SWNF000500012.jpg,SWNF000500012,نيكد وولف Slider Graffiti White Black
SWNF000500015.jpg,SWNF000500015,نيكد وولف Slider White beige
SWNF000500016.jpg,SWNF000500016,"نيكد وولف Slider Kosa GRAFFITI
BLACK Brown Green"
SWNF000500017.jpg,SWNF000500017,"نيكد وولف Slider Kosa GRAFFITI White
fushia"
SWNF000500018.jpg,SWNF000500018,نيكد وولف Slider GRAFFITI White Green
SWNF000500019.jpg,SWNF000500019,نيكد وولف Slider GRAFFITI Black fushia
SWNF000500020.jpg,SWNF000500020,نيكد وولف Slider Graffiti black Orange
SWNF000500021.jpg,SWNF000500021,نيكد وولف Slider in Black
SWNF000600001.jpg,SWNF000600001,وايت بلك لوجو TRACK نيكد وولف
SWNF000600002.jpg,SWNF000600002,بلك وايت لوجو TRACK نيكد وولف
SWNF000600005.jpg,SWNF000600005,وايت يللو ديركشن TRACK نيكد وولف
SWNF000600008.jpg,SWNF000600008,وايت لوجو نيون TRACK نيكد وولف
SWNF000600009.jpg,SWNF000600009,وايت لوجو بينك TRACK نيكد وولف
SWNF000600010.jpg,SWNF000600010,وايت بلك TRACK نيكد وولف
SWNF000600011.jpg,SWNF000600011,بلك وايت TRACK نيكد وولف
SWNF000600013.jpg,SWNF000600013,نيكد وولف TRACK GRAFFITI Multicolor
SWNF000600014.jpg,SWNF000600014,نيكد وولف TRACK Graffiti Black
SWNF000600016.jpg,SWNF000600016,نيكد وولف TRACK Graffiti Black white
SWNF000600017.jpg,SWNF000600017,نيكد وولف  TRACK Graffiti white black
SWNF000600018.jpg,SWNF000600018,نيكد وولف TRACK Graffiti Black colors
SWNF000600019.jpg,SWNF000600019,"نيكد وولف Track GRAFFITI Top Black
fushia"
SWNF000600020.jpg,SWNF000600020,نيكد وولف Track black star white
SWNF000600021.jpg,SWNF000600021,نيكد وولف Track GRAFFITI Black fushia
SWNF000700001.jpg,SWNF000700001,نيكد وولف fantasy white diamonds
SWNF000700002.jpg,SWNF000700002,نيكد وولف fantasy black diamonds
SWNF000900001.jpg,SWNF000900001,نيكد وولف Sound Black Kid Suede
SWNF001000001.jpg,SWNF001000001,نيكد وولف Petal Suede Nylon Beige
SWNF001100001.jpg,SWNF001100001,نيكد وولف VIRGO orange
SWNF001100002.jpg,SWNF001100002,نيكد وولف   VIRGO BLUE
SWNF001100003.jpg,SWNF001100003,نيكد وولف VIRGO black white
SWNF001100004.jpg,SWNF001100004,نيكد وولف VIRGO beige white
SWNF001100005.jpg,SWNF001100005,نيكد وولف VIRGO Black
SWNF001100006.jpg,SWNF001100006,نيكد وولف VIRGO Brown white
SWNF001100007.jpg,SWNF001100007,نيكد وولف VIRGO Black White Logo
SWNF001100008.jpg,SWNF001100008,نيكد وولف VIRGO Black Off white
SWNF001100009.jpg,SWNF001100009,نيكد وولف VIRGO White
SWNF001100010.jpg,SWNF001100010,نيكد وولف VIRGO White in Black
SWNF001100011.jpg,SWNF001100011,نيكد وولف VIRGO Triple Black
SWNF001100012.jpg,SWNF001100012,NAKED WOLFE VIRGO gold Black
SWNF001100013.jpg,SWNF001100013,"NAKED WOLFE VIRGO  reddish gold
black"
SWNF001100014.jpg,SWNF001100014,"NAKED WOLFE VIRGO  black
darkgold"
SWNF001100015.jpg,SWNF001100015,نيكد وولف VIRGO Black Whit
SWNF001200001.jpg,SWNF001200001,نيكد وولف Stronger White
SWNF001200002.jpg,SWNF001200002,نيكد وولف Stronger Black
SWNF001200003.jpg,SWNF001200003,نيكد وولف Stronger Graffity White Clours
SWNF001200004.jpg,SWNF001200004,نيكد وولف Stronger Beige
SWNF001200005.jpg,SWNF001200005,بلك اورانج Stronger نيكد وولف
SWNF001200006.jpg,SWNF001200006,"NAKED WOLFE Stronger black
ptrned"
SWNF001200007.jpg,SWNF001200007,"NAKED WOLFE Stronger Metallic
strips"
SWNF001200008.jpg,SWNF001200008,"NAKED WOLFE Stronger white strips
glw hlium"
SWNF001200009.jpg,SWNF001200009,"NAKED WOLFE Stronger white glw
hlium"
SWNF001200010.jpg,SWNF001200010,"NAKED WOLFE Stronger black strips
glw hlium"
SWNF001200011.jpg,SWNF001200011,"NAKED WOLFE Stronger black  glw
hlium"
SWNF001200012.jpg,SWNF001200012,NAKED WOLFE Stronger Metallic
SWNF001300001.jpg,SWNF001300001,نيكد وولف Spring Olive
SWNF001300002.jpg,SWNF001300002,نيكد وولف Spring multicolor
SWNF001300003.jpg,SWNF001300003,نيكد وولف Spring Shine Black
SWNF001300004.jpg,SWNF001300004,نيكد وولف Spring Black White
SWNF001300005.jpg,SWNF001300005,نيكد وولف Spring Black
SWNF001300006.jpg,SWNF001300006,نيكد وولف Spring Off White
SWNI000100001.jpg,SWNI000100001,ايرماكس 97 تريبل وايت
SWNI000100002.jpg,SWNI000100002,ايرماكس 97 تريبل بلك
SWNI000100004.jpg,SWNI000100004,"ايرماكس 79 وايت بلك Sun Club Sail
Treeline"
SWNI000100005.jpg,SWNI000100005,Light Blue ايرماكس 97 وايت بلك
SWNI000100006.jpg,SWNI000100006,Cloud Plush ايرماكس 97 وايت بلك
SWNI000100007.jpg,SWNI000100007,97 ايرماكس  Violet White
SWNI000100008.jpg,SWNI000100008,97 نايك ايرماكس Black University Red
SWNI000100009.jpg,SWNI000100009,97 نايك ايرماكس Light Bone
SWNI000100010.jpg,SWNI000100010,97 نايك ايرماكس Volt Reflective Logo
SWNI000100011.jpg,SWNI000100011,نايك ايرماكس 97 بلك كور وايت
SWNI000100012.jpg,SWNI000100012,ORG White Rose 97 ايرماكس
SWNI000100013.jpg,SWNI000100013,97 ايرماكس Miami Hurricanes
SWNI000100014.jpg,SWNI000100014,White Reflect Silver 97 نايك ايرماكس
SWNI000100015.jpg,SWNI000100015,97 نايك ايرماكس Black White
SWNI000100016.jpg,SWNI000100016,Washed Denim Pack 97 نايك ايرماكس
SWNI000100017.jpg,SWNI000100017,Medium Olive Sequoia 97 نايك ايرماكس
SWNI000100018.jpg,SWNI000100018,Dallas Cowboys
SWNI000100019.jpg,SWNI000100019,White Bullet
SWNI000100020.jpg,SWNI000100020,"Nike Air Max 97 Particle Beige/Rush
Pink colorway"
SWNI000100021.jpg,SWNI000100021,"Nike Air Max 97 white black Blue
Tiffany"
SWNI000100022.jpg,SWNI000100022,"Nike Air Max 97 Ghost white light grey
light purple accents"
SWNI000100023.jpg,SWNI000100023,Nike Air Max 97 panda white black
SWNI000100024.jpg,SWNI000100024,"Nike Air Max 97 Silver Bullet Metallic
Silver&White red logo"
SWNI000100025.jpg,SWNI000100025,Nike Air Max 97 silver-tone purple
SWNI000100026.jpg,SWNI000100026,Nike Air Max 97 Have A Nike Day Purple/White Black Bleached Coral
SWNI000100027.jpg,SWNI000100027,Nike Air Max 97 SE Pure Platinum/Wolf Grey
SWNI000200002.jpg,SWNI000200002,نايك ايرماكس 270 وايت بلو
SWNI000200004.jpg,SWNI000200004,نايك ايرماكس 270 تريبل بلك
SWNI000200005.jpg,SWNI000200005,نايك ايرماكس 270 نيفي وايت
SWNI000200007.jpg,SWNI000200007,نايك ايرماكس 270 بلك وايت
SWNI000200008.jpg,SWNI000200008,Nike Air Max 270 White Black accents
SWNI000300002.jpg,SWNI000300002,نايك ايرفورس 1 ابيض سادة
SWNI000300010.jpg,SWNI000300010,نايك ايرفورس 1 ستوسي فوسيل
SWNI000300015.jpg,SWNI000300015,نايك ايرفورس 1 شادو باستل
SWNI000300017.jpg,SWNI000300017,نايك ايرفورس 1 اسود سادة
SWNI000300019.jpg,SWNI000300019,نايك ايرفورس 1 دابل سووش
SWNI000300022.jpg,SWNI000300022,TM نايك ايرفورس 1 ابيض
SWNI000300023.jpg,SWNI000300023,نايك ايرفورس 1 جاست وايت بلك اورانج
SWNI000300030.jpg,SWNI000300030,نايك ايرفورس 1  براون اكس لويس فيتون
SWNI000300034.jpg,SWNI000300034,نايك ايرفورس 1 وايت بلك جولد
SWNI000300035.jpg,SWNI000300035,نايك ايرفورس 1 وايت جراي جولد
SWNI000300042.jpg,SWNI000300042,نايك ايرفورس 1 لويس فيتون وايت
SWNI000300048.jpg,SWNI000300048,نايك ايرفورس 1 اندفيتيد 5
SWNI000300049.jpg,SWNI000300049,نايك ايرفورس 1 اوبسيديان جم
SWNI000300053.jpg,SWNI000300053,نايك ايرفورس 1 انثراسايت دارك جراي بلك سول
SWNI000300054.jpg,SWNI000300054,1 نايك ايرفورس Valentine s Day
SWNI000300062.jpg,SWNI000300062,نايك ايرفورس 1 بلك سموك جراي
SWNI000300067.jpg,SWNI000300067,نايك ايرفورس 1 اسود سادة مقاسات خاصة
SWNI000300068.jpg,SWNI000300068,نايك ايرفورس 1 ابيض سادة مقاسات خاصة
SWNI000300070.jpg,SWNI000300070,نايك ايرفورس 1 شادو بلك بينك
SWNI000300083.jpg,SWNI000300083,NOLA نايك ايرفورس 1
SWNI000300084.jpg,SWNI000300084,1 نايك ايرفورس Valentine s Day 2022
SWNI000300085.jpg,SWNI000300085,نايك ايرفورس 1 جراي وايت فابريك
SWNI000300093.jpg,SWNI000300093,وايت Lavender نايك ايرفورس 1
SWNI000300096.jpg,SWNI000300096,1 نايك ايرفورس Valentine s Day 2023
SWNI000300098.jpg,SWNI000300098,نايك ايرفورس 1 فودو كلر
SWNI000300100.jpg,SWNI000300100,JDC نايك ايرفورس 1
SWNI000300106.jpg,SWNI000300106,1837 CO & نايك ايرفورس 1 اكس تيفاني
SWNI000300112.jpg,SWNI000300112,(نايك ايرفورس 1 وايت بلك (2018
SWNI000300115.jpg,SWNI000300115,نايك ايرفورس 1 براون ريد سووش
SWNI000300116.jpg,SWNI000300116,1 نايك ايرفورس North Face Gucci
SWNI000300118.jpg,SWNI000300118,"نايك ايرفورس 1 وايت Travis Scott Cactus
Jack Utopi"
SWNI000300122.jpg,SWNI000300122,ORG نايك ايرفورس 1 ابيض سادة
SWNI000300123.jpg,SWNI000300123,ORG نايك ايرفورس 1 اسود سادة
SWNI000300124.jpg,SWNI000300124,"1 نايك ايرفورس Spray Paint Swoosh
White Black Grey"
SWNI000300125.jpg,SWNI000300125,"1 نايك ايرفورس Feel Free, Let’s Talk"
SWNI000300126.jpg,SWNI000300126,1 نايك ايرفورس Valentine s Day (2021)
SWNI000300127.jpg,SWNI000300127,1 1نايك ايرفورسSE First Use
SWNI000300128.jpg,SWNI000300128,1 نايك ايرفورس Low Supreme White
SWNI000300130.jpg,SWNI000300130,1 نايك ايرفورس fresh white black silver
SWNI000300135.jpg,SWNI000300135,"1 نايك ايرفورس just do it summit white
team red"
SWNI000300138.jpg,SWNI000300138,1 نايك ايرفورس  WHITE PINK FOAM GS
SWNI000300139.jpg,SWNI000300139,وايت Drake Nocta نايك ايرفورس 1
SWNI000300141.jpg,SWNI000300141,"1 نايك ايرفورس ""Valentines Day 2024"""
SWNI000300143.jpg,SWNI000300143,1 نايك ايرفورس Stussy Black
SWNI000300144.jpg,SWNI000300144,1 نايك ايرفورس Unlock Your Space
SWNI000300145.jpg,SWNI000300145,نايك ايرفورس 1 لويس فيتون بلك براون
SWNI000300149.jpg,SWNI000300149,نايك ايرفورس 1 رياكت وايت ليت بون
SWNI000300150.jpg,SWNI000300150,1 نايك ايرفورس Love for All
SWNI000300151.jpg,SWNI000300151,White Black Red نايك ايرفورس 1 رياكت
SWNI000300152.jpg,SWNI000300152,"""1 نايك ايرفورس Low PRM
Halloween (2023) مقاسات خ"
SWNI000300153.jpg,SWNI000300153,نايك ايرفورس 1 جاست وايت بلك اورانج مقاسات خاصة
SWNI000300154.jpg,SWNI000300154,نايك ايرفورس 1 بلك سموك جراي مقاسات خاصة
SWNI000300156.jpg,SWNI000300156,وايت بلك basketball نايك ايرفورس 1
SWNI000300157.jpg,SWNI000300157,نايك ايرفورس 1 اندفيتيد 5 مقاسات خاصة
SWNI000300160.jpg,SWNI000300160,CO & نايك ايرفورس 1 اكس تيفاني ORG
SWNI000300168.jpg,SWNI000300168,C نايك ايرفورس 1 ابيض سادة
SWNI000300169.jpg,SWNI000300169,1 نايك ايرفورس Low Supreme Black
SWNI000300171.jpg,SWNI000300171,1 نايك ايرفورس Wolf Grey Classic
SWNI000300172.jpg,SWNI000300172,مقاسات  Wolf Grey Classic نايك ايرفورس 1 خاصه
SWNI000300173.jpg,SWNI000300173,1 نايك ايرفورس Fragment White Black
SWNI000300174.jpg,SWNI000300174,1 نايك ايرفورس  LV Custom gray white
SWNI000300175.jpg,SWNI000300175,1 نايك ايرفورس TRIPLE WHITE Utopia
SWNI000300176.jpg,SWNI000300176,1 نايك ايرفورس LV8 Black Volt GS
SWNI000300177.jpg,SWNI000300177,"1 نايك ايرفورس the NORTH FACE X
GUCCI Blue jans"
SWNI000300178.jpg,SWNI000300178,1 نايك ايرفورس LV Custom White Navy
SWNI000300179.jpg,SWNI000300179,1 نايك ايرفورس Gucci Grey/Green
SWNI000300180.jpg,SWNI000300180,1 نايك ايرفورس Off-White Black
SWNI000300181.jpg,SWNI000300181,1 نايك ايرفورس Black Rope Laces White
SWNI000300182.jpg,SWNI000300182,1 نايك ايرفورس Valentine s Day (2025)
SWNI000300183.jpg,SWNI000300183,ORG 1 نايك ايرفورس Light Khaki Black
SWNI000300184.jpg,SWNI000300184,"ORG1 نايك ايرفورس Pack Photon Dust
Obsidian k"
SWNI000300185.jpg,SWNI000300185,مقاسات خاصة ORG نايك ايرفورس 1 ابيض سادة
SWNI000300187.jpg,SWNI000300187,Nike Air Force 1 WHITE Dark green
SWNI000300188.jpg,SWNI000300188,"Nike Air Force 1 WHITE BLUE RED
LACE"
SWNI000300189.jpg,SWNI000300189,Nike Air Force 1 white and pink
SWNI000300190.jpg,SWNI000300190,Nike Air Force 1 white Brown Labub
SWNI000300193.jpg,SWNI000300193,"Nike Air Force 1 Low Supreme White
Black LOGO&Outsole"
SWNI000300194.jpg,SWNI000300194,"Nike Air Force 1 Low The North Face
mocha brown white"
SWNI000300195.jpg,SWNI000300195,"Nike Air Force 1 white grey style emoji
charm smiley face logo"
SWNI000300196.jpg,SWNI000300196,"Nike Air Force 1 Low Supreme White
Black LOGO"
SWNI000300197.jpg,SWNI000300197,Nike Air Force 1 white black logo&sole
SWNI000300198.jpg,SWNI000300198,Nike Air Force 1 white brown swoosh
SWNI000300199.jpg,SWNI000300199,Nike Air Force 1 Pale Ivory Gum
SWNI000300200.jpg,SWNI000300200,"Air Force 1 Low Color of the Month
White Green Gum"
SWNI000300201.jpg,SWNI000300201,"Nike Air Force 1 Year of the Dragon
Sail/Vapor Green"
SWNI000300202.jpg,SWNI000300202,"Nike Air Force 1 Low Houston Comets
Four-Peat white navy red"
SWNI000300203.jpg,SWNI000300203,Nike Air Force 1 Low white green
SWNI000300204.jpg,SWNI000300204,Nike Air Force 1 Low Starry Swoosh White/Anthracite/Photon Dust
SWNI000300205.jpg,SWNI000300205,Nike Air Force 1 Low Retro Color of the Month white Forest Green
SWNI000300206.jpg,SWNI000300206,"Nike Air Force 1 white black
logo&outsole"
SWNI000300207.jpg,SWNI000300207,"Nike Air Force 1 Low black white
paisley pattern"
SWNI000300208.jpg,SWNI000300208,Nike Air Force 1 Low Gorge Green
SWNI000300209.jpg,SWNI000300209,Nike Air Force 1 Low white navy Supreme x The North Face
SWNI000300210.jpg,SWNI000300210,"Air Force 1 Low white grey Nike x
Supreme"
SWNI000300211.jpg,SWNI000300211,Nike Air Force 1 white dark green
SWNI000300212.jpg,SWNI000300212,Nike Air Force 1 black white BAPE-style logo patch
SWNI000300213.jpg,SWNI000300213,Nike Air Force 1 Low Black/White
SWNI000300214.jpg,SWNI000300214,Nike Air Force 1 grey white Gucci logo
SWNI000300215.jpg,SWNI000300215,"Nike Air Force 1 Low navy blue white
CDG LOGO"
SWNI000300216.jpg,SWNI000300216,Nike Air Force 1 navy blue red accents
SWNI000300217.jpg,SWNI000300217,"Nike Air Force 1 White/Sail the north
face white gilter logo"
SWNI000300218.jpg,SWNI000300218,"Nike Air Force 1 Low white black
logo&lace"
SWNI000300219.jpg,SWNI000300219,"Nike Air Force 1 07 Low WB Triple
Wolf Grey"
SWNI000300220.jpg,SWNI000300220,"Nike Air Force 1 Low beige Deep
Royal Blue accents"
SWNI000300221.jpg,SWNI000300221,Nike Air Force 1 Luxe Brown Basalt
SWNI000300222.jpg,SWNI000300222,Nike Air Force 1 Fossil/Wheat/Shimmer
SWNI000300223.jpg,SWNI000300223,"Nike Air Force 1 Low Custom Premier
Lunar Eclipse"
SWNI000300224.jpg,SWNI000300224,"Nike Air Force 1 07 LX Pearl Pink Paw
Print"
SWNI000300225.jpg,SWNI000300225,"Nike Air Force 1 Low black white
logo&Supreme"
SWNI000300226.jpg,SWNI000300226,"Air Force 1  07 in the White/Pink
Foam/Glacier Blue"
SWNI000300227.jpg,SWNI000300227,"Nike Air Force 1 Low White Midnight
Navy"
SWNI000300228.jpg,SWNI000300228,Nike Air Force 1 Low White/Black-Vapor Green
SWNI000300229.jpg,SWNI000300229,"Nike Air Force 1 Low Love and Peace
Sail Brown blue"
SWNI000300230.jpg,SWNI000300230,"AIR FORCE 1 07 LX Just Do It
sail/pale ivory pink"
SWNI000300231.jpg,SWNI000300231,"Nike Air Force 1 Low 07 LV8 Sea
Glass black"
SWNI000300232.jpg,SWNI000300232,"Nike Air Force 1 Low LV8 White
Reflect Silver"
SWNI000300233.jpg,SWNI000300233,Nike Air Force 1 Low Undefeated Ballistic Dunk Cargo Khaki/Black
SWNI000300234.jpg,SWNI000300234,"Nike Air Force 1 Low Olive Khaki
brown"
SWNI000300235.jpg,SWNI000300235,"Nike Air Force 1 Low PRM MF Velvet
Brown"
SWNI000300236.jpg,SWNI000300236,"Nike Air Force 1 Low 07 LV8 Black
Sail blue laces"
SWNI000300237.jpg,SWNI000300237,"Nike Air Force 1 Low 07 LV8 Light
Smoke Grey"
SWNI000300238.jpg,SWNI000300238,Nike Air Force 1 07 LX Ashen Slate
SWNI000300239.jpg,SWNI000300239,Nike Air Force 1 Low x Travis Scott Cactus Jack brown lilac navy black
SWNI000300240.jpg,SWNI000300240,Nike Air Force 1 Low 07 LV8 Reflective Swoosh Cool
SWNI000300241.jpg,SWNI000300241,"Nike Air Force 1 Low Cut Out Swoosh
- Grey"
SWNI000300242.jpg,SWNI000300242,Nike Air Force 1 white Labubu
SWNI000300243.jpg,SWNI000300243,"NIKE Air Force 1 07 white Light
Orewood Brown"
SWNI000300244.jpg,SWNI000300244,"Nike Air Force 1  07 SE Dance triple
white"
SWNI000300245.jpg,SWNI000300245,Nike Air Force 1 Low White Grey Gold
SWNI000300246.jpg,SWNI000300246,"Nike Air Force 1 Low Off White Grey
north face red supreme"
SWNI000300247.jpg,SWNI000300247,"Nike Air Force 1 Low black white
logo&supreme"
SWNI000300248.jpg,SWNI000300248,"Nike Air Force 1 Low white red
laces&supreme"
SWNI000300249.jpg,SWNI000300249,"Nike Air Force 1 Low white leopard-print logo GOODENOUGH
logo"
SWNI000300250.jpg,SWNI000300250,"Nike Air Force 1 Low Louis Vuitton
White/Grey"
SWNI000300251.jpg,SWNI000300251,"Nike Air Force 1 white burgundy the
north face"
SWNI000300252.jpg,SWNI000300252,"Nike Air Force 1 white gray the north
face"
SWNI000300253.jpg,SWNI000300253,NIKE AIR FORCE 1 LOW MINI SWOOSH WHITE/BLUE
SWNI000300254.jpg,SWNI000300254,"Nike Air Force 1 07 Low  oliv dark
green black"
SWNI000300255.jpg,SWNI000300255,"Nike Air Force 1 Low white black
logo&lace مقاسات خاصة"
SWNI000300256.jpg,SWNI000300256,"Nike Air Force 1 Low Louis Vuitton
white black logo"
SWNI000300257.jpg,SWNI000300257,Nike Air Force 1 Light Smoke Grey White Black The North Face
SWNI000300258.jpg,SWNI000300258,"Nike Air Force 1 white black accents
Love you forever"
SWNI000300259.jpg,SWNI000300259,"Nike Air Force 1 white black logo the
north face red heel tab"
SWNI000300260.jpg,SWNI000300260,Nike Air Force 1 Low  07 Essential White Worn Blue Paisley
SWNI000300261.jpg,SWNI000300261,"Nike Air Force 1 Low White Gray
logo&heel tab"
SWNI000300262.jpg,SWNI000300262,Nike Air Force 1 Low White Gray logo&heel tab the north face
SWNI000300263.jpg,SWNI000300263,"Nike Air Force 1 Louis Vuitton Blue
Knight Unisex"
SWNI000300264.jpg,SWNI000300264,"Nike Air Force 1 Low VT Premium
Black/Max Orange red"
SWNI000300265.jpg,SWNI000300265,"Nike Air Force 1 Paris Saint Germain
White GRAY NAVY"
SWNI000300266.jpg,SWNI000300266,"Nike Air Force 1 WHITE GRAY
LOGO&HEEL TAB"
SWNI000300267.jpg,SWNI000300267,Nike Air Force 1 white gray Dior-inspired paisley design
SWNI000300268.jpg,SWNI000300268,Nike Air Force 1 Low WHITE NAVY
SWNI000300269.jpg,SWNI000300269,"Nike Air Force 1 LOW Triple Black
Kobe Bryant"
SWNI000300270.jpg,SWNI000300270,"Nike Air Force 1 LOW Triple WHITE
Kobe Bryant"
SWNI000300271.jpg,SWNI000300271,"Nike Air Force 1 Low  07 LX Year of the Dragon Summit White Soft pastel
Pink"
SWNI000300272.jpg,SWNI000300272,"Nike Air Force 1 light gray The North
Face black logo&outsole"
SWNI000300273.jpg,SWNI000300273,"Nike Air Force 1 Low  07 LV8 Light
Smoke Grey black sole"
SWNI000300274.jpg,SWNI000300274,Nike Air Force 1 Low x Louis Vuitton White Navy Blue Red HEEL TAB
SWNI000300275.jpg,SWNI000300275,"Nike Air Force 1 x Louis Vuitton white Black black&white patterned design
Red SUPREME"
SWNI000300276.jpg,SWNI000300276,Nike Air Force 1 Low x Louis Vuitton White grey brown LV monogram
SWNI000300277.jpg,SWNI000300277,"Nike Air Force 1 Low white wine red
keep text Outsole&Laces"
SWNI000300278.jpg,SWNI000300278,"Nike Air Force 1 Low Venom black
white patterned laces"
SWNI000300279.jpg,SWNI000300279,"Nike Air Force 1 Low x The North Face off-white navy blue logo&heel
tab white splatter marks"
SWNI000300280.jpg,SWNI000300280,"Nike Air Force 1 07 Cacao Wow rich
brown suede"
SWNI000300281.jpg,SWNI000300281,"Nike Air Force 1 x Louis Vuitton black
monogram"
SWNI000300282.jpg,SWNI000300282,"Nike Air Force 1 x Louis Vuitton white berry purple Light grey Louis Vuitton
monogram"
SWNI000300283.jpg,SWNI000300283,Nike Air Force 1 black white graffiti-style graphic splatter design
SWNI000300284.jpg,SWNI000300284,"Nike Air Force 1 Low 07 Burgundy
Crush"
SWNI000300285.jpg,SWNI000300285,"Nike Air Force 1 07 Mink Brown suede
glossy logo"
SWNI000300286.jpg,SWNI000300286,"Nike Air Force 1 07 LV8 BlacK suede
glossy swoosh"
SWNI000300287.jpg,SWNI000300287,"Nike Air Force 1 07 Light Bone /
Off-White"
SWNI000300288.jpg,SWNI000300288,Nike Air Force 1 Low  07 LV8 Glam Rock Black White logo&heel tab
SWNI000300289.jpg,SWNI000300289,"Nike Air Force 1 Low  07 Black White
LOGO"
SWNI000300290.jpg,SWNI000300290,Nike Air Force 1 Low Cream Green Dior-monogram pattern tan SOLE
SWNI000300291.jpg,SWNI000300291,"Nike Air Force 1 Low  dark grey BLACK Medium Ash Anthracite
brushstroke detalies"
SWNI000300292.jpg,SWNI000300292,"Nike Air Force 1 Low Multi-Swoosh
Black Crimson"
SWNI000300293.jpg,SWNI000300293,"Nike Air Force 1 Low white/Photon
Dust black outsole"
SWNI000300294.jpg,SWNI000300294,Nike Air Force 1 Low Wolf Grey Dark Smoke Grey black sole&logo AIR text
SWNI000300295.jpg,SWNI000300295,"Nike Air Force 1 Low  07 LV8 Light Smoke Grey Suede Black sole&logo
AIR text"
SWNI000300296.jpg,SWNI000300296,"Nike Air Force 1 Low Black Varsity
Maize"
SWNI000300297.jpg,SWNI000300297,"Nike Air Force 1 Low gray white
Stüssy logo"
SWNI000300298.jpg,SWNI000300298,Nike Air Force 1 Low white LOVE AND PEACE  BLACK ASSENTS
SWNI000300299.jpg,SWNI000300299,"Nike Air Force 1 Low Light Smoke
Grey blue"
SWNI000300300.jpg,SWNI000300300,Nike Air Force 1 Low white BLACK Supreme x The North Face
SWNI000300301.jpg,SWNI000300301,Nike Air Force 1 WHITE Louis Vuitton monogram pattern swoosh logo
SWNI000300302.jpg,SWNI000300302,Nike Air Force 1 NOLA White Gold
SWNI000300303.jpg,SWNI000300303,Nike Air Force 1 Low white RED Supreme x The North Face
SWNI000300304.jpg,SWNI000300304,"Nike Air Force 1 WHITE black Louis Vuitton monogram pattern swoosh
logo"
SWNI000300305.jpg,SWNI000300305,"Nike Air Force 1 white black The North
Face Gucci logo&outsole"
SWNI000300306.jpg,SWNI000300306,Nike Air Force 1 white Brown Louis Vuitton Monogram&outsole
SWNI000300307.jpg,SWNI000300307,"Nike Air Force 1 Low Valentine s Day
Summit White dusty pink"
SWNI000300308.jpg,SWNI000300308,Nike Air Force 1 black premium
SWNI000300309.jpg,SWNI000300309,Nike Air Force 1 white premium
SWNI000400004.jpg,SWNI000400004,ابيض لكي تشارمس جولد لينك LX نايك ايرفورس 1
SWNI000400006.jpg,SWNI000400006,بينك بلينج LX نايك ايرفورس 1
SWNI000600001.jpg,SWNI000600001,نايك ايرفورس 1 هاف ابيض سادة
SWNI000600004.jpg,SWNI000600004,نايك ايرفورس 1 هاف جراي بلك برايت كريمزن
SWNI000600007.jpg,SWNI000600007,نايك ايرفورس 1 هاف Stussy Fossil
SWNI000600008.jpg,SWNI000600008,نايك ايرفورس 1 هاف white royal blue
SWNI000600009.jpg,SWNI000600009,"نايك ايرفورس 1 هاف white red Supreme
logo"
SWNI000600010.jpg,SWNI000600010,"نايك ايرفورس 1 هاف black red Supreme
logo"
SWNI000600011.jpg,SWNI000600011,نايك ايرفورس 1 هاف white x Louis Vuitton
SWNI000700002.jpg,SWNI000700002,نايك جوردن 1 بلك توي
SWNI000700005.jpg,SWNI000700005,نايك جوردن 1 سموك جراي
SWNI000700008.jpg,SWNI000700008,نايك جوردن 1 موكا
SWNI000700009.jpg,SWNI000700009,نايك جوردن 1 يوني بلو
SWNI000700010.jpg,SWNI000700010,نايك جوردن 1 ليت سموك جراي
SWNI000700011.jpg,SWNI000700011,نايك جوردن 1 ميلن
SWNI000700013.jpg,SWNI000700013,نايك جوردن 1 جراي كامو
SWNI000700022.jpg,SWNI000700022,نايك جوردن 1 هايبر رويال
SWNI000700026.jpg,SWNI000700026,نايك جوردن 1 اكس ترافي سكوت فراجمنت
SWNI000700028.jpg,SWNI000700028,نايك جوردن 1 بلك وايت
SWNI000700048.jpg,SWNI000700048,نايك جوردن 1 كاندي
SWNI000700052.jpg,SWNI000700052,نايك جوردن 1 يونيون بربل وايت
SWNI000700055.jpg,SWNI000700055,نايك جوردن 1 مالتي كلر سووش فانتوم
SWNI000700060.jpg,SWNI000700060,1 نايك جوردن Equality
SWNI000700068.jpg,SWNI000700068,M&M نايك جوردن 1
SWNI000700072.jpg,SWNI000700072,gina نايك جوردن 1
SWNI000700074.jpg,SWNI000700074,Rose نايك جوردن 1
SWNI000700079.jpg,SWNI000700079,"1 نايك جوردن Hello Kitty White Rose
Green"
SWNI000700080.jpg,SWNI000700080,1 نايك جوردن Barely Grape White Purple
SWNI000700081.jpg,SWNI000700081,"1 نايك جوردن White True Red
Aquamarine Black"
SWNI000700082.jpg,SWNI000700082,1 نايك جوردن Black Grey White
SWNI000700083.jpg,SWNI000700083,"NIKE JORDAN 1 ELEMENT BLACK/CHILE RED-PARTICLE GRAY
ORG"
SWNI000700084.jpg,SWNI000700084,"nike Air Jordan1 High Midnight Navy
ORG"
SWNI000700085.jpg,SWNI000700085,"nike Air Jordan 1 Retro High OG
Rebellionaire ORG"
SWNI000700086.jpg,SWNI000700086,Air Jordan 1 High Element GORE-TEX SkY Light Olive ORG
SWNI000700087.jpg,SWNI000700087,"NIKE Air Jordan 1 Mid Black Fire Red
ORG"
SwNI000700088.jpg,SwNI000700088,"Air Jordan 1 Retro High ORG RED
BLACK WHITE"
SWNI000700089.jpg,SWNI000700089,ORG نايك جوردن 1 هايبر رويال
SWNI000700090.jpg,SWNI000700090,"nike Jordan Air Jordan 1 Mid Triple
White"
SWNI000700091.jpg,SWNI000700091,Air Jordan 1 Retro High OG A Ma Maniére Sail Burgundy ORG
SWNI000700092.jpg,SWNI000700092,"Jordan 1 Retro High Rare Air Sail
Cinnabar ORG"
SWNI000700093.jpg,SWNI000700093,"Jordan Air Jordan 1 Mid Triple Black
ORG"
SWNI000700094.jpg,SWNI000700094,nike Jordan 1 Mid White Shadow Black/White-Light Smoke Grey
SWNI000800001.jpg,SWNI000800001,نايك جوردن 1 فلت لو باريس
SWNI000800002.jpg,SWNI000800002,نايك جوردن 1 فلت وولف جراي
SWNI000800003.jpg,SWNI000800003,نايك جوردن 1 فلت ترافي سكوت موكا
SWNI000800008.jpg,SWNI000800008,نايك جوردن 1 فلت كارولينا بلو
SWNI000800011.jpg,SWNI000800011,نايك جوردن 1 فلت ليت سموك جراي
SWNI000800012.jpg,SWNI000800012,نايك جوردن 1 فلت لو باريس بربل
SWNI000800013.jpg,SWNI000800013,نايك جوردن 1 فلت ترافي سكوت ريفيرز موكا
SWNI000800014.jpg,SWNI000800014,نايك جوردن 1 فلت ترافي سكوت بلك فانتوم
SWNI000800016.jpg,SWNI000800016,نايك جوردن 1 فلت ترافي سكوت اوليف
SWNI000800022.jpg,SWNI000800022,نايك جوردن 1 فلت زايون ويليامسون فودو
SWNI000800027.jpg,SWNI000800027,نايك جوردن 1 فلت Triple White (2022)
SWNI000800028.jpg,SWNI000800028,نايك جوردن 1 فلت Panda (2023)
SWNI000800029.jpg,SWNI000800029,نايك جوردن 1 فلت Diamond Shorts
SWNI000800030.jpg,SWNI000800030,"نايك جوردن 1 فلت White Black Noble
Green Pollen"
SWNI000800032.jpg,SWNI000800032,"نايك جوردن 1 فلت Travis Scott Neutral
Olive Golf"
SWNI000800033.jpg,SWNI000800033,"نايك جوردن 1 فلت White Industrial Blue
Siren Red"
SWNI000800039.jpg,SWNI000800039,نايك جوردن 1 فلت SE All-Star
SWNI000800041.jpg,SWNI000800041,ORG نايك جوردن 1 فلت ليت سموك جراي
SWNI000800042.jpg,SWNI000800042,ORG نايك جوردن 1 فلت زايون ويليامسون فودو
SWNI000800045.jpg,SWNI000800045,"نايك جوردن 1 فلت Travis Scott VELVET
BROWN"
SWNI000800046.jpg,SWNI000800046,نايك جوردن 1 فلت Black Metallic Gold
SWNI000800047.jpg,SWNI000800047,دارك براون Travis Scott نايك جوردن 1 فلت
SWNI000800048.jpg,SWNI000800048,"نايك جوردن 1 فلت Travis Scott White
party"
SWNI000800049.jpg,SWNI000800049,"نايك جوردن 1 فلت Method of Make Sail
Metallic Gol"
SWNI000800050.jpg,SWNI000800050,نايك جوردن 1 فلت Multi-Color Black Toe
SWNI000800051.jpg,SWNI000800051,نايك جوردن 1 فلت Island Green
SWNI000800052.jpg,SWNI000800052,"نايك جوردن 1 فلت Black Dark Powder
Blue"
SWNI000800053.jpg,SWNI000800053,نايك جوردن ا فلت travis scott’s x tiffany
SWNI000800054.jpg,SWNI000800054,جوردن 1 فلت University White Red
SWNI000800055.jpg,SWNI000800055,جوردن 1 فلت Digital Pink
SWNI000800056.jpg,SWNI000800056,جوردن 1 فلت Shadow Toe
SWNI000800057.jpg,SWNI000800057,جوردن 1 فلت OG Mocha Black White
SWNI000800058.jpg,SWNI000800058,1نايك جوردن Grey Toe
SWNI000800059.jpg,SWNI000800059,1نايك جوردن Patent Elephant Black
SWNI000800060.jpg,SWNI000800060,"1 نايك جوردن White Pink Blue Gold
Moon"
SWNI000800061.jpg,SWNI000800061,"ORG Travis Scott Velvet Brown  نايك
جوردن 1 فلت"
SWNI000800062.jpg,SWNI000800062,"Travis Scott Dark Pony Pink Oxford
1 نايك جوردن"
SWNI000800063.jpg,SWNI000800063,"ORG نايك جوردن 1 فلت Travis Scott
Fragment Milita"
SWNI000800064.jpg,SWNI000800064,"ORG نايك جوردن 1 فلت Washed Teal
Low"
SWNI000800065.jpg,SWNI000800065,"ORG نايك جوردن 1 فلت Low SE Coconut
Milk Black"
SWNI000800066.jpg,SWNI000800066,"Nike Air Jordan 1 Low SE Dark Pony
ORG"
SWNI000800067.jpg,SWNI000800067,"Nike Air Jordan 1 Retro Low SE Black
Elephant ORG"
SWNI000800068.jpg,SWNI000800068,Air Jordan 1 WHITE BLUE LOGO
SWNI000800069.jpg,SWNI000800069,"Air Jordan 1 Low white blue black
gucci logo"
SwNI000800070.jpg,SwNI000800070,ORG نايك جوردن 1 فلت ترافي سكوت موكا
SwNI000800071.jpg,SwNI000800071,"Nike Air Jordan 1 Low x Travis Scott x
Fragment Design"
SWNI000800072.jpg,SWNI000800072,Nike Air Jordan 1 Low SE Dune Red
SWNI000800073.jpg,SWNI000800073,"Nike Air Jordan 1 x Travis Scott Velvet
Brown Dark Mocha"
SWNI000800074.jpg,SWNI000800074,"Nike Air Jordan 1 Low Court Purple
black white"
SWNI000800075.jpg,SWNI000800075,Nike Air Jordan 1 Low Triple Black
SWNI000800076.jpg,SWNI000800076,"NIKE Jordan1 Low SE Paw Print Pink
Foam white Glacier Blue"
SWNI000800077.jpg,SWNI000800077,"NIKE Jordan 1 Low SE Legend Light
Brown"
SWNI000800078.jpg,SWNI000800078,"Nike Air Jordan 1 Low SE Metallic
Silver"
SWNI000800079.jpg,SWNI000800079,"Nike Air Jordan 1 Low Travis Scott
Muslin/Shy Pink"
SWNI000800080.jpg,SWNI000800080,Jordan 1 Low SE Aquarius Blue
SWNI000800081.jpg,SWNI000800081,Nike Air Jordan 1 pink white Labubu
SWNI000800082.jpg,SWNI000800082,"Nike Air Jordan 1 Low black white
Labubu"
SWNI000800083.jpg,SWNI000800083,Nike Air Jordan 1 white Louis Vuitton monogram pattern red accents
SWNI000800084.jpg,SWNI000800084,"Nike Air Jordan 1 white Louis Vuitton monogram pattern silver logo red
accents"
SWNI000800085.jpg,SWNI000800085,"Nike Jordan x Dior Air Jordan 1 Low
white navy blue"
SWNI000800086.jpg,SWNI000800086,"Nike Air Jordan 1 Low Louis Vuitton
black white"
SWNI000900001.jpg,SWNI000900001,نايك جوردن 4 وايت اوريو
SWNI000900005.jpg,SWNI000900005,نايك جوردن 4 بيور ماني
SWNI000900008.jpg,SWNI000900008,نايك جوردن 4 باريس
SWNI000900009.jpg,SWNI000900009,نايك جوردن 4 بلك كات
SWNI000900010.jpg,SWNI000900010,نايك جوردن 4 بريد 2019
SWNI000900012.jpg,SWNI000900012,نايك جوردن 4 ريد ثاندر
SWNI000900013.jpg,SWNI000900013,نايك جوردن 4 يونيفرستي بلو
SWNI000900014.jpg,SWNI000900014,نايك جوردن 4 ابيض ميتاليك بربل
SWNI000900017.jpg,SWNI000900017,ORG نايك جوردن 4 وايت اوريو
SWNI000900019.jpg,SWNI000900019,ORG نايك جوردن 4 باريس
SWNI000900023.jpg,SWNI000900023,ORG نايك جوردن 4 ريد ثاندر
SWNI000900025.jpg,SWNI000900025,ORG نايك جوردن 4 بلك كات
SWNI000900032.jpg,SWNI000900032,نايك جوردن 4 بلك كات مقاسات خاصة
SWNI000900033.jpg,SWNI000900033,نايك جوردن 4 وايت اوريو مقاسات خاصة
SWNI000900034.jpg,SWNI000900034,نايك جوردن 4 ميليتري بلك
SWNI000900036.jpg,SWNI000900036,نايك جوردن 4 شيمر
SWNI000900039.jpg,SWNI000900039,ORG نايك جوردن 4 ميليتري بلك
SWNI000900042.jpg,SWNI000900042,نايك جوردن 4 باريس مقاسات خاصة
SWNI000900043.jpg,SWNI000900043,نايك جوردن 4 فاير ريد مقاسات خاصة
SWNI000900044.jpg,SWNI000900044,بين جرين SB نايك جوردن 4
SWNI000900048.jpg,SWNI000900048,نايك جوردن 4 بيور ماني مقاسات خاصة
SWNI000900049.jpg,SWNI000900049,نايك جوردن 4 كوول جراي مقاسات خاصة
SWNI000900053.jpg,SWNI000900053,4 نايك جوردن Frozen Moments
SWNI000900054.jpg,SWNI000900054,نايك SB 4 جوردن SAPPHIRE BLUE
SWNI000900055.jpg,SWNI000900055,4 نايك جوردن Retro Snorlax
SWNI000900056.jpg,SWNI000900056,4 نايك جوردن Craft  Olive
SWNI000900059.jpg,SWNI000900059,نايك جوردن 4 ميليتري بلك مقاسات خاصة
SWNI000900061.jpg,SWNI000900061,نايك جوردن 4 ابيض ميتاليك بربل مقاسات خاصة
SWNI000900062.jpg,SWNI000900062,نايك جوردن 4 ميليتري بلو مقاسات خاصة
SWNI000900065.jpg,SWNI000900065,مقاسات خاصة Midnight Navy نايك جوردن 4
SWNI000900066.jpg,SWNI000900066,نايك جوردن 4 ميليتري بلو
SWNI000900067.jpg,SWNI000900067,4 نايك جوردن Royalty Black Metallic Gold
SWNI000900068.jpg,SWNI000900068,4 نايك جوردن Thunder Black Yellow
SWNI000900069.jpg,SWNI000900069,4 نايك جوردن Motorsports 2017
SWNI000900070.jpg,SWNI000900070,بين جرين مقاسات خاصة SB نايك جوردن 4
SWNI000900071.jpg,SWNI000900071,Orchid نايك جوردن 4
SWNI000900072.jpg,SWNI000900072,نايك جوردن 4 ميليتري موف
SWNI000900073.jpg,SWNI000900073,4 نايك جوردن White Thunder
SWNI000900074.jpg,SWNI000900074,4 نايك جوردن Blue Tifanny Thunder
SWNI000900075.jpg,SWNI000900075,4 نايك جوردن Purple Violet
SWNI000900076.jpg,SWNI000900076,4 نايك جوردن Midnight Navy
SWNI000900077.jpg,SWNI000900077,ORG نايك جوردن 4 بلك كات لزار
SWNI000900078.jpg,SWNI000900078,Fear (2024) 4 نايك جوردن
SWNI000900079.jpg,SWNI000900079,Pink Oreo 4 نايك جوردن
SWNI000900080.jpg,SWNI000900080,Pink Orchid 4 نايك جوردن
SWNI000900081.jpg,SWNI000900081,"ORG4 نايك جوردن While You Were
Sleeping"
SWNI000900082.jpg,SWNI000900082,"ORG 4 نايك جوردن SP Nigel Sylvester
Brick by Brick"
SWNI000900083.jpg,SWNI000900083,ORG 4 نايك جوردن Retro Cave Stone
SwNI000900084.jpg,SwNI000900084,Fear (2024) ORG 4 نايك جوردن
SWNI000900085.jpg,SWNI000900085,"Jordan 4 Retro Forget Me Not white
light blue"
SWNI000900086.jpg,SWNI000900086,"4 نايك جوردن Royalty Black Metallic Gold
مقاسات خاصة"
SWNI000900087.jpg,SWNI000900087,"Air Jordan 4 Retro in the White
Cement gray black"
SWNI000900088.jpg,SWNI000900088,"nike Jordan 4 Retro white Metallic
Green مقاسات خاصة"
SWNI000900089.jpg,SWNI000900089,4 نايك جوردن White Thunder ORG
SWNI000900090.jpg,SWNI000900090,"Jordan 4 Retro Forget Me Not white
light blue ORG"
SWNI000900091.jpg,SWNI000900091,Pink Ore ORG 4 نايك جوردن
SWNI000900092.jpg,SWNI000900092,ORG نايك جوردن 4 ميليتري بلك مقاسات خاصة
SWNI000900093.jpg,SWNI000900093,ORG نايك جوردن 4 وايت اوريو مقاسات خاصة
SWNI000900094.jpg,SWNI000900094,Air Jordan 4 Retro in the White Cement gray black org
SWNI001300007.jpg,SWNI001300007,نايك بليزر هاف جود جيم
SWNI001300016.jpg,SWNI001300016,نايك بليزر هاف وايت بلك
SWNI001300026.jpg,SWNI001300026,نايك بليزر هاف جامبو جليز بودر
SWNI001300028.jpg,SWNI001300028,نايك بليزر هاف جامبو وايت هابانيرو ريد
SWNI001300029.jpg,SWNI001300029,نايك بليزر هاف وايت ارتيك بانش
SWNI001300030.jpg,SWNI001300030,Celestine Blue نايك بليزر هاف وايت
SwNI001300031.jpg,SwNI001300031,"Nike Blazer Mid 77 Vintage Summit
White Pink renbow"
SWNI001300032.jpg,SWNI001300032,Nike Blazer Mid Victory Summit White/White-Phantom-Light Cream
SWNI001400001.jpg,SWNI001400001,تكنو ابيض M2K نايك
SWNI001400004.jpg,SWNI001400004,تكنو بلك رينبو M2K نايك
SWNI001400005.jpg,SWNI001400005,تكنو وايت ليزر فوشيا M2K نايك
SWNI001400006.jpg,SWNI001400006,تكنو وايت بينك بلو M2K نايك
SWNI001400007.jpg,SWNI001400007,تكنو وايت جراي بلك سول M2K نايك
SWNI001400011.jpg,SWNI001400011,نايك M2K تكنو Yukon Brown
SWNI001400012.jpg,SWNI001400012,نايك M2K تكنو Platinum Tint
SWNI001400013.jpg,SWNI001400013,نايك M2K تكنو Ghost Aqua
SWNI001400014.jpg,SWNI001400014,نايك M2K تكنو Phantom Summit White
SWNI001400015.jpg,SWNI001400015,نايك M2K تكنو ORG Olive Green Black
SWNI001400016.jpg,SWNI001400016,ORG تكنو فانتوم اوليف جراي M2K نايك
SWNI001400017.jpg,SWNI001400017,نايك M4K M2K TRIBLE Black Sequoia
SWNI001400018.jpg,SWNI001400018,Nike M2K creamy off-white
SWNI001500002.jpg,SWNI001500002,فلت باندا SB نايك
SWNI001500006.jpg,SWNI001500006,فلت سيل كوست يوني جولد SB نايك
SWNI001500007.jpg,SWNI001500007,فلت سيراكيوز 2020 SB نايك
SWNI001500011.jpg,SWNI001500011,فلت ايستر SB نايك
SWNI001500018.jpg,SWNI001500018,فلت اوتومو كاتسهيرو براون جراي SB نايك
SWNI001500019.jpg,SWNI001500019,فلت اوتومو كاتسهيرو جراي بلك SB نايك
SWNI001500020.jpg,SWNI001500020,فلت اوتومو كاتسهيرو جرين اورانج SB نايك
SWNI001500023.jpg,SWNI001500023,فلت نكست ناتشر وايت منت SB نايك
SWNI001500027.jpg,SWNI001500027,فلت بيجون بينك SB نايك
SWNI001500028.jpg,SWNI001500028,فلت بربل بولس SB نايك
SWNI001500031.jpg,SWNI001500031,فلت تيم جرين SB نايك
SWNI001500035.jpg,SWNI001500035,فلت ميديم أوليف SB نايك
SWNI001500038.jpg,SWNI001500038,فلت باررا ابيستراكت ارت SB نايك
SWNI001500039.jpg,SWNI001500039,فلت بيجون بلك SB نايك
SWNI001500041.jpg,SWNI001500041,فلت بيجون بربل SB نايك
SWNI001500042.jpg,SWNI001500042,فلت اكتيف فوشيا SB نايك
SWNI001500043.jpg,SWNI001500043,فلت شون كليفر SB نايك
SWNI001500045.jpg,SWNI001500045,فلت باندا مقاسات خاصة SB نايك
SWNI001500046.jpg,SWNI001500046,فلت نكست ناتشر وايت منت مقاسات  SB نايك خاصة
SWNI001500047.jpg,SWNI001500047,فلت تيم جرين مقاسات خاصة SB نايك
SWNI001500048.jpg,SWNI001500048,فلت اوتومو كاتسهيرو وايت براون  SB نايك مقاسات خاص
SWNI001500049.jpg,SWNI001500049,فلت وايت جم مقاسات خاصة SB نايك
SWNI001500051.jpg,SWNI001500051,فلت وايت جم SB نايك
SWNI001500065.jpg,SWNI001500065,نايك SB فلت Jarritos
SWNI001500067.jpg,SWNI001500067,"نايك SB فلت وايت لوبستر (Friends and
Family)"
SWNI001500077.jpg,SWNI001500077,نايك SB One Block At A Time
SWNI001500084.jpg,SWNI001500084,"نايك SB Katsuhiro OST White Blue
Green مقاسات خاصة"
SWNI001500090.jpg,SWNI001500090,مقاسات خاصة SB Clear Aqua نايك
SWNI001500092.jpg,SWNI001500092,نايك SB فلت TIGHTBOOTH
SWNI001500094.jpg,SWNI001500094,فلت اوتومو كاتسهيرو جراي بلك مقاسات SB نايك خاصة
SWNI001500096.jpg,SWNI001500096,فلت اوتومو كاتسهيرو براون موكا مقاسات SB نايك خاص
SWNI001500099.jpg,SWNI001500099,فلت شون كليفر مقاسات خاصة SB نايك
SWNI001500100.jpg,SWNI001500100,فلت انفراريد اورانج ليبل مقاسات خاصة SB نايك
SWNI001500107.jpg,SWNI001500107,فلت سيل كوست يوني جولد مقاسات  SB نايك خاصة
SWNI001500108.jpg,SWNI001500108,"نايك SB فلت IVORY HYPER ROYAL
مقاسات خاصة"
SWNI001500111.jpg,SWNI001500111,نايك SB فلت no-brainer AE86
SWNI001500112.jpg,SWNI001500112,نايك SB فلت Run The Jewels
SWNI001500114.jpg,SWNI001500114,نايك SB فلت Green Apple
SWNI001500115.jpg,SWNI001500115,"نايك SB فلت The Powerpuff Girls
Blossom"
SWNI001500124.jpg,SWNI001500124,"نايك SB فلت Steamboy OST Dark
Brown White مقاسات"
SWNI001500125.jpg,SWNI001500125,نايك SB فلت Why So Sad?
SWNI001500136.jpg,SWNI001500136,نايك sb  Ishod Wair
SWNI001500137.jpg,SWNI001500137,فلت اوتومو كاتسهيرو سكاي وايت مقاسات SB نايك خاصة
SWNI001500138.jpg,SWNI001500138,فلت اوتومو كاتسهيرو براون جراي  SB نايك مقاسات خاص
SWNI001500140.jpg,SWNI001500140,"نايك SB فلت Steamboy OST Grey Black
مقاسات خاصة"
SWNI001500141.jpg,SWNI001500141,فلت اوتومو كاتسهيرو جراي بلك بربل  SB نايك مقاسات
SWNI001500150.jpg,SWNI001500150,"نايك SB Otomo Katsuhiro Green Purple
مقاسات خاصة"
SWNI001500151.jpg,SWNI001500151,"نايك SB Katsuhiro OST Green Blue
مقاسات خاصة"
SWNI001500152.jpg,SWNI001500152,"نايك SB دانك لو Midnight Navy University
Blue"
SWNI001500153.jpg,SWNI001500153,نايك SB دانك لو Reverse UNC
SWNI001500154.jpg,SWNI001500154,نايك SB دانك لو J-Pack Chicago
SWNI001500155.jpg,SWNI001500155,نايك SB 520 دانك لو Pack Pink
SWNI001500156.jpg,SWNI001500156,نايك sb Baskets White Red
SWNI001500157.jpg,SWNI001500157,نايك SB فلت White Wolf Gre
SWNI001500158.jpg,SWNI001500158,نايك SB فلت Grey Blue Red  LV
SWNI001500159.jpg,SWNI001500159,Nike SB TEAM WHITE RED
SWNI001500160.jpg,SWNI001500160,Nike SB Wolf Grey BROWEN ORG
SWNI001500161.jpg,SWNI001500161,ORG فلت تيم جرين SB نايك
SWNI001500162.jpg,SWNI001500162,Nike SB TEAM WHITE RED ORG
SWNI001500163.jpg,SWNI001500163,نايك SB One Block At A Time ORG
SWNI001500164.jpg,SWNI001500164,فلت اوتومو كاتسهيرو بلك جراي مقاسات SB نايك خاصة
SWNI001500165.jpg,SWNI001500165,ORGنايك SB فلت Why So Sad?
SWNI001500166.jpg,SWNI001500166,"Nike SB Dunk Low J-Pack Shadow
Black white"
SWNI001500167.jpg,SWNI001500167,"Nike SB Dunk Low Supreme 94 White
Metallic Silver"
SWNI001500168.jpg,SWNI001500168,Nike SB Dunk Low Pure Platinum/Burgundy Crush grey
SWNI001500169.jpg,SWNI001500169,"Nike SB Dunk Low North Face White
black assents&outsole"
SWNI001500170.jpg,SWNI001500170,Nike SB Dunk Low white black logo&heel tab louis Vuitton
SWNI001600006.jpg,SWNI001600006,نايك دانك لو ليت اوريوود براون ساشيكو
SWNI001600009.jpg,SWNI001600009,Honeydew نايك دانك لو ديسرابت 2 فليس باك
SWNI001600010.jpg,SWNI001600010,فوسيل ستون Year of the Rabbit نايك دانك لو
SWNI001600012.jpg,SWNI001600012,نايك دانك لو اوشن
SWNI001600013.jpg,SWNI001600013,نايك دانك لو لوتيري باك جراي فوج
SWNI001600018.jpg,SWNI001600018,"85"" نايك دانك لو"" CNY Bunny Biscuit"
SWNI001600019.jpg,SWNI001600019,نايك دانك لو Valentine s Day (2023)
SWNI001600023.jpg,SWNI001600023,نايك دانك لو Terry Swoosh
SWNI001600024.jpg,SWNI001600024,نايك دانك لو Triple Pink
SWNI001600027.jpg,SWNI001600027,نايك دانك لو Orange Pearl
SWNI001600028.jpg,SWNI001600028,"نايك دانك لو Union LA Passport Pack
Argon (2022)"
SWNI001600029.jpg,SWNI001600029,نايك دانك لو Green Glow
SWNI001600030.jpg,SWNI001600030,نايك دانك لو Pink Foam Red White
SWNI001600032.jpg,SWNI001600032,نايك دانك لو Phantom Metallic Gold
SWNI001600042.jpg,SWNI001600042,نايك دانك لو Year of the Dragon
SWNI001600046.jpg,SWNI001600046,نايك دانك لو سموك جراي مقاسات خاصة
SWNI001600047.jpg,SWNI001600047,مقاسات خاصة 2.0 Black Panda نايك دانك لو
SWNI001600048.jpg,SWNI001600048,مقاسات  Grey White Green نايك دانك لو خاصة
SWNI001600049.jpg,SWNI001600049,"نايك دانك لو Double Swoosh Black Grey
مقاسات خاصة"
SWNI001600050.jpg,SWNI001600050,مقاسات خاصة U.S.A نايك دانك لو
SWNI001600051.jpg,SWNI001600051,نايك دانك Philadelphia Phillies مقاسات خاصة
SWNI001600052.jpg,SWNI001600052,"نايك دانك لو Steamboy OST LP3445-001
مقاسات خاصة"
SWNI001600054.jpg,SWNI001600054,نايك دانك لو Bone Beige
SWNI001600055.jpg,SWNI001600055,مقاسات خاصة beige-grey نايك دانك لو
SWNI001600056.jpg,SWNI001600056,"Nike Dunk Low DoubleSwoosh cream
beige مقاسات خاصة"
SWNI001600057.jpg,SWNI001600057,"NikE Dunk Lo OG Panda Pigeon
black whiteمقاسات خاص"
SWNI001600058.jpg,SWNI001600058,Nike Dunk Low DoubleSwoosh Neptune Green مقاسات خا
SWNI001600059.jpg,SWNI001600059,"Nike Dunk Low DoubleSwoosh pink
Rabbit مقاسات خاصة"
SWNI001600060.jpg,SWNI001600060,"Nike Dunk Low DoubleSwoosh beige
black  مقاسات خاص"
SWNI001600061.jpg,SWNI001600061,"Nike Dunk Low DoubleSwoosh beige
blue  مقاسات خاصة"
SWNI001600062.jpg,SWNI001600062,"Nike Dunk Low DoubleSwoosh beige
navy red مقاسات خاصة"
SWNI001600063.jpg,SWNI001600063,"Nike Dunk low creamy/black white
sole ORG"
SWNI001600064.jpg,SWNI001600064,"Nike Dunk Low X Grey brown logo
ORG"
SWNI001600065.jpg,SWNI001600065,Nike Dunk Low Gs Black Spider ORG
SWNI001600066.jpg,SWNI001600066,"Nike Dunk Low Supreme 94 Black
ORG"
SWNI001600068.jpg,SWNI001600068,"Nike Dunk Low Black Bright Mandarin
ORG"
SWNI001600069.jpg,SWNI001600069,Nike Dunk Low Pro White/Black ORG
SWNI001600070.jpg,SWNI001600070,"Nike Dunk Low Premium White Game
Royal ORG"
SWNI001600071.jpg,SWNI001600071,Nike Dunk Low Navy Black Gum ORG
SWNI001600072.jpg,SWNI001600072,Nike Dunk LowOff-White Lot gray
SWNI001600073.jpg,SWNI001600073,Nike Dunk low white sail superme
SWNI001600074.jpg,SWNI001600074,"Nike Dunk Low x Gucci white gray
black"
SWNI001600075.jpg,SWNI001600075,"Nike Dunk Low x Gucci white gray
green logo"
SWNI001600076.jpg,SWNI001600076,Nike Dunk Low white blue Gucci logo
SWNI001600077.jpg,SWNI001600077,Nike Dunk Low Worldwide White Blue
SWNI001600078.jpg,SWNI001600078,"NIKE AIR JORDAN 1 SCOTT
SUPREME white taupe logo"
SWNI001600079.jpg,SWNI001600079,"Nike SB Dunk Low Batman Carhartt
black white"
SwNI001600080.jpg,SwNI001600080,Nike Dunk Low Retro Panda WHITE BLACK speckled midsole مقاسات خاصة
SWNI001600081.jpg,SWNI001600081,"Nike Dunk Low Cacao Wow brown
white"
SWNI001600082.jpg,SWNI001600082,"Nike Dunk Low Retro Valerian Blue
white"
SWNI001600083.jpg,SWNI001600083,"Nike Dunk Low Soft Pearl Off-White
Orewood Brown"
SWNI001600084.jpg,SWNI001600084,Nike Dunk Low pink white
SWNI001600085.jpg,SWNI001600085,Nike Dunk Low Olive Phantom
SWNI001600086.jpg,SWNI001600086,"Nike SB Dunk Low Pro B Pale Ivory
gum outsole"
SWNI001600088.jpg,SWNI001600088,"Nike Dunk Low Next Nature
Hemp/Sail"
SWNI001600090.jpg,SWNI001600090,"Nike Dunk Low Midnight Navy Lt
Smoke Grey"
SWNI001600091.jpg,SWNI001600091,"Nike SB Dunk Low Just Vote white
black red blue accents"
SWNI001600092.jpg,SWNI001600092,Nike Dunk Low triple white
SWNI001600093.jpg,SWNI001600093,"Nike Dunk Low Pro SB Black orange
accents ORG"
SWNI001600095.jpg,SWNI001600095,"Nike Air Jordan 1 Low SE White red
Supreme pink blue logo"
SWNI001600096.jpg,SWNI001600096,"Nike Dunk Low x Louis Vuitton white
brown logo&outsole"
SWNI001600097.jpg,SWNI001600097,Nike Dunk Low Metallic Silver white
SWNI001600098.jpg,SWNI001600098,Nike Dunk Low Regal Pink
SWNI001600099.jpg,SWNI001600099,"Nike Dunk Low LX Metallic Silver Pink
Foam"
SWNI001600100.jpg,SWNI001600100,"Nike Dunk Low Unlock Your Space
white grey blue purple"
SWNI001600101.jpg,SWNI001600101,"Nike Dunk Low Retro SE Pale Ivory
Baroque Brown"
SWNI001600102.jpg,SWNI001600102,"Nike SB Dunk Low Dark Smoke Grey
black"
SWNI001600103.jpg,SWNI001600103,"Nike SB Dunk Low White Black
logo&outsole"
SWNI001600104.jpg,SWNI001600104,"Nike Dunk SB Low Supreme white
navy blue red accents"
SWNI001600105.jpg,SWNI001600105,Nike Dunk SB Low Supreme white Black logo&laces&outsole
SWNI001600106.jpg,SWNI001600106,Nike Dunk SB Low The North Face off-white navy blue laces
SWNI001600107.jpg,SWNI001600107,"Nike Dunk SB Low Supreme off-white
Grey"
SWNI001600108.jpg,SWNI001600108,نايك دانك لو لوتيري باك جراي فوج مقاسات خاصة
SWNI001600109.jpg,SWNI001600109,"نايك SB One Block At A Time  مقاسات
خاصة"
SWNI001600110.jpg,SWNI001600110,"Nike SB Dunk Low beige red
Supreme"
SWNI001600111.jpg,SWNI001600111,Nike SB Dunk Low gray red Supreme
SWNI001600112.jpg,SWNI001600112,"Nike SB Dunk Low olive-green red
Supreme logo"
SWNI001600113.jpg,SWNI001600113,"Nike SB Dunk Low white black
Labubu"
SWNI001600114.jpg,SWNI001600114,"Nike SB Dunk Low white light pinkish
light blue accents Labubu"
SWNI001600115.jpg,SWNI001600115,"Nike SB Dunk Low pink white pink
outsole Labubu"
SWNI001600116.jpg,SWNI001600116,"Nike Dunk Low black white
camouflage"
SWNI001600117.jpg,SWNI001600117,Nike Dunk Low white dark blue 8 Ball
SWNI001600118.jpg,SWNI001600118,"Nike SB Dunk Low Pro B Pale Ivory
gum outsole ORG"
SWNI001600119.jpg,SWNI001600119,"Nike SB Dunk Low Otomo Katsuhiro
Brown / Steamboy OST"
SWNI001600120.jpg,SWNI001600120,"Nike SB Dunk Low Pro Triple White
orange assents"
SwNI001600121.jpg,SwNI001600121,"Nike x Supreme SB Dunk Low White
grey red"
SWNI001700011.jpg,SWNI001700011,"ORG Retro Silver Anniversary  نايك
3 جوردن"
SwNI001700012.jpg,SwNI001700012,"Nike Air Jordan 3 Spizike Low Black
Cat  Vogue Walk"
SwNI001700013.jpg,SwNI001700013,Air Jordan 3 Retro Craft Ivory
SWNI001800002.jpg,SWNI001800002,نايك بليزر فلت وايت بلك
SWNI001800005.jpg,SWNI001800005,نايك بليزر فلت وايت بينك جليز
SWNI001800006.jpg,SWNI001800006,نايك بليزر فلت وايت اورانج
SWNI002100001.jpg,SWNI002100001,نايك ايرماكس بلس 3 وولف جراي
SWNI002100002.jpg,SWNI002100002,نايك ايرماكس بلس 3 بلك ريد
SWNI002100003.jpg,SWNI002100003,نايك ايرماكس بلس 3 تريبل وايت
SWNI002100004.jpg,SWNI002100004,نايك ايرماكس بلس 3 بلك بلو
SWNI002100006.jpg,SWNI002100006,نايك ايرماكس بلس 3 تريبل بلك
SWNI002100008.jpg,SWNI002100008,نايك ايرماكس بلس 3 تراك ريد
SWNI002100010.jpg,SWNI002100010,نايك ايرماكس بلس 3 بلك سووش بلو
SWNI002100011.jpg,SWNI002100011,نايك ايرماكس بلس 3 لزار وايت بلك
SWNI002100017.jpg,SWNI002100017,نايك ايرماكس بلس 3 ليزر بلو
SWNI002100018.jpg,SWNI002100018,نايك ايرماكس بلس 3 بلك سووش سيلفر
SWNI002100021.jpg,SWNI002100021,3 نايك ايرماكس بلس Chaussures Blue
SWNI002100026.jpg,SWNI002100026,3 نايك ايرماكس بلس Black Gray Red
SWNI002100027.jpg,SWNI002100027,"Aqua Gradient TN Blue نايك ايرماكس بلس
3"
SWNI002100028.jpg,SWNI002100028,"Nike Air Max Plus 3White Black Team
Orange"
SWNI002100029.jpg,SWNI002100029,"Nike Air Max Plus 3 BLACK RED
BIUE Spider-Man"
SWNI002100030.jpg,SWNI002100030,نايك ايرماكس بلس 3 جراى سووش مينت
SWNI002300006.jpg,SWNI002300006,تمبو وايت سكاي بلو UP نايك
SWNI002600001.jpg,SWNI002600001,نايك جاكيموس هومارا بيج
SWNI002600002.jpg,SWNI002600002,Nike Air Humara LX Jacquemus creamy off-white Light Bone
SWNI002700002.jpg,SWNI002700002,"Nike Air Max 1 Obsidian and Light
Orewood Brown"
SWNI002700003.jpg,SWNI002700003,Nike Air Max 1 brown stone grey
SWNI002700004.jpg,SWNI002700004,Nike Air Max 1 Wolf Grey
SWNI002700005.jpg,SWNI002700005,Nike Air Max 1 Jewel Black
SWNI002800001.jpg,SWNI002800001,نايك ايرماكس بلس تريبل بلك
SWNI002800002.jpg,SWNI002800002,نايك ايرماكس بلس تريبل وايت
SWNI002800003.jpg,SWNI002800003,نايك ايرماكس بلس سيل بلو
SWNI002800004.jpg,SWNI002800004,نايك ايرماكس بلس جراي ريفليكتف لوجو
SWNI002800005.jpg,SWNI002800005,نايك ايرماكس بلس بلك بارتيكال جراي فابور
SWNI002800006.jpg,SWNI002800006,Grape نايك ايرماكس بلس
SWNI002800008.jpg,SWNI002800008,BLACK WHITE نايك ايرماكس بلس
SWNI002800009.jpg,SWNI002800009,Patta - FC Barcelona نايك ايرماكس بلس
SWNI002800010.jpg,SWNI002800010,نايك ايرماكس بلس White Black Red
SWNI002800011.jpg,SWNI002800011,PURPLE VOLTS نايك ايرماكس بلس
SWNI002800015.jpg,SWNI002800015,ايرماكس بلس Multicolor Pink Blue
SWNI002800016.jpg,SWNI002800016,TN France  نايك ايرماكس بلس
SWNI002800017.jpg,SWNI002800017,25  نايك ايرماكس بلسth Anniversary
SWNI002800018.jpg,SWNI002800018,Black Metallic Silver نايك ايرماكس بلس
SWNI002800019.jpg,SWNI002800019,ايرماكس بلس WhiteTeal Green Blue
SWNI002800020.jpg,SWNI002800020,"نايك ايرماكس بلس Black White Killer
Whale"
SWNI002800021.jpg,SWNI002800021,نايك ايرماكس بلس White Black Mint Green
SWNI002800022.jpg,SWNI002800022,نايك ايرماكس بلس White GRAY logo pink
SWNI002800023.jpg,SWNI002800023,نايك ايرماكس بلس Swarovski Moonlight
SWNI002800024.jpg,SWNI002800024,نايك اير ماكس بلس Heat Light Blue  Black
SWNI002800025.jpg,SWNI002800025,"نايك اير ماكس بلس Heat Green Glow
Black"
SWNI002800026.jpg,SWNI002800026,نايك اير ماكس بلس Heat Light Red Black
SWNI002800027.jpg,SWNI002800027,NIKE AIR MAX PLUS GARY
SWNI002800029.jpg,SWNI002800029,"NIKE AIR MAX PLUS BLACK GRAY
ORANGE LOGO"
SWNI002800030.jpg,SWNI002800030,"NIKE AIR MAX PLUS GRAY BLACK
ORANGE LOGO"
SWNI002800031.jpg,SWNI002800031,"NIKE AIR MAX PLUS BLACK GRAY
RED LOGO"
SWNI002800032.jpg,SWNI002800032,Nike Air Max Plus Black Hyper Pink
SWNI002800033.jpg,SWNI002800033,"Nike TN Air Max Plus Grey BLACK
LOGO"
SWNI002800034.jpg,SWNI002800034,Nike Air Max Plus Grape Ice
SWNI002800035.jpg,SWNI002800035,White Pink نايك ايرماكس بلس
SWNI002800036.jpg,SWNI002800036,نايك ايرماكس بلس تريبل بلك مقاسات خاصة
SWNI002800037.jpg,SWNI002800037,نايك ايرماكس بلس تريبل وايت مقاسات خاصة
SWNI002800038.jpg,SWNI002800038,"Black White Killer نايك ايرماكس بلس
مقاسات خاصة Whale"
SWNI002800039.jpg,SWNI002800039,"نايك ايرماكس بلس  Black Metallic Silver
مقاسات خاصة"
SWNI002800040.jpg,SWNI002800040,مقاسات خاصة Grape نايك ايرماكس بلس
SWNI002800041.jpg,SWNI002800041,"Nike Air Max Plus Deadpool red  black
مقاسات خاصة"
SWNI002800042.jpg,SWNI002800042,Nike Air Max Plus white olive green
SWNI002800043.jpg,SWNI002800043,"Nike Air Max Plus Mercurial Vapor
white black turquoise"
SWNI002800044.jpg,SWNI002800044,Nike Air Max Plus Black White Grey
SWNI002800045.jpg,SWNI002800045,Nike Air Max Plus PSG Paris Saint-Germain Black Particle Grey
SWNI002800046.jpg,SWNI002800046,Nike Air Max Plus Sail Light Violet
SWNI002800047.jpg,SWNI002800047,Nike Air Max Plus Pink Fade WHITE
SWNI002800048.jpg,SWNI002800048,"Nike Air Max Plus Purple BLACK
WHITE"
SWNI002800049.jpg,SWNI002800049,Nike Air Max Plus All Day Sunset Pulse/Pink Foam/White/Black
SWNI002800050.jpg,SWNI002800050,"Nike Air Max Plus Black Laser Orange
White Hyper Violet"
SWNI002800051.jpg,SWNI002800051,Nike Air Max Plus Ice White/Black/Baltic Blue
SWNI002800052.jpg,SWNI002800052,"Nike Air Max Plus Black Honey gold
LOGO"
SWNI002800053.jpg,SWNI002800053,Nike Air Max Plus Flairemax black red
SWNI002800054.jpg,SWNI002800054,"Nike Air Max Plus Hot Curry Smoke
Grey orange"
SWNI002800055.jpg,SWNI002800055,"Nike Air Max Plus Olive Gradient
White Casual"
SWNI002800056.jpg,SWNI002800056,"Nike Air Max Plus navy blue wavy
black bright red"
SWNI002800057.jpg,SWNI002800057,Nike Air Max Plus Battle Blue white
SWNI002800058.jpg,SWNI002800058,"Nike Air Max Plus black wavy white
black midsole/outsole"
SWNI002800059.jpg,SWNI002800059,Nike Air Max Plus Ironstone House of Heat brown grey silver tones
SWNI002800060.jpg,SWNI002800060,"Nike Air Max Plus Black Hot Punch
Pink Black Gradient"
SWNI002800061.jpg,SWNI002800061,"Nike Air Max Plus Burgundy Crush
white"
SWNI002800062.jpg,SWNI002800062,"Nike Air Max Plus Neon Pearl Black
Grey Lime"
SWNI002900003.jpg,SWNI002900003,نايك ايرزووم الفافلى نكست بروتوتيب
SWNI003000006.jpg,SWNI003000006,"Nike ZoomX Invincible Run 3 White
Photon Dust"
SWNI003100001.jpg,SWNI003100001,كوبليستون بيوتر 5 VOMERO نايك زووم
SWNI003100002.jpg,SWNI003100002,فوتون داست ميتاليك  5 VOMERO نايك زووم سيلفر
SWNI003100003.jpg,SWNI003100003,بينك سكاي بلو 5 VOMERO نايك زووم
SWNI003100006.jpg,SWNI003100006,"نايك زووم VOMERO 5 520 Pack Ocean
Bliss"
SWNI003100007.jpg,SWNI003100007,تريبل بلك 5 VOMERO نايك زووم
SWNI003100008.jpg,SWNI003100008,نايك زووم VOMERO 5 Vast Grey
SWNI003100009.jpg,SWNI003100009,نايك زووم VOMERO 5 Black Silver
SWNI003100010.jpg,SWNI003100010,"نايك زووم VOMERO 5 520 Pack White
Pink"
SWNI003100011.jpg,SWNI003100011,نايك زووم vomero 5 off white بيج
SWNI003100013.jpg,SWNI003100013,نايك زووم VOMERO 5 Pink Foam
SWNI003100014.jpg,SWNI003100014,نايك Zoom Vomero 5 Anthracite Black
SWNI003100015.jpg,SWNI003100015,نايك زووم VOMERO 5  Earth Fossil
SWNI003100016.jpg,SWNI003100016,ننايك زووم VOMERO 5 Pale Ivory  Fossil
SWNI003100017.jpg,SWNI003100017,"ننايك زووم VOMERO  5 Photon Dust
Black"
SWNI003100018.jpg,SWNI003100018,ننايك زووم VOMERO 5 wolf Cool Grey
SWNI003100019.jpg,SWNI003100019,نايك زووم VOMERO 5 Metallic Gold
SWNI003100020.jpg,SWNI003100020,Nike Zoom Vomero 5 white
SWNI003100021.jpg,SWNI003100021,"Nike Zoom Vomero 5 Sail Mink Brown
Black"
SWNI003100022.jpg,SWNI003100022,"Nike Zoom Vomero 5 Elemental Pink
white"
SWNI003300002.jpg,SWNI003300002,نايك هوت ستيب اير تيرا دريك نوكتا وايت
SWNI003400001.jpg,SWNI003400001,نايك ايرزووم Spiridon 2 كيدج Stussy Fossil
SWNI003500002.jpg,SWNI003500002,95SP Monster نايك اير ماكس
SWNI003500003.jpg,SWNI003500003,95SP Corteiz Pink Beam نايك اير ماكس
SWNI003500004.jpg,SWNI003500004,"Nike Air Max 95 Black gray Royal Blue
accents"
SWNI003500005.jpg,SWNI003500005,"Nike Air Max 95 Dark Cinder/Red
brown Soft Pearl"
SWNI003600001.jpg,SWNI003600001,ليفت وايت بلك Court Legacy نايك
SWNI003600002.jpg,SWNI003600002,"Court Legacy Lift Pearl White
Phantom"
SWNI003600003.jpg,SWNI003600003,NIKE Court Legacy Pearl White
SWNI003600004.jpg,SWNI003600004,Nike Court Legacy Lift Triple White
SWNI003700001.jpg,SWNI003700001,امبوش بلك سايكيك بربل Adjust Force نايك
SWNI003700002.jpg,SWNI003700002,امبوش بلك وايت سووش Adjust Force نايك
SWNI004100001.jpg,SWNI004100001,وايت ميتاليك سيلفر ماكس اورانج Shox TL نايك
SWNI004100002.jpg,SWNI004100002,نايك Shox TL 2023 بلك
SWNI004100004.jpg,SWNI004100004,Nike Shox TLPink Foam
SWNI004100005.jpg,SWNI004100005,"Nike Shox TL White Wolf Grey Black
Metallic Silver"
SWNI004100006.jpg,SWNI004100006,Nike Shox TL Black Playful Pink
SWNI004500002.jpg,SWNI004500002,13 نايك جوردن Playoffs (2023)
SWNI004500004.jpg,SWNI004500004,"Cap and Gown trible black 13  نايك
جوردن"
SWNI004500005.jpg,SWNI004500005,He Got Game white black 13 نايك جوردن
SWNI004500006.jpg,SWNI004500006,Wolf Grey  13 نايك جوردن
SWNI004500007.jpg,SWNI004500007,Jordan 13 Retro Black Cat ORG
SWNI004800003.jpg,SWNI004800003,"نايك Jordan Jumpman Jack TR Travis
Scott Dark Moch"
SWNI004800004.jpg,SWNI004800004,"نايك Jordan Jumpman Jack TR Scott
Dark Mocha ORG"
SWNI004900002.jpg,SWNI004900002,نايك Spark Phantom Dark Smoke Grey
SWNI005000003.jpg,SWNI005000003,Nike ReactX Infinity Run 4 GORE-TEX black white
SWNI005000004.jpg,SWNI005000004,Nike ReactX Infinity Run 4 GORE-TEX triple black
SWNI005000005.jpg,SWNI005000005,Nike ReactX Infinity Run 4 GORE-TEX Sea Glass Total Orange
SWNI005000006.jpg,SWNI005000006,"Nike ReactX Infinity Run 4 GORE-TEX Deep Jungle Total
Orange"
SWNI005200001.jpg,SWNI005200001,بلك وايت V2K Run نايك
SWNI005200002.jpg,SWNI005200002,وايت بينك V2K Run نايك
SWNI005200004.jpg,SWNI005200004,"نايك V2K Run Summit White Metallic
Silver"
SWNI005200005.jpg,SWNI005200005,نايك V2K Run Black Dark Smoke Grey
SWNI005200011.jpg,SWNI005200011,"""نايك  V2K Run Summit White Pltnmtrnt
"""
SWNI005200012.jpg,SWNI005200012,نايك  V2K Run White Burgundy
SWNI005200013.jpg,SWNI005200013,نايك V2K Run White Ore Silver
SWNI005200014.jpg,SWNI005200014,"نايك V2K Run White Light Orewood
Brown"
SWNI005200015.jpg,SWNI005200015,نايك  V2K Run Summit Brown gray beig
SWNI005200016.jpg,SWNI005200016,"نايك  V2K Run Pltnmtrnt White Photon
Dust"
SWNI005200017.jpg,SWNI005200017,نايك  V2K Run Cream White
SWNI005200018.jpg,SWNI005200018,Nike V2K Run Phantom LIght Khaki
SWNI005200019.jpg,SWNI005200019,"Nike V2K Run Pale Ivory Cream
GRAY"
SWNI005200020.jpg,SWNI005200020,Nike V2K Run WHITE SILVER orang
SWNI005200021.jpg,SWNI005200021,Nike V2K Run WHITE
SWNI005200022.jpg,SWNI005200022,"Nike V2K Run GRAY WHITE PINK
SOLE"
SWNI005200023.jpg,SWNI005200023,Nike V2K Run Platinum Violet
SWNI005200024.jpg,SWNI005200024,"Nike V2K Run WHITE GRAY SOLE
PINK LOGO"
SWNI005200025.jpg,SWNI005200025,Nike V2K Run Metallic Silver White
SWNI005200026.jpg,SWNI005200026,Nike V2K Run black white logo
SWNI005200027.jpg,SWNI005200027,"Nike V2K Run Summit White/Metallic
Silver black"
SWNI005200028.jpg,SWNI005200028,Nike V2K Run light blue white gray
SWNI005200029.jpg,SWNI005200029,"Nike V2K Run Velvet Brown White
Black Baroque Brown"
SWNI005200030.jpg,SWNI005200030,Nike V2K Run Summit Pink burgundy
SWNI005200031.jpg,SWNI005200031,Nike V2K Run Pink Foam white
SWNI005200032.jpg,SWNI005200032,"Nike V2K Run Wolf Grey Midnight
Marine Homme"
SWNI005200033.jpg,SWNI005200033,"Nike V2K Run Obsidian/Thunder
Blue/Wolf Grey"
SWNI005200034.jpg,SWNI005200034,Nike V2K Run Mink Brown Summit White College Grey Ironstone
SWNI005200035.jpg,SWNI005200035,"Nike V2K Run Velvet Brown White
Black"
SWNI005200036.jpg,SWNI005200036,Nike V2K Run Metallic Silver White
SWNI005200037.jpg,SWNI005200037,"Nike V2K Run Thunder Blue Wolf
Grey Obsidian"
SWNI005200038.jpg,SWNI005200038,"Nike V2K Run Metallic Silver Cave
Stone pink"
SWNI005400003.jpg,SWNI005400003,ORG نايك Jordan 5 Fresh Prince Grape
SWNI005700001.jpg,SWNI005700001,نايك ايرماكس الترا ريد بلك
SWNI005700004.jpg,SWNI005700004,نايك ايرماكس الترا بلك
SWNI005700005.jpg,SWNI005700005,نايك ايرماكس الترا بلك فولت
SWNI005700008.jpg,SWNI005700008,dark navy red نايك ايرماكس الترا
SWNI005700009.jpg,SWNI005700009,نايك ايرماكس الترا بلك وايت لوجو
SWNI005700010.jpg,SWNI005700010,black orange نايك ايرماكس الترا
SWNI005800002.jpg,SWNI005800002,DN Black Dark Smoke Grey نايك ايرماكس
SWNI005800004.jpg,SWNI005800004,White DN نايك ايرماكس
SWNI005800005.jpg,SWNI005800005,نايك ايرماكس DN Hyper Blue
SWNI005800006.jpg,SWNI005800006,نايك ليرماكس DN Black White Cool Grey
SWNI005800007.jpg,SWNI005800007,نايك ايرماكس DN Volt Black
SWNI005800008.jpg,SWNI005800008,DN All Day نايك ايرماكس
SWNI006100003.jpg,SWNI006100003,"Great Outdoors Triple Black Cortez
TXT نايك"
SWNI006100004.jpg,SWNI006100004,PinkSoft sail Fir Cortez TXT نايك
SWNI006100005.jpg,SWNI006100005,Dark Green sail Fir Cortez TXT نايك
SWNI006100006.jpg,SWNI006100006,Baroque Brown sail Fir Cortez TXT نايك
SWNI006100007.jpg,SWNI006100007,"white gray Coral sail Fir Cortez TXT
نايك"
SWNI006100008.jpg,SWNI006100008,Triple white Classic 23 Cortez TXT نايك
SWNI006100009.jpg,SWNI006100009,Leather Metallic Silver Cortez TXT نايك
SWNI006100010.jpg,SWNI006100010,Leather Fuchsia Cortez TXT نايك
SWNI006100011.jpg,SWNI006100011,Picante Red  Cortez TXT نايك
SWNI006100012.jpg,SWNI006100012,"Nike Cortez TXT Dark Team Red
Navy White"
SWNI006100013.jpg,SWNI006100013,"Nike Cortez TXT Vintage Green
Muslin brown Gum"
SWNI006100014.jpg,SWNI006100014,Nike Cortez TXT Vintage Mink Medium Brown/White
SWNI006100015.jpg,SWNI006100015,Nike Cortez TXT Fir Pinksicle Sail dark green pink LOGO&Midsole
SWNI006100016.jpg,SWNI006100016,Nike Cortez TXT black white
SWNI006100017.jpg,SWNI006100017,Nike Cortez TXT white black
SWNI006100018.jpg,SWNI006100018,"Nike Cortez TXT midnight navy blue
white"
SWNI006100019.jpg,SWNI006100019,"Nike Cortez TXT white red black stripe
midsole"
SWNI006100020.jpg,SWNI006100020,Nike Cortez TXT white brown midsole
SWNI006100021.jpg,SWNI006100021,Nike Cortez TXT Velvet Brown black
SWNI006100022.jpg,SWNI006100022,"Nike Cortez TXT Basic Forrest Gump
white red blue"
SWNI006100023.jpg,SWNI006100023,"Nike Cortez TXT Basic Forrest Gump
white red"
SWNI006100024.jpg,SWNI006100024,Nike Cortez  TXT Cacao Wow
SWNI006200001.jpg,SWNI006200001,"نايك P-6000 RED METALLIC
PLATINUM"
SWNI006200002.jpg,SWNI006200002,نايك P-6000 WHITE SILVER
SWNI006200004.jpg,SWNI006200004,"نايك P-6000 Purple Black Summit
White"
SWNI006200005.jpg,SWNI006200005,نايك P-6000 Silver Pink
SWNI006200007.jpg,SWNI006200007,نايك P-6000 Metallic Silver
SWNI006200008.jpg,SWNI006200008,نايك P-6000 Triple White
SWNI006200009.jpg,SWNI006200009,نايك P-6000 Triple BALACK
SWNI006200010.jpg,SWNI006200010,NIKE P-6000 black white
SWNI006200011.jpg,SWNI006200011,NIKE P-6000 white brown beige
SWNI006200012.jpg,SWNI006200012,"NIKE P-6000 Flat Pewter/White-Light
Iron Ore"
SWNI006200013.jpg,SWNI006200013,NIKE P-6000 Sail white light beige
SWNI006200014.jpg,SWNI006200014,"NIKE P-6000 Platinum Violet and Vast
Grey"
SWNI006200015.jpg,SWNI006200015,"Nike P-6000 Elemental Pink Metallic
Silver"
SWNI006200016.jpg,SWNI006200016,Nike P-6000 Summit White navy logo
SWNI006200017.jpg,SWNI006200017,Nike P-6000 custom pink white
SWNI006200018.jpg,SWNI006200018,Nike P-6000 Earth Light Bone
SWNI006200019.jpg,SWNI006200019,"Nike P-6000 Platinum Tint Black
white/silver-tone/black"
SWNI006200020.jpg,SWNI006200020,"Nike P-6000 Shadow Grey Black
White/Metallic Silver"
SWNI006200021.jpg,SWNI006200021,"Nike P-6000 Photon Dust Anthracite
white gray"
SWNI006200022.jpg,SWNI006200022,"Nike P-6000 black Iron Grey Dark
Smoke Grey"
SWNI006200023.jpg,SWNI006200023,Nike P-6000 Black Cool Grey
SWNI006200024.jpg,SWNI006200024,"Nike P-6000 Dusty Cactus WHITE
SILVER BLUE"
SWNI006200025.jpg,SWNI006200025,"Nike P-6000 White Blue Tint Sail
Metallic Silver"
SWNI006200026.jpg,SWNI006200026,"Nike P-6000 Summit White Pure
Platinum"
SWNI006200027.jpg,SWNI006200027,"Nike P-6000 White Purple Light Violet
Ore"
SWNI006400001.jpg,SWNI006400001,"Nike Air Max Sunder Canyon Gold
Deep Ocean"
SWNI006400002.jpg,SWNI006400002,Nike Air Max Sunder Volt Black
SWNI006400003.jpg,SWNI006400003,Nike Air Max Sunder Hyper Pink Black
SWNI006500001.jpg,SWNI006500001,"Nike NOCTA Glide Drake EYBL Green
Strike"
SWNI006500002.jpg,SWNI006500002,Nike NOCTA Glide Black Red
SWNI006700001.jpg,SWNI006700001,Nike LeBron 20 White Gold
SWNI006800001.jpg,SWNI006800001,نايك Air Max Portal white navy
SWNI006800002.jpg,SWNI006800002,NIKE Air Max Portal black white
SWNI006800003.jpg,SWNI006800003,NIKE Air Max Portal white team red
SWNI006800004.jpg,SWNI006800004,NIKE Air Max Portal triple white
SWNI006800005.jpg,SWNI006800005,NIKE Air Max Portal triple black
SWNI006800006.jpg,SWNI006800006,Nike Air Max Portal Sail Black
SWNI006800007.jpg,SWNI006800007,Nike Air Max Portal black pinksicle
SWNI006800008.jpg,SWNI006800008,"Nike Air Max Portal Light Soft Pink
Violet"
SWNI006800009.jpg,SWNI006800009,"Nike Air Max Portal Sail/Pink
Foam-Aluminum"
SWNI006800010.jpg,SWNI006800010,"Nike Air Max Portal SE Metallic Silver
Phantom"
SWNI006800011.jpg,SWNI006800011,"Nike Air Max Portal Mink Brown White
Light Sand"
SWNI006900001.jpg,SWNI006900001,وايت ريد 6 tn نايك اير ماكس
SWNI006900002.jpg,SWNI006900002,بلك سيلفر 6 tn نايك اير ماكس
SWNI006900003.jpg,SWNI006900003,بلك جولد 6 tn نايك اير ماكس
SWNI006900004.jpg,SWNI006900004,نايك اير ماكس tn 6 yellow silver
SWNI006900005.jpg,SWNI006900005,تريبل بلك 6 tn نايك اير ماكس
SWNI007000001.jpg,SWNI007000001,"نايك Journey Run Black Anthracite
White"
SWNI007000002.jpg,SWNI007000002,نايك Journey Run Black Anthracite
SWNI007000003.jpg,SWNI007000003,"نايك Journey Run White Platinum Tint
Coconut Milk"
SWNI007000004.jpg,SWNI007000004,Nike Journey Run Summit White Barely Grape Violet Mist Daybreak
SWNI007000005.jpg,SWNI007000005,"Nike Journey Run White Black Ashen
Slate Metallic Silver"
SWNI007000006.jpg,SWNI007000006,"Nike Journey Run navy Midnight Navy
Metallic Gold pink"
SWNI007000007.jpg,SWNI007000007,"Nike Journey Run Pure White Metallic
Silver"
SWNI007000008.jpg,SWNI007000008,Nike Journey Run black white pink
SWNI007100001.jpg,SWNI007100001,"Zoom Vomero 5 Roam Triple Black
نايك زووم"
SWNI007100002.jpg,SWNI007100002,"نايك زووم Zoom Vomero 5 Roam Light
Bone Mink Brown"
SWNI007100003.jpg,SWNI007100003,"نايك زووم Zoom Vomero 5 Roam Black
Light"
SWNI007100004.jpg,SWNI007100004,"نايك Zoom Vomero 5 Roam Summit
White"
SWNI007200001.jpg,SWNI007200001,نايك Zoom x Smiley بلك وايت
SWNI007200002.jpg,SWNI007200002,وايت ليت جراي Zoom x Smiley نايك
SWNI007200003.jpg,SWNI007200003,بلك مالتي كلر Zoom x Smiley نايك
SWNI007200004.jpg,SWNI007200004,نايك Zoom x Smiley بلك بيتش
SWNI007200005.jpg,SWNI007200005,نايك Zoom x Smiley ليت نيون
SWNI007200006.jpg,SWNI007200006,NIKE Zoom x Smiley trible black
SWNI007200007.jpg,SWNI007200007,NIKE Zoom x Smiley white black
SWNI007200008.jpg,SWNI007200008,Nike Zoom x Smiley navy blue white
SWNI007200009.jpg,SWNI007200009,Nike Zoom x Smiley white muliticolor
SWNI007200010.jpg,SWNI007200010,"Nike Zoom x Smiley white pink light
blue"
SWNI007200011.jpg,SWNI007200011,Nike Zoom x Smiley black bright pink
SWNI007300001.jpg,SWNI007300001,نايك Air Zoom Alphafly Next% 3 Premium Ekiden Pack
SWNI007400001.jpg,SWNI007400001,نايك Air Max Muse White Black Sole
SWNI007400002.jpg,SWNI007400002,نايك Air Max Muse White White
SWNI007400003.jpg,SWNI007400003,نايك Air Max Muse Black White Swoosh
SWNI007400004.jpg,SWNI007400004,"NIKE Air Max Muse College Grey
Light Bone"
SWNI007400005.jpg,SWNI007400005,"NIKE Air Max Muse Desert Sand
Beige/Black"
SWNI007400006.jpg,SWNI007400006,"NIKE Air Max Muse White/Metallic
Silver"
SWNI007400007.jpg,SWNI007400007,"NIKE Air Max Muse Black Metallic
Silver"
SWNI007400008.jpg,SWNI007400008,"NIKE Air Max Muse Black/Metallic
Silver"
SWNI007500001.jpg,SWNI007500001,نايك Air Max Sunder BlackDarkSmokeGreyMetallicGold
SWNI007500002.jpg,SWNI007500002,"نايك Air Max Sunder Obsidian Grey
Haze"
SWNI007500003.jpg,SWNI007500003,نايك Air Max Sunder Phantom Black
SWNI007500004.jpg,SWNI007500004,نايك Air Max Sunder Triple Black
SWNI007600001.jpg,SWNI007600001,نايك Hot Step 2 NOCTA Black
SWNI007600002.jpg,SWNI007600002,نايك Hot Step 2 NOCTA White
SWNI007700001.jpg,SWNI007700001,نايك اير ماكس  Dn8  White black gold
SWNI007700002.jpg,SWNI007700002,نايك اير ماكس  Dn8  Black GRAY
SWNI007700003.jpg,SWNI007700003,نايك اير ماكس  Dn8  Black GRAY Gym
SWNI007700004.jpg,SWNI007700004,نايك اير ماكس  Dn8 Black Volt
SWNI007900001.jpg,SWNI007900001,11 نايك جوردن Retro CherryVarsity Red
SWNI007900002.jpg,SWNI007900002,"11 نايك جوردن Retro Midnight Navy
WHITE"
SWNI007900003.jpg,SWNI007900003,11 نايك جوردن Retro Black Red
SWNI007900004.jpg,SWNI007900004,11 نايك جوردن Retro Cool Grey
SWNI007900005.jpg,SWNI007900005,"11 نايك جوردن Retro Playoffs BlackRed
wht"
SWNI007900006.jpg,SWNI007900006,11 نايك جوردن Retro Cap and Gown
SWNI007900007.jpg,SWNI007900007,11 نايك جوردن Retro DMP Gratitude
SWNI007900008.jpg,SWNI007900008,11 نايك جوردن Retro Gamma Blue (GS)
SWNI007900009.jpg,SWNI007900009,11 نايك جوردن Retro Low All Black
SWNI007900010.jpg,SWNI007900010,11 نايك جوردن Retro Low georgetown
SWNI007900011.jpg,SWNI007900011,11 نايك جوردن Retro Low Black Cat
SWNI007900012.jpg,SWNI007900012,"11 نايك جوردن Retro Low Space Jam
(PS)"
SWNI007900013.jpg,SWNI007900013,11 نايك جوردن Retro Anniversary White
SWNI007900014.jpg,SWNI007900014,"11 نايك جوردن Retro BLACK GRAY
WHITE SOLE"
SWNI008000001.jpg,SWNI008000001,"AIR DT MAX 96 Falcons Grey  نايك
ايرماكس"
SWNI008000002.jpg,SWNI008000002,"AIR DT MAX 96 Falcons Black  نايك
ايرماكس"
SWNI008100001.jpg,SWNI008100001,Nike Shox R4 Black Comet Red
SWNI008100002.jpg,SWNI008100002,"""Nike Shox R4 White Bright Crimson
Metallic Silver"
SWNI008100003.jpg,SWNI008100003,Nike Shox R4Triple BlacK
SWNI008100004.jpg,SWNI008100004,Nike Shox R4 Black Metallic Silver
SWNI008100005.jpg,SWNI008100005,Nike Shox R4 Black Metallic Gold
SWNI008100006.jpg,SWNI008100006,"Nike Shox R4 White And Red Black
SOLE"
SWNI008100007.jpg,SWNI008100007,Nike Shox R4  Black Sakura
SWNI008100008.jpg,SWNI008100008,"Nike Shox R4 White/Metallic
Silver-Comet Red"
SWNI008100009.jpg,SWNI008100009,"Nike Shox R4 Particle Rose Tattoo
Silver"
SWNI008100010.jpg,SWNI008100010,Nike Shox R4 solid white
SWNI008100011.jpg,SWNI008100011,Nike Shox R4 Soft Pearl Hydrangeas
SWNI008100012.jpg,SWNI008100012,Nike Shox R4 black dark beige
SWNI008100013.jpg,SWNI008100013,"Nike Shox R4 light beige Metallic/Dark
Grey"
SWNI008200001.jpg,SWNI008200001,"Nike Air VaporMax Plus gray black
lines"
SWNI008200002.jpg,SWNI008200002,Nike Air VaporMax Plus triple white
SWNI008200003.jpg,SWNI008200003,"Nike Air VaporMax Plus Black Metallic
Gold"
SWNI008200004.jpg,SWNI008200004,"Nike Air VaporMax Plus Burgundy Red
black"
SWNI008200005.jpg,SWNI008200005,Nike Air Vapormax Plus Midnight Navy
SWNI008200006.jpg,SWNI008200006,Nike Air VaporMax Plus Triple Black
SWNI008300001.jpg,SWNI008300001,Nike Jordan Spizike Low black Green
SWNI008400001.jpg,SWNI008400001,"Nike Zoom Fly 6 Vivid Grape Hyper
Pink"
SWNI008400002.jpg,SWNI008400002,Nike Zoom Fly 6 Vivid black gary white
SWNI008400003.jpg,SWNI008400003,Nike Zoom Fly 6 Ekiden Pack White Red Black multicolor flame
SWNI008400004.jpg,SWNI008400004,Nike Zoom Fly 6 White/Vivid Grape/Hyper Pink/Black
SWNI008500001.jpg,SWNI008500001,"Nike Vomero 18 Black Dark Smoke
Grey"
SWNI008500002.jpg,SWNI008500002,"Nike Vomero 18 Black white Grey Red
Light"
SWNI008500003.jpg,SWNI008500003,"Nike Vomero 18 Black/Metallic
Silver/White"
SWNI008500005.jpg,SWNI008500005,Nike Vomero 18 Multi-Color/White/Sail/Black colorway
SWNI008500006.jpg,SWNI008500006,Nike Vomero 18 Atmosphere/Black/Bright Crimson
SWNI008500007.jpg,SWNI008500007,"Nike Vomero 18 White/Electric
Green/Volt/Black"
SWNI008500008.jpg,SWNI008500008,Nike Vomero 18 White Photon Dust
SWNI008600001.jpg,SWNI008600001,"Nike Vomero Plus Hyper Pink/Bright
Crimson"
SWNI008600002.jpg,SWNI008600002,Nike Vomero Plus black white
SWNI008600003.jpg,SWNI008600003,Nike Vomero Plus white black red
SWNI008600004.jpg,SWNI008600004,Nike Vomero Plus triple white
SWNI008600005.jpg,SWNI008600005,"Nike Vomero Plus black dark smoke
grey"
SWNI008600006.jpg,SWNI008600006,Nike Vomero Plus Orange Pulse
SWNI008600007.jpg,SWNI008600007,"Nike Vomero Plus Anthracite Oatmeal
Black Homme"
SWNI008600008.jpg,SWNI008600008,"Nike Vomero Plus White Dark Smoke
Grey Metallic"
SWNI008600009.jpg,SWNI008600009,Nike Air VaporMax Plus Cool Grey
SWNI008700001.jpg,SWNI008700001,Nike Structure 26 White/Grey/Black
SWNI008700002.jpg,SWNI008700002,Nike Structure 26 Black/White
SWNI008700003.jpg,SWNI008700003,Nike Structure 26 White Black
SWNI008700004.jpg,SWNI008700004,"Nike Structure 26 Black/Black-Iron
Grey"
SWNI008700005.jpg,SWNI008700005,"Nike Structure 26 Summit White
Barely Volt"
SWNI008700006.jpg,SWNI008700006,Nike Structure 26 Medium Ash/Black/College Grey
SWNI008700007.jpg,SWNI008700007,"Nike Structure 26 Particle Pink Rose
Gold"
SWNI008700008.jpg,SWNI008700008,NIKE STRUCTURE 26 WHITE BLACK GLACIER ICE HYPER
SWNI008700009.jpg,SWNI008700009,"NIKE STRUCTURE 26 White/Playful
Pink/Metallic Silver/Black"
SWNI008700010.jpg,SWNI008700010,"Nike Structure 26 White Black Barely
Green"
SWNI008800001.jpg,SWNI008800001,Nike Pegasus Trail 5 Phantom/White/University Gold/Black
SWNI008800002.jpg,SWNI008800002,"Nike Pegasus Trail 5 Sail/Hyper
Crimson/Glacier Blue"
SWNI008800003.jpg,SWNI008800003,"Nike Pegasus Trail 5 Pale Ivory
WHITE SAIL"
SWNI008800004.jpg,SWNI008800004,Nike Pegasus Trail 5  Jade Horizon greenish-blue bright crimson lace
SWNI008800005.jpg,SWNI008800005,Nike Pegasus Trail 5 Black/Anthracite/Wolf Grey/White
SWNI008800006.jpg,SWNI008800006,"Nike Pegasus Trail 5 black and
anthracite colorway"
SWNI008900001.jpg,SWNI008900001,"Nike LeBron 15 Wolf Grey/Metallic
Gold"
SWNI008900002.jpg,SWNI008900002,"Nike LeBron 15 white and black with
black accents"
SWNI008900003.jpg,SWNI008900003,Nike LeBron 15 triple black
SWNI009000001.jpg,SWNI009000001,Nike Air Max 720 Black White
SWNI009000002.jpg,SWNI009000002,Nike Air Max 720 triple Black
SWNI009100001.jpg,SWNI009100001,"Nike Initiator vibrant pink design
purple"
SWNI009100002.jpg,SWNI009100002,"Nike Initiator black and metallic silver
colorway"
SWNI009100003.jpg,SWNI009100003,Nike Initiator triple black
SWNI009100004.jpg,SWNI009100004,"Nike Initiator Summit White/Metallic
Silver colorway"
SWNI009100005.jpg,SWNI009100005,"Nike Initiator light grey/white and black
colorway"
SWNI009100006.jpg,SWNI009100006,"Nike Initiator White Metallic Silver
Black"
SWNI009100007.jpg,SWNI009100007,Nike Initiator pink and white colorway
SWNI009100008.jpg,SWNI009100008,Nike Initiator custom pink white
SWNI009100009.jpg,SWNI009100009,"Nike Initiator white and metallic silver
colorway"
SWNI009100010.jpg,SWNI009100010,"Nike Initiator Light Bone/Cargo
Khaki-Limestone"
SWNI009100011.jpg,SWNI009100011,Nike Initiator black and white colorway
SWNI009100012.jpg,SWNI009100012,"Nike Initiator metallic silver black and
red"
SWNI009100014.jpg,SWNI009100014,"Nike Initiator white grey black graphic
details"
SWNI009100015.jpg,SWNI009100015,"Nike Initiator black white  graphic
details"
SWNI009100016.jpg,SWNI009100016,"Nike Initiator Phantom Light Bone Sail
Mink Brown"
SWNI009200001.jpg,SWNI009200001,"Nike Air Max 90 Infrared white black
cool grey red مقاسات خاصة"
SWNI009200002.jpg,SWNI009200002,"Nike Air Max 90 Infrared Triple White
مقاسات خاصة"
SWNI009200003.jpg,SWNI009200003,"Nike Air Max 90 Infrared triple black
مقاسات خاصة"
SWNI009200004.jpg,SWNI009200004,Nike Air Max 90 Infrared black and white Oreo colorway مقاسات خاصة
SWNI009200005.jpg,SWNI009200005,Nike Air Max 90 Infrared Triple White
SWNI009300001.jpg,SWNI009300001,"Nike Air Zoom Pegasus 41 Volt
fluorescent green"
SWNI009300002.jpg,SWNI009300002,"Nike Air Zoom Pegasus 41 Phantom
Mink Brown"
SWNI009300003.jpg,SWNI009300003,"Nike Air Zoom Pegasus 41 Sail Blue
Tint Wolf Grey Anthracite"
SWNI009300004.jpg,SWNI009300004,"Nike Air Zoom Pegasus 41 FP
Blueprint Pack"
SWNI009300005.jpg,SWNI009300005,"Nike Air Zoom Pegasus 41 Black
White"
SWNI009400001.jpg,SWNI009400001,"Nike Air Zoom Alphafly Next% black
metallic silver accents"
SWNI009400002.jpg,SWNI009400002,"Nike Air Zoom Alphafly Next% black
white"
SWNI009400003.jpg,SWNI009400003,"Nike Air Zoom Alphafly Next% navy
blue black"
SWNI009500001.jpg,SWNI009500001,Nike Vomero Premium Black Volt
SWNI009500002.jpg,SWNI009500002,Nike Vomero Premium Black/Anthracite/Volt/Iron Grey
SWNI009500003.jpg,SWNI009500003,Nike Vomero Premium Sail/Black/Coconut Milk/Total Orange
SWNI009500004.jpg,SWNI009500004,"Nike Vomero Premium Barely Volt
white"
SWNI009600001.jpg,SWNI009600001,Nike V5 RNR triple black
SWNI009600002.jpg,SWNI009600002,Nike V5 RNR Sail Fauna Brown Phantom Light Orewood Brown
SWNI009600003.jpg,SWNI009600003,"Nike V5 RNR White Vast Grey
College Grey Black"
SWNI009600004.jpg,SWNI009600004,Nike V5 RNR Pink Foam
SWNI009600005.jpg,SWNI009600005,Nike V5 RNR Soft Pearl White
SWNI009600006.jpg,SWNI009600006,Nike V5 RNR Black Pink Blast
SWNI009600007.jpg,SWNI009600007,"Nike V5 RNR White metallic silver
LOGO"
SWNI009600008.jpg,SWNI009600008,"Nike V5 RNR Cement Grey Grey Fog
Light Orewood Brown"
SWNI009600009.jpg,SWNI009600009,"Nike V5 RNR Cement Grey Grey Fog
Light Orewood Brown"
SWNI009600010.jpg,SWNI009600010,"Nike V5 RNR White blue Black
Metallic Silver"
SWNI009600011.jpg,SWNI009600011,Nike V5 RNR triple White
SWNI009600012.jpg,SWNI009600012,"Nike V5 RNR mokey blue denim
metallic silver"
SWNI009600013.jpg,SWNI009600013,"Nike V5 RNR Independence Day Blue
Pale Ivory Grey Sail"
SWNI009600014.jpg,SWNI009600014,Nike V5 RNR Cave Stone Black
SWNI009600015.jpg,SWNI009600015,"Nike V5 RNR Sail Light Orewood
Brown"
SWNI009600016.jpg,SWNI009600016,Nike V5 RNR white light blue
SWNI009600017.jpg,SWNI009600017,"Nike V5 RNR White Picante Red Vast
Grey Black"
SWNI009700001.jpg,SWNI009700001,Nike Air Zoom SuperRep triple black
SWNI009800001.jpg,SWNI009800001,Nike Shox Z Phantom Light-Bone/Black
SWNI009800002.jpg,SWNI009800002,Nike Shox Z Metallic Silver
SWNI009800003.jpg,SWNI009800003,"Nike Shox Z Bred Black/University
Red"
SWNI009800004.jpg,SWNI009800004,Nike Shox Z Black
SWNI009900001.jpg,SWNI009900001,Nike Pegasus EasyOn triple black
SWNI009900002.jpg,SWNI009900002,Nike Pegasus EasyOn white orange
SWNI010000001.jpg,SWNI010000001,"Nike Air Zoom Pegasus Premium
Persian Violet"
SWNI010000002.jpg,SWNI010000002,Nike Air Zoom Pegasus Premium Black White dark grey metallic
SWNI010000003.jpg,SWNI010000003,Nike Air Zoom Pegasus Premium Airscape white gray orange
SWNI010100001.jpg,SWNI010100001,"Nike REACTX PEGASUS TRAIL 6
white gray"
SWNI010100002.jpg,SWNI010100002,"Nike REACTX PEGASUS TRAIL 6
white black pink/red"
SWNI010100003.jpg,SWNI010100003,"Nike REACTX PEGASUS TRAIL 6
white black Light Armory Blue"
SWNI010100004.jpg,SWNI010100004,"Nike REACTX PEGASUS TRAIL 6
black white"
SWNI010100005.jpg,SWNI010100005,"Nike REACTX PEGASUS TRAIL 6
black dark gray"
SWNI010100006.jpg,SWNI010100006,"Nike REACTX PEGASUS TRAIL 6
white dark gray"
SWNI010100007.jpg,SWNI010100007,"Nike REACTX PEGASUS TRAIL 6
white gray green"
SWNI010200001.jpg,SWNI010200001,Nike Revolution 8 Black White
SWNI010200002.jpg,SWNI010200002,Nike Revolution 8 Black/Anthracite
SWNI010200003.jpg,SWNI010200003,"Nike Revolution 8 Light Smoke Grey
White Black"
SWNI010200004.jpg,SWNI010200004,"Nike Revolution 8 Light Smoke Grey
Black White"
SWNI010400001.jpg,SWNI010400001,Nike Mind 002 Black Hyper Crimson
SWNI010400002.jpg,SWNI010400002,Nike Mind 002 Light Smoke Grey
SWNI010500001.jpg,SWNI010500001,Nike Ava Rover College Grey Black
SWNI010500002.jpg,SWNI010500002,Nike Ava Rover HYEIN SEO Black
SWNI010600001.jpg,SWNI010600001,"Nike Air Zoom Spiridon Cage 2
Metallic Silver"
SWNU000100001.jpg,SWNU000100001,"Numeris Eclipse Nero trainers black
white"
SWNU000100002.jpg,SWNU000100002,"Numeris Eclipse Nero trainers black
white pink laces"
SWNU000100003.jpg,SWNU000100003,"Numeris Eclipse Nero trainers navy
blue white sole&heel tab"
SWNU000100004.jpg,SWNU000100004,Numeris Eclipse Nero trainers grey white camouflage-style pattern
SWNU000100005.jpg,SWNU000100005,"Numeris Eclipse Nero trainers Acrylic
Black pattern finish white"
SWNU000100006.jpg,SWNU000100006,"Numeris Eclipse Nero trainers Blue
Jean pattern white"
SWNU000100007.jpg,SWNU000100007,Numeris Eclipse Nero trainers Denim hand-painted light-blue white
SWNU000100008.jpg,SWNU000100008,"Numeris Eclipse Nero trainers denim
black white"
SWOE000100001.jpg,SWOE000100001,"LOEWE Ballet Runner 2.0
White/Black"
SWOE000100002.jpg,SWOE000100002,""" LOEWE Ballet Runner 2.0
Black/White
"""
SWOE000100003.jpg,SWOE000100003,""" LOEWE Ballet Runner 2.0 Baby
Pink/Fuxia/Old Pink"
SWOE000100004.jpg,SWOE000100004,"""LOEWE Ballet Runner 2.0
Brown/Yellow/Blue
"""
SWOE000200001.jpg,SWOE000200001,"LOEWE Flow Runner nylon suede
Black brown old wh"
SWOE000200002.jpg,SWOE000200002,"LOEWE Flow Runner nylon suede
white brown"
SWOE000200003.jpg,SWOE000200003,"LOEWE Flow Runner nylon suede
Beige Black"
SWOE000200004.jpg,SWOE000200004,"LOEWE Flow Runner nylon Olive
White"
SWOE000200005.jpg,SWOE000200005,"LOEWE Flow Runner nylon Burgundy
brown"
SWOE000200006.jpg,SWOE000200006,"LOEWE Flow Runner nylon Blue
brown"
SWOE000200007.jpg,SWOE000200007,"LOEWE Flow Runner nylon Pink
brown"
SWOE000200008.jpg,SWOE000200008,"LOEWE Flow Runner nylon white gray
brown"
SWOE000200009.jpg,SWOE000200009,"LOEWE Flow Runner nylon white
brown"
SWOE000200010.jpg,SWOE000200010,"LOEWE Flow Runner nylon Blue
ornate brown"
SWOF000100003.jpg,SWOF000100003,اوف وايت odsy-1000 black white
SWOF000100004.jpg,SWOF000100004,اوف وايت Odsy-1000 Sky Blue
SWOF000100005.jpg,SWOF000100005,اوف وايت Odsy-1000 Blue Overdye
SWOF000100006.jpg,SWOF000100006,"اوف وايت Odsy-1000 Grafite White
Black"
SWOF000100008.jpg,SWOF000100008,"اوف وايت odsy-1000 Black Grey
Fuchsia"
SWOF000100009.jpg,SWOF000100009,اوف وايت odsy-1000 grey lime
SWOF000100010.jpg,SWOF000100010,"OFF WHITE Odsy-1000 White Blue
Arrows"
SWOF000100011.jpg,SWOF000100011,"Off-White ODSY-1000 White navy
blue Arrows ORG"
SWOF000100012.jpg,SWOF000100012,"Off-White Odsy-1000 Dark Grey
White ORG"
SWOF000200001.jpg,SWOF000200001,"اوف وايت  Out of Office Low White
Black"
SWOF000200006.jpg,SWOF000200006,"اوف وايت Out Of Office Low Beige
White"
SWOF000200007.jpg,SWOF000200007,اوف وايت  Out Of Office Low Panda
SWOF000200009.jpg,SWOF000200009,اوف وايت Out Of Office Low Beige Blue
SWOF000200010.jpg,SWOF000200010,اوف وايت Out of Office Low وايت بلك
SWOF000200011.jpg,SWOF000200011,اوف وايت Out of Office Low جراي وايت
SWOF000200012.jpg,SWOF000200012,"""اوف وايت  Out of Office Low Shiny
black White
"""
SWOF000200015.jpg,SWOF000200015,"اوف وايت Out of Office Low White Black
logo"
SWOF000200016.jpg,SWOF000200016,"اوف وايت Out Of Office Low White
White"
SWOF000200017.jpg,SWOF000200017,"اوف وايت Out of Office Low White Blush
Pink"
SWOF000200018.jpg,SWOF000200018,"اوف وايت Out of Office Low Gray
Vintage  Leather"
SWOF000200019.jpg,SWOF000200019,"اوف وايت Out of Office Low TRIPLE
BLACK"
SWOF000200020.jpg,SWOF000200020,"اوف وايت Out of Office Low WHITE
LIGHTGRAY"
SWOF000200021.jpg,SWOF000200021,"اوف وايت Out of Office Low TRIPLE
White"
SWOF000200022.jpg,SWOF000200022,"اوف وايت Out of Office Low DARK
GREY BLACK"
SWOF000200023.jpg,SWOF000200023,"اوف وايت Out Of Office Low Dusty
BabyBlue"
SWOF000200024.jpg,SWOF000200024,"Off-White Out Of Office White Black
Gum"
SWOF000200025.jpg,SWOF000200025,"OFF WHITE Out of Office Low black
white graphic prints"
SWOF000200026.jpg,SWOF000200026,"OFF WHITE Out of Office Low white
black graphic prints"
SWOF000200027.jpg,SWOF000200027,"OFF WHITE Out of Office Low light
grey black"
SWOF000200028.jpg,SWOF000200028,"OFF WHITE Out of Office Low white
blue stars"
SWOF000200029.jpg,SWOF000200029,"OFF WHITE Out of Office Low red
white"
SWOF000300001.jpg,SWOF000300001,"اوف وايت Out of Office Low For Walking
Black"
SWOF000300002.jpg,SWOF000300002,"اوف وايت Out of Office Low For Walking
White Black"
SWOF000300003.jpg,SWOF000300003,"اوف وايت Out Of Office For Walking
White Pink"
SWOF000300004.jpg,SWOF000300004,"اوف وايت Out of Office Low For Walking
White"
SWOF000400002.jpg,SWOF000400002,"اوف وايت out of office low sartorial
stitching Bla"
SwOF000500001.jpg,SwOF000500001,اوف وايت Sponge MidTop White Black
SWOF000500003.jpg,SWOF000500003,"OFF WHITE Sponge MidTop white
black off white sole"
SWOF000600003.jpg,SWOF000600003,"اوف وايت Vulcanized Low Top leather
بلك وايت"
SWOF000600004.jpg,SWOF000600004,"اوف وايت Vulcanized Low Top leather
وايت بلك"
SWOF000600005.jpg,SWOF000600005,"اوف وايت Vulcanized Low Top White
Violet"
SWOF000600006.jpg,SWOF000600006,"اوف وايت Vulcanized Low Top White
Black Logo"
SWOF000600007.jpg,SWOF000600007,Off-White Vulc White Black Outlined
SWOF000700001.jpg,SWOF000700001,اوف وايت OFF COURT High Top White
SWOF000700002.jpg,SWOF000700002,"اوف وايت OFF COURT High Top Black
Orange"
SWOF000700003.jpg,SWOF000700003,"اوف وايت OFF COURT High Top Green
Orange"
SWOF000700004.jpg,SWOF000700004,"OFF WHITE COURT High Top black
Suede Calf Leather"
SWOF000800001.jpg,SWOF000800001,"اوف وايت Be Right Back Light Grey
Black"
SWOF000900001.jpg,SWOF000900001,"أوف وايت New Low Vulcanized White
Black Back"
SWOF000900002.jpg,SWOF000900002,"أوف وايت New Low Vulcanized Navy
White"
SWOF001000001.jpg,SWOF001000001,اوف وايت Kick Off Sneakers White
SWOF001100001.jpg,SWOF001100001,"OFF WHITE low trainer BLACK white
lines"
SWOF001200001.jpg,SWOF001200001,"Off-White Vulcanized high-top white
black Arrows"
SWOK000100001.jpg,SWOK000100001,Mexico 66 Kill Billhاونيتسوكا تايجر
SWOK000100002.jpg,SWOK000100002,Mexico 66 White Goldاونيتسوكا تايجر
SWOK000100003.jpg,SWOK000100003,"Mexico 66 white black Gold  اونيتسوكا
تايجر"
SWOK000100004.jpg,SWOK000100004,Mexico 66 Grass Greenاونيتسوكا تايجر
SWOK000100005.jpg,SWOK000100005,Mexico 66 silver off whiteاونيتسوكا تايجر
SWOK000100006.jpg,SWOK000100006,"Mexico 66 Cream Black Gold اونيتسوكا
تايجر"
SWOK000100007.jpg,SWOK000100007,Mexico 66 Black white اونيتسوكا تايجر
SWOK000100008.jpg,SWOK000100008,"اونيتسوكا تايجر Mexico 66 Black Gold
Silver"
SWOK000100009.jpg,SWOK000100009,"Mexico 66 White Dark Blue Red Gold
اونيتسوكا تايجر"
SWOK000100010.jpg,SWOK000100010,Mexico 66 Gold white اونيتسوكا تايجر
SWOK000100011.jpg,SWOK000100011,"Mexico 66 Light Grey white black
اونيتسوكا تايجر"
SWOK000100012.jpg,SWOK000100012,Mexico 66 white Greyاونيتسوكا تايجر
SWOK000100013.jpg,SWOK000100013,"Mexico 66 White Cactus Green
اونيتسوكا تايجر"
SWOK000100014.jpg,SWOK000100014,Mexico 66 Beige Brownاونيتسوكا تايجر
SWOK000100015.jpg,SWOK000100015,Mexico 66 white silverاونيتسوكا تايجر
SWOK000100016.jpg,SWOK000100016,"Mexico 66 Rose Gold white  اونيتسوكا
تايجر"
SWOK000100017.jpg,SWOK000100017,"Mexico 66 white black Green Sole
اونيتسوكا تايجر"
SWOK000100018.jpg,SWOK000100018,"Mexico 66 white Red Blue Sole اونيتسوكا
تايجر"
SWOK000100019.jpg,SWOK000100019,"Mexico 66 White Blue Pink Sole
اونيتسوكا تايجر"
SWOK000100020.jpg,SWOK000100020,"Mexico 66 White Gold Silver  اونيتسوكا
تايجر"
SWOK000100021.jpg,SWOK000100021,Mexico 66 White Beigeاونيتسوكا تايجر
SWOK000100022.jpg,SWOK000100022,Mexico 66White Light Greyاونيتسوكا تايجر
SWOK000100023.jpg,SWOK000100023,Mexico 66 Birch Black اونيتسوكا تايجر
SWOK000100024.jpg,SWOK000100024,Mexico 66 Ginger Peach اونيتسوكا تايجر
SWOK000100025.jpg,SWOK000100025,"Mexico 66 Metallic Crystal Pink
CreaW اونيتسوكا"
SWOK000100026.jpg,SWOK000100026,Mexico 66 white Branco اونيتسوكا تايجر
SWOK000100027.jpg,SWOK000100027,"ONITSUKA TIGER Mexico 66 Beige
Beet Juice red"
SWOK000100028.jpg,SWOK000100028,"Onitsuka Tiger Mexico 66 white gray
burgundy accents"
SWOK000100029.jpg,SWOK000100029,"Onitsuka Tiger Mexico 66 Oatmeal
Brown Cream"
SWOK000100030.jpg,SWOK000100030,Onitsuka Tiger Mexico 66 Black Pink
SWOK000100031.jpg,SWOK000100031,"Onitsuka Tiger Mexico 66 black
metallic white"
SWOK000100032.jpg,SWOK000100032,"Onitsuka Tiger Mexico 66 Pure
Silver/Black"
SWOK000100033.jpg,SWOK000100033,"Onitsuka Tiger Mexico 66 Oatmeal
Grey"
SWOK000100034.jpg,SWOK000100034,"Onitsuka Tiger Mexico 66 White Dusty
Pink"
SWOK000100035.jpg,SWOK000100035,"Onitsuka Tiger Mexico 66 Year of the
Snake white/cream red"
SWOK000100036.jpg,SWOK000100036,"Onitsuka Tiger Mexico 66 x Patou
White Black Pink"
SWOK000100037.jpg,SWOK000100037,Onitsuka Tiger Mexico 66 Panda Prank  white gray pink black
SWOK000100038.jpg,SWOK000100038,"Onitsuka Tiger Mexico 66 Panda
Prank black white pink"
SWOK000100039.jpg,SWOK000100039,Onitsuka Tiger Mexico 66 Panda Prank black silver pink purple
SWOK000100040.jpg,SWOK000100040,"Onitsuka Tiger Mexico 66 Cotton
Candy Bright Rose"
SWOK000100041.jpg,SWOK000100041,Onitsuka Tiger Mexico 66 Triple Black
SWOK000100042.jpg,SWOK000100042,"Onitsuka Tiger Mexico 66 grey black
stripes white accents"
SWOK000100043.jpg,SWOK000100043,"Onitsuka Tiger Mexico 66 SD Black
Denim white"
SWOK000100044.jpg,SWOK000100044,"Onitsuka Tiger Mexico 66 Crystal
Pink/Cream"
SWOK000100045.jpg,SWOK000100045,Onitsuka Tiger Mexico 66 SD Exposed Foam Clay Canyon
SWOK000100046.jpg,SWOK000100046,Onitsuka Tiger Mexico 66 Birch Peacoat Off-White NAVY
SWOK000100047.jpg,SWOK000100047,"Onitsuka Tiger Mexico 66 White/Light
Sage"
SWOK000100048.jpg,SWOK000100048,"Onitsuka Tiger Mexico 66
White/Blue/Red"
SWOK000100049.jpg,SWOK000100049,"Onitsuka Tiger Mexico 66 Year of the Horse Grame Rich deep red tiger
stripes&laces&outsole"
SWOK000100050.jpg,SWOK000100050,Onitsuka Tiger MEXICO 66 Blue Yellow off-white stripes
SWOK000100051.jpg,SWOK000100051,"Onitsuka Tiger MEXICO 66 white pink stripes black laces&outsole line&heel
accents"
SWOK000100052.jpg,SWOK000100052,"Onitsuka Tiger MEXICO 66 Beige
Olive Brown"
SWOK000100053.jpg,SWOK000100053,"Onitsuka Tiger Mexico 66 Cream Pink
Floral"
SWOK000100054.jpg,SWOK000100054,"Onitsuka Tiger Mexico 66 Cacao
Brown accents"
SWOK000100055.jpg,SWOK000100055,"Onitsuka Tiger Mexico 66 SD Vintage
Putty Dark Brown"
SWOK000100056.jpg,SWOK000100056,"Onitsuka Tiger Mexico 66 SD Licorice
Brown Champagne"
SWOK000100057.jpg,SWOK000100057,"Onitsuka Tiger Mexico 66 jacquard
mesh upper birch/white"
SWOK000100058.jpg,SWOK000100058,"Onitsuka Tiger Mexico 66 Gunmetal
Black metallic grey"
SWOK000100059.jpg,SWOK000100059,Onitsuka Tiger Mexico 66 SD Birch Silver  black stripe midsole
SWOK000100060.jpg,SWOK000100060,Onitsuka Tiger Mexico 66 lace-like jacquard light grey off-white
SWOK000200001.jpg,SWOK000200001,اونيتسوكا تايجر tokuten cream black gold
SWOK000200004.jpg,SWOK000200004,tokuten Dark Rose Gold اونيتسوكا تايجر
SWOK000200005.jpg,SWOK000200005,"Burnt Green White Black Tokuten
اونيتسوكا تايجر"
SWOK000200006.jpg,SWOK000200006,tokuten white silver Pink اونيتسوكا تايجر
SWOK000200007.jpg,SWOK000200007,tokuten Beige Rose gold اونيتسوكا تايجر
SWOK000200008.jpg,SWOK000200008,Onitsuka Tiger Tokuten pink black
SWOK000200009.jpg,SWOK000200009,Onitsuka Tiger Tokuten Grey White
SWOK000200010.jpg,SWOK000200010,"Onitsuka Tiger Tokuten White
Burgundy Grey"
SWOK000200011.jpg,SWOK000200011,"Onitsuka Tiger Tokuten Birch/Iron
Navy gum sole"
SWOK000200012.jpg,SWOK000200012,"Onitsuka Tiger Tokuten Gris Negro
Hombre gray black"
SWOK000400001.jpg,SWOK000400001,Onitsuka Tiger Mexico 66 TGRS Glitter Pack Black Gunmetal
SWOK000400002.jpg,SWOK000400002,Onitsuka Tiger Mexico 66 TGRS Glitter Pack Pink Cameo
SWOK000400003.jpg,SWOK000400003,"Onitsuka Tiger Mexico 66 TGRS Kill
Bill Yellow/Black"
SWOK000400004.jpg,SWOK000400004,"Onitsuka Tiger Mexico 66 TGRS Birch
Peacoat"
SWOK000400005.jpg,SWOK000400005,"Onitsuka Tiger Mexico 66 TGRS
Silver Cream"
SWOK000400006.jpg,SWOK000400006,"Onitsuka Tiger Mexico 66 TGRS
Black/White"
SWOK000400007.jpg,SWOK000400007,"Onitsuka Tiger Mexico 66 TGRS Ivory
Cream"
SWOK000400008.jpg,SWOK000400008,"Onitsuka Tiger Mexico 66 TGRS
Black Cream"
SWOK000400009.jpg,SWOK000400009,Onitsuka Tiger Mexico 66 TGRS Crystal Pink Graphite Grey
SWOK000400010.jpg,SWOK000400010,"Onitsuka Tiger Mexico 66 TGRS
White light pink"
SWON000100001.jpg,SWON000100001,اون  رانينج Cloud 5 Undyed-White
SWON000100003.jpg,SWON000100003,اون  رانينج Cloud 5 Glacier Grey White
SWON000100005.jpg,SWON000100005,تريبل بلك Cloud 5 Zinc اون  رانينج
SWON000100006.jpg,SWON000100006,اون  رانينج  Cloud 5 waterproof Black
SWON000100007.jpg,SWON000100007,اون  رانينج  Cloud 5 waterproof بلك وايت
SWON000100008.jpg,SWON000100008,اون  رانينج  Cloud 5 waterproof بينك بلو
SWON000100010.jpg,SWON000100010,اون  رانينج Cloud 5 Undyed-Gray
SWON000100012.jpg,SWON000100012,اون  رانينج Cloud 5 Undyed biege
SWON000100013.jpg,SWON000100013,اون  رانينج Cloud 5 Undyed Navy White
SWON000100014.jpg,SWON000100014,On Running Cloud 5 Sand Rosebrown
SWON000100015.jpg,SWON000100015,On Running Cloud 5 Shell/White
SWON000100016.jpg,SWON000100016,"On Running Cloud 5 White light green
sole"
SWON000100017.jpg,SWON000100017,"اون  رانينج Cloud 5 Undyed-White مقاسات
خاصة"
SWON000100018.jpg,SWON000100018,"اون  رانينج مقاسات خاصة Cloud 5
waterproof Black"
SWON000100019.jpg,SWON000100019,On Running On Cloud 5 Fog Alloy
SWON000100020.jpg,SWON000100020,On Running Cloud 5 Midnight Ink
SWON000100021.jpg,SWON000100021,On Running Cloud 5 PINK Sky
SWON000100022.jpg,SWON000100022,On Running On Cloud 5 Olive White
SWON000100023.jpg,SWON000100023,"On Running Cloud 5 Push White
Flame"
SWON000100024.jpg,SWON000100024,"On Running Cloud 5 Push in
Ivory/Blossom"
SWON000100025.jpg,SWON000100025,On Running On Cloud 5 Asphalt/Magnet grey black sole
SWON000200001.jpg,SWON000200001,"اون  رانينج On Cloud Monster Black
Magnet"
SWON000200002.jpg,SWON000200002,"اون  رانينج On Cloud Monster Undyed
White"
SWON000200004.jpg,SWON000200004,اون  رانينج On Cloud Monster All Black
SWON000200005.jpg,SWON000200005,"اون  رانينج On Cloud Monster
MAGENTA"
SWON000200006.jpg,SWON000200006,"On Running On CloudMonster gray
Ice Alloy"
SWON000200007.jpg,SWON000200007,"On Running On Cloudmonster light
beige Moon Fawn"
SWON000200008.jpg,SWON000200008,"On Running On Cloudmonster White
& Lima"
SWON000200009.jpg,SWON000200009,"On Running On Cloudmonster White
Frost"
SWON000200010.jpg,SWON000200010,"On Running On Cloud Monster triple
white"
SWON000200011.jpg,SWON000200011,"On Running On Cloud Monster black
white"
SWON000200012.jpg,SWON000200012,"On Running On Cloud Monster triple
black"
SWON000200013.jpg,SWON000200013,On Running On Cloud white light pink
SWON000200014.jpg,SWON000200014,On Running On Cloud Monster Frost/Rock white grey
SWON000200015.jpg,SWON000200015,"On Running CloudMonster Iron/Hay
dark blue/grey lime white"
SWON000200016.jpg,SWON000200016,On Running CloudMonster Glacier Grey/Meadow Green orange Accents
SWON000200017.jpg,SWON000200017,On Running Cloudmonster Eclipse Turmeric grey white orange
SWON000200018.jpg,SWON000200018,"On Running On Cloud Monster
Black/White"
SWON000200019.jpg,SWON000200019,"On Running On Cloud Monster
Black/Magnet white"
SWON000200020.jpg,SWON000200020,"On Running Cloudmonster Void Ivory
Sand red logo"
SWON000300001.jpg,SWON000300001,اون رانينج Cloudtilt 2 x LOEWE وايت يلو
SWON000300002.jpg,SWON000300002,اون رانينج Cloudtilt 2 x LOEWE وايت جراي
SWON000300003.jpg,SWON000300003,"وايت بلو  Cloudtilt 2 x LOEWE اون رانينج
جراى"
SWON000300004.jpg,SWON000300004,اون رانينج Cloudtilt 2 x LOEWE وايت بينك
SWON000300005.jpg,SWON000300005,تربيل وايت Cloudtilt 2 x LOEWE اون رانينج
SWON000300006.jpg,SWON000300006,اون رانينج Cloudtilt 2 x LOEWE ROSE
SWON000300007.jpg,SWON000300007,اون رانينج Cloudtilt 2 x LOEWE تربيل بلك
SWON000300008.jpg,SWON000300008,اون رانينج Cloudtilt 2 x LOEWE beige
SWON000300009.jpg,SWON000300009,"بلك جراي  Cloudtilt 2 x LOEWE اون رانينج
وايت"
SWON000300010.jpg,SWON000300010,"اون رانينج Cloudtilt 2 x LOEWE White IN
BLACK"
SWON000300011.jpg,SWON000300011,"اون رانينج Cloudtilt 2 x LOEWE Light
Grey Black Wh"
SWON000300012.jpg,SWON000300012,"اون رانينج Cloudtilt 2 x LOEWE Tan
White"
SWON000300013.jpg,SWON000300013,"اون رانينج Cloudtilt 2 x LOEWE Black
White"
SWON000300014.jpg,SWON000300014,"اون رانينج Cloudtilt 2 x LOEWE Sand
White"
SWON000300015.jpg,SWON000300015,"اون رانينج Cloudtilt 2 x LOEWE Slate
Grey"
SWON000300016.jpg,SWON000300016,"اون رانينج Cloudtilt 2 x LOEWE Khaki
Green"
SWON000300017.jpg,SWON000300017,اون رانينج Cloudtilt 2 x LOEWE Navy
SWON000300018.jpg,SWON000300018,"اون رانينج Cloudtilt 2 x LOEWE Black
Ivory"
SWON000300019.jpg,SWON000300019,"اون  رانينج  Cloudtilt 2 x LOEWE White
red  gold"
SWON000300020.jpg,SWON000300020,"اون  رانينج  Cloudtilt 2 x LOEWE Beige
White"
SWON000300021.jpg,SWON000300021,"اون  رانينج  Cloudtilt 2 x LOEWE Brown
Beige"
SWON000300022.jpg,SWON000300022,"اون  رانينج  Cloudtilt 2 x LOEWE gray
glow white"
SWON000300023.jpg,SWON000300023,"اون رانينج Cloudtilt 2 x LOEWE Lime
Ivory"
SWON000300024.jpg,SWON000300024,"اون رانينج Cloudtilt 2 x LOEWE Flame
Eclipse"
SWON000300025.jpg,SWON000300025,"اون رانينج Cloudtilt 2 x LOEWE Cream
Sand"
SWON000300026.jpg,SWON000300026,"اون رانينج Cloudtilt 2 x LOEWE Dark
Sand"
SWON000300027.jpg,SWON000300027,"اون رانينج Cloudtilt 2 x LOEWE White
Khaki"
SWON000300028.jpg,SWON000300028,اون رانينج Cloudtilt 2 x LOEWE White
SWON000300029.jpg,SWON000300029,"اون رانينج Cloudtilt 2 x LOEWE Sand
Lavender"
SWON000300030.jpg,SWON000300030,اون رانينج Cloudtilt 2 x LOEWE Cherry
SWON000300031.jpg,SWON000300031,"Cloudtilt 2 x LOEWE Rock Sand اون
رانينج"
SWON000300032.jpg,SWON000300032,"Cloudtilt 2 x LOEWE WHITE PINK  اون
رانينج"
SWON000300033.jpg,SWON000300033,"On Running Cloudtilt 2 LOEWE
Denim Blue white"
SWON000300034.jpg,SWON000300034,"On Running Cloudtilt LOEWE Denim
Grey"
SWON000400002.jpg,SWON000400002,اون رانينج CLOUDRUNNER 2 WalkGood LA Sand Flax
SWON000400003.jpg,SWON000400003,اون رانينج CLOUDRUNNER 2 Waterproof Magnet Black
SWON000400004.jpg,SWON000400004,"اون رانينج CLOUDRUNNER 2 Eclipse
Black"
SWON000400005.jpg,SWON000400005,"اون رانينج CLOUDRUNNER 2 Frost
White"
SWON000400006.jpg,SWON000400006,"On Running CLOUDRUNNER 2
White/Red"
SWON000400007.jpg,SWON000400007,"On Running CLOUDRUNNER 2 white
and pink"
SWON000400008.jpg,SWON000400008,"On Running CLOUDRUNNER 2 triple
white"
SWON000400009.jpg,SWON000400009,"On Running CLOUDRUNNER 2 white
with light blue"
SWON000400010.jpg,SWON000400010,"On Running CLOUDRUNNER 2 white
orange black accents"
SWON000400011.jpg,SWON000400011,"On Running CLOUDRUNNER 2 white
Green"
SWON000400012.jpg,SWON000400012,On Running CLOUDRUNNER 2 Black GRAY white orange Accents
SWON000400013.jpg,SWON000400013,"On Running CLOUDRUNNER 2 navy
blue white"
SWON000400014.jpg,SWON000400014,ON Cloudrunner 2 White Red Navy
SWON000500001.jpg,SWON000500001,بلك وايت Cloudultra اون رانينج
SWON000500002.jpg,SWON000500002,وايت جراي Cloudultra اون رانينج
SWON000600001.jpg,SWON000600001,"On Running Cloudflyer 4 beige orange
black"
SWON000600002.jpg,SWON000600002,"اون رانينج Cloudflyer 4 Gray Green
Black"
SWON000600003.jpg,SWON000600003,اون رانينج Cloudflyer 4 Black White
SWON000700001.jpg,SWON000700001,"اون رانينج Cloudsurfer Next Black
Eclipse"
SWON000700002.jpg,SWON000700002,"اون رانينج Cloudsurfer Next Glacier
White"
SWON000700003.jpg,SWON000700003,"On Running Cloudsurfer Next White
Flame"
SWON000700004.jpg,SWON000700004,"On Running Cloudsurfer Next black
white Swiss Engineering"
SWON000800001.jpg,SWON000800001,اون رانينج Cloud X 4 Ivory Black
SWON000800002.jpg,SWON000800002,On Running Cloud X 4 Black
SWON000800003.jpg,SWON000800003,On Running Cloud X 4 Black white
SWON000800004.jpg,SWON000800004,On Running Cloud X 4 white red
SWON000900001.jpg,SWON000900001,"اون رانينج The Roger Advantage All
Black"
SWON000900002.jpg,SWON000900002,"اون رانينج The Roger Advantage All
White"
SWON000900003.jpg,SWON000900003,"On Running The Roger Advantage
White/Midnight"
SWON000900004.jpg,SWON000900004,"On Running The Roger Advantage
White blue"
SWON000900005.jpg,SWON000900005,"On Running The Roger Advantage
White Olive"
SWON001000001.jpg,SWON001000001,اون رانينج Cloudswift 3 Fade Black
SWON001000002.jpg,SWON001000002,On Running Cloudswift 3 ivory rose
SWON001000003.jpg,SWON001000003,"On Running Cloudswift 3 White/Ivory
Mint Blue"
SWON001000004.jpg,SWON001000004,On Running Cloudswift 3 black white
SWON001000005.jpg,SWON001000005,"On Cloudswift 3 white pink orange
accents"
SWON001000006.jpg,SWON001000006,On Cloudswift 3 triple white
SWON001000007.jpg,SWON001000007,On Cloudswift 3 triple black
SWON001100001.jpg,SWON001100001,"اون رانينج Cloudsurfer Trail Waterproof
Black Heat"
SWON001100002.jpg,SWON001100002,"اون رانينج Cloudsurfer Trail Eclipse
Black"
SWON001100003.jpg,SWON001100003,"اون رانينج Cloudsurfer Trail Waterproof
Black Ecli"
SWON001100004.jpg,SWON001100004,اون رانينج Cloudsurfer Trail Frost Lima
SWON001100005.jpg,SWON001100005,اون رانينج Cloudsurfer Trail icy
SWON001100006.jpg,SWON001100006,On Running Cloudsurfer Trail 2 WP light grey white blue accents
SWON001100007.jpg,SWON001100007,"On Running ON Cloudsurfer Trail 2
Waterproof Triple Black"
SWON001100008.jpg,SWON001100008,"On Cloudsurfer Trail 2 Waterproof
Cinder/Desert"
SWON001100009.jpg,SWON001100009,On Cloudsurfer Trail 2 light grey black stippled pattern yellow Outsole
SWON001200001.jpg,SWON001200001,"ون رانينج On Angle x FedererRoger Pro
White Black"
SWON001200002.jpg,SWON001200002,"اون رانينج On Angle x FedererRoger Pro
Black White"
SWON001300001.jpg,SWON001300001,اون رانينج Cloude clipse Fade Sand
SWON001300002.jpg,SWON001300002,اون رانينج Cloude clipse Flame Ivory
SWON001300003.jpg,SWON001300003,اون رانينج Cloude clipse Black Frost
SWON001300004.jpg,SWON001300004,"اون رانينج Cloude clipse Black White
Sole"
SWON001300005.jpg,SWON001300005,اون رانينج Cloude clipse Black Black
SWON001300006.jpg,SWON001300006,اون رانينج Cloude clipse White White
SWON001400001.jpg,SWON001400001,"اون  رانينج  Cloudwander Waterproof
Black Eclipse"
SWON001400002.jpg,SWON001400002,"اون  رانينج  Cloudwander Waterproof
Ivory Black"
SWON001400003.jpg,SWON001400003,"اون  رانينج  Cloudwander Waterproof
Glacier Eclips"
SWON001400004.jpg,SWON001400004,"اون  رانينج  Cloudwander Waterproof
Ivory Beige"
SWON001400005.jpg,SWON001400005,"On Running Cloudwander Waterproof
Sand/Black"
SWON001400006.jpg,SWON001400006,"اون  رانينج  Cloudwander Waterproof
Ivory Black ORG"
SWON001400007.jpg,SWON001400007,"اون  رانينج  Cloudwander Waterproof
Ivory Beige ORG"
SWON001500001.jpg,SWON001500001,"اون رانينج  The Roger ProClay Undyed
White"
SWON001500002.jpg,SWON001500002,"اون رانينج The Roger ProClay White
Indigo"
SWON001500003.jpg,SWON001500003,"اون رانينج The Roger ProClay Undyed
White Lily"
SWON001600001.jpg,SWON001600001,"""اون رانينج The Roger ProClay2 White
Black
"""
SWON001600002.jpg,SWON001600002,"""اون رانينج The Roger ProClay2 White
Indigo
"""
SWON001600003.jpg,SWON001600003,"اون رانينج The Roger ProClay2 White
Pink"
SWON001700001.jpg,SWON001700001,"اون رانينج Cloudnova Phantom White
Black"
SWON001700002.jpg,SWON001700002,"اون رانينج Cloudnova White Carnation
Pink"
SWON001800001.jpg,SWON001800001,"On Running Cloudventure LOEWE 2
WHITE RED"
SWON001800002.jpg,SWON001800002,"On Running Cloudventure 2 LOEWE
BLACK"
SWON001800003.jpg,SWON001800003,"On Running Cloudventure LOEWE 2
WHITE SILVER"
SWON001800004.jpg,SWON001800004,"On Running Cloudventure LOEWE 2
OFF WHITE Eggshell"
SWON001800005.jpg,SWON001800005,"On Running Cloudventure LOEWE 2
Pale Pink"
SWON001800006.jpg,SWON001800006,"On Running Cloudventure LOEWE 2
Khaki"
SWON001900001.jpg,SWON001900001,On Running Cloudtilt Black Eclipse
SWON001900002.jpg,SWON001900002,"On Running Cloudtilt Ivory Orchid
purple"
SWON001900003.jpg,SWON001900003,On Running Cloudtilt Quartz Pearl White Brown Gray Purple
SWON001900004.jpg,SWON001900004,"On Running Cloudtilt Clove Sand grey
light off-white/beige"
SWON001900005.jpg,SWON001900005,On Running Cloudtilt Blue Ivory White
SWON001900006.jpg,SWON001900006,"On Running Cloudtilt Arctic/Ice grey
blue"
SWON001900007.jpg,SWON001900007,On Running Cloudtilt Sand Cream
SWON001900008.jpg,SWON001900008,On Running Cloudtilt Glacier/Ice
SWON001900009.jpg,SWON001900009,On Running Cloudtilt Clove Sand
SWON001900010.jpg,SWON001900010,"On Running Cloudtilt Moon Zendaya
Black"
SWON001900011.jpg,SWON001900011,"On Running Cloudtilt Moon Zendaya
Glacier Alloy"
SWON001900012.jpg,SWON001900012,On Running Cloudtilt Moon WHITE
SWON001900013.jpg,SWON001900013,On Running Cloudtilt sandy pink Burgundy Red / Off-White
SWON001900014.jpg,SWON001900014,"On Running Cloudtilt Black Asphalt
white"
SWON001900015.jpg,SWON001900015,"On Running Cloudtilt navy blue white
sole&assents"
SWON001900016.jpg,SWON001900016,"On Running Cloudtilt Eclipse/Black
Midnight"
SWON001900017.jpg,SWON001900017,"On Running Cloudtilt Olive/Desert
white"
SWON001900018.jpg,SWON001900018,On Running Cloudtilt Cinder Fog
SWON001900019.jpg,SWON001900019,"On Running Cloudtilt Marsh Heather
light blue white"
SWON001900021.jpg,SWON001900021,"On Running Cloudtilt Cinder Fog
desert"
SWON002000001.jpg,SWON002000001,"On Running CLOUD PLAY WHITE
WITH Velcro Strap"
SWON002000002.jpg,SWON002000002,On Running CLOUD PLAY BLACK
SWON002000003.jpg,SWON002000003,On Running CLOUD PLAY BLACK WHITE WITH Velcro Stra
SWON002000004.jpg,SWON002000004,"On Running CLOUD PLAY BLACK
WITH Velcro Strap"
SWON002100001.jpg,SWON002100001,On Running Cloudzone White/Ice
SWON002100002.jpg,SWON002100002,On Running Cloudzone beige pink
SWON002100003.jpg,SWON002100003,"On Running Cloudzone black white
sole"
SWON002100004.jpg,SWON002100004,On Running Cloudzone triple Black
SWON002200001.jpg,SWON002200001,On Running Cloudflow 5 triple Black
SWON002200002.jpg,SWON002200002,On Running Cloudflow 5 blue gray
SWON002200003.jpg,SWON002200003,"On Running Cloudflow 5 Alloy/Rock
gray white"
SWON002200004.jpg,SWON002200004,"On Running Cloudflow 5 Fog/Eclipse
color variant"
SWON002200005.jpg,SWON002200005,"On Running Cloudflow 5 white light
green"
SWON002300001.jpg,SWON002300001,"On Running Cloudsolo Loewe black
white"
SWON002300002.jpg,SWON002300002,On Running Cloudsolo Loewe black
SWON002300003.jpg,SWON002300003,On Running Cloudsolo Loewe white
SWON002300004.jpg,SWON002300004,"On Running Cloudsolo Loewe dark
sand and cream"
SWON002300005.jpg,SWON002300005,On Running Cloudsolo Lime Green
SWON002300006.jpg,SWON002300006,On Running Cloudsolo sky blue
SWON002300007.jpg,SWON002300007,"On Running Cloudsolo sand turquoise
beige blue"
SWON002300008.jpg,SWON002300008,"Loewe x On Cloudsolo blue gray lime
green"
SWON002400001.jpg,SWON002400001,On Running Cloudvista2 triple black
SWON002400002.jpg,SWON002400002,"On Running Cloudvista2
Glacier/Eclipse"
SWON002400003.jpg,SWON002400003,"On Running Cloudvista2 Chai Dune
brown tan"
SWON002400004.jpg,SWON002400004,On Running Cloudvista2 Lilac Black
SWON002500001.jpg,SWON002500001,"On Running Cloud 6 Black white
assents"
SWON002500002.jpg,SWON002500002,On Running Cloud 6 All White
SWON002500003.jpg,SWON002500003,"On Running Cloud 6 Year of the Horse
deep brown gold Accents"
SWON002500004.jpg,SWON002500004,On Running Cloud 6 Orchid Fade
SWON002500005.jpg,SWON002500005,On Running Cloud 6 Raspberry White
SWON002500006.jpg,SWON002500006,On Running Cloud 6 Midnight Ink
SWON002500007.jpg,SWON002500007,On Running Cloud 6 Midnight White
SWON002500008.jpg,SWON002500008,On Running Cloud 6 Fog White
SWON002500009.jpg,SWON002500009,On Running Cloud 6 Glacier White
SWON002500010.jpg,SWON002500010,On Running Cloud 6 Black White
SWON002600001.jpg,SWON002600001,On Running Cloud X FKA Twigs Black
SWON002600002.jpg,SWON002600002,On Running Cloud X FKA Twigs Lily
SWON002600003.jpg,SWON002600003,"On Running Cloud X FKA Twigs
Desert"
SWON002700001.jpg,SWON002700001,"On Running Cloudboom Volt White
Black"
SWON002700002.jpg,SWON002700002,"On Running Cloudboom Volt Ivory
Sunstone"
SWON002700003.jpg,SWON002700003,"On Running Cloudboom Volt Black
Juniper"
SWON002800001.jpg,SWON002800001,"On Running On Cloudmonster 3 Hyper Running Ivory / Peony black
laces"
SWON002800002.jpg,SWON002800002,"On Running On Cloud Monster 3
Hyper Running black"
SWON002800003.jpg,SWON002800003,On Running On Cloudmonster 3 Hyper Ivory / Peony pink
SWON002800004.jpg,SWON002800004,On Running On Cloudmonster 3 Hyper black ivory gray WHITE
SWON002800005.jpg,SWON002800005,"On Running On Cloudmonster 3 Hyper black ivory white moave pink
assents"
SWON002900001.jpg,SWON002900001,"On Running Cloudsurfer Max Ivory
Peony"
SWON002900002.jpg,SWON002900002,On Running Cloudsurfer Max Ivory/Flurry vibrant mint green
SWON002900003.jpg,SWON002900003,"On Running Cloudsurfer Max Sienna
Dew burgundy off-white"
SWON002900004.jpg,SWON002900004,"On Running Cloudsurfer Max Black
Eclipse"
SWON002900005.jpg,SWON002900005,"On Running Cloudsurfer Max
Erewhon Ivory"
SWON002900006.jpg,SWON002900006,"On Running Cloudsurfer Max
White/Frost grey"
SWPH000300002.jpg,SWPH000300002,فيليب بلين HI TOP Black Studed
SWPH000300003.jpg,SWPH000300003,فيليب بلين HITOP Black Strass
SWPH000300004.jpg,SWPH000300004,"فيليب بلين HITOP DRINKING FAST Skull
Black"
SWPH000300005.jpg,SWPH000300005,"PHILIPP PLEIN HI TOP white black
pp logo Metallic"
SWPH000300006.jpg,SWPH000300006,"Philipp Plein Hi-Top black white neon
yellow"
SWPH000400006.jpg,SWPH000400006,فليب لين Hexagon LEATHER بلك وايت
SWPH000400007.jpg,SWPH000400007,Hexagon White dark blue فيليب لين
SWPH000400008.jpg,SWPH000400008,light black Hexagon فيليب لين
SWPH000400009.jpg,SWPH000400009,Hexagon dark blue wite فيليب لين
SWPH000400010.jpg,SWPH000400010,فليب لين Hexagon LEATHER BLACK
SWPH000400011.jpg,SWPH000400011,"PHILIP PLEIN Hexagon LEATHER
BLACK WHITE SOLE"
SWPH000400012.jpg,SWPH000400012,"Philipp Plein Hexagon low-top white
metal logo"
SWPH000500002.jpg,SWPH000500002,بلك Piama lovo فيليب لين
SWPH000600001.jpg,SWPH000600001,فيليب بلين Tiger Attack Black Gold
SWPH000600002.jpg,SWPH000600002,فيليب بلين Tiger Attack Black White Silver
SWPH000600003.jpg,SWPH000600003,فيليب بلين Tiger Attack White Gold
SWPH000600004.jpg,SWPH000600004,فيليب بلين Tiger Attack All Black
SWPH000600005.jpg,SWPH000600005,"PHILIPP PLEIN Tiger Attack Black
SILVER"
SWPH000600006.jpg,SWPH000600006,"PHILIPP PLEIN Tiger Attack Black
GOLD"
SWPH000600007.jpg,SWPH000600007,PHILIPP PLEIN Tiger Attack Black
SWPH000700001.jpg,SWPH000700001,"فيليب بلين Lo-Top Leather Phantom
Kick$ White Blac"
SWPH000700002.jpg,SWPH000700002,"فيليب بلين Lo-Top Leather Phantom
Kick$ crocodile-"
SWPH000700003.jpg,SWPH000700003,Philipp Plein Phantom Kick$ low-top black skull patch metallic heel spoiler
SWPH000800001.jpg,SWPH000800001,Philipp Plein Big Bang Runner Black
SWPH000900001.jpg,SWPH000900001,PHILIP PLEIN SK8R Sneakers LOW
SWPH001000001.jpg,SWPH001000001,Philipp Plein Slip-On Triangle black
SWPH001100001.jpg,SWPH001100001,Philipp Plein Skull-plaque black white
SWPO000100001.jpg,SWPO000100001,Polo Ralph Lauren Heritage Court II leather black white مقاسات خاصة
SWPO000100002.jpg,SWPO000100002,"Polo Ralph Lauren Heritage Court II white navy heel tab gum sole  مقاسات
خاصة"
SWPO000100003.jpg,SWPO000100003,"Polo Ralph Lauren Heritage Court II dark navy white heel tab&sole  مقاسات
خاصة"
SWPO000100004.jpg,SWPO000100004,"Polo Ralph Lauren Heritage Court II white GREEN  heel tab&logo  مقاسات
خاصة"
SWPO000100005.jpg,SWPO000100005,"Polo Ralph Lauren Heritage Court II
navy red logo مقاسات خاصة"
SWPO000100006.jpg,SWPO000100006,"Polo Ralph Lauren Heritage Court II
leather black white"
SWPO000100007.jpg,SWPO000100007,Polo Ralph Lauren Heritage Court II white navy heel tab gum sole
SWPO000100008.jpg,SWPO000100008,"Polo Ralph Lauren Heritage Court II
earth grey white"
SWPO000100009.jpg,SWPO000100009,Polo Ralph Lauren Heritage Court II dark navy white heel tab&sole
SWPO000100010.jpg,SWPO000100010,Ralph Lauren Heritage Court II white blue signature red heel tab
SWPO000200001.jpg,SWPO000200001,"Polo Ralph Lauren Train 89 black
white heel tab&sole"
SWPO000200002.jpg,SWPO000200002,"Polo Ralph Lauren Train 89 olive
green white heel tab"
SWPO000200003.jpg,SWPO000200003,"Polo Ralph Lauren Train 89 black
white gold logo"
SWPO000200004.jpg,SWPO000200004,Polo Ralph Lauren Train 89 black white heel tab gold signature
SWPO000200005.jpg,SWPO000200005,"Polo Ralph Lauren Train 89 black
white logo"
SWPO000200006.jpg,SWPO000200006,"Polo Ralph Lauren Train 89 NAVY
BLUE white logo"
SWPR000100001.jpg,SWPR000100001,برادا كلود باست ثاندر تريبل بلك
SWPR000100006.jpg,SWPR000100006,"برادا كلود باست ثاندر Technical Fabric
Black"
SWPR000100007.jpg,SWPR000100007,كلود باست ثاندر تريبل بلك PRADA mesh
SWPR000100008.jpg,SWPR000100008,"Prada Cloudbust Thunder black red
accents"
SWPR000100009.jpg,SWPR000100009,"Prada Cloudbust Thunder white red
accents"
SWPR000200002.jpg,SWPR000200002,PRADA Black Textile Sneakers
SWPR000200003.jpg,SWPR000200003,PRADA White Textile Sneakers
SWPR000400001.jpg,SWPR000400001,برادا Chocolate Patent Leather Black
SWPR000500004.jpg,SWPR000500004,برادا Sneaker - Black Logo Red
SWPR000900001.jpg,SWPR000900001,بلك Slip On برادا
SWPR000900002.jpg,SWPR000900002,وايت Slip On برادا
SWPR000900003.jpg,SWPR000900003,"prada Slip On off-white translucent
sole"
SWPR000900004.jpg,SWPR000900004,prada Slip On black translucent sole
SWPR000900005.jpg,SWPR000900005,"Prada slip-on white black logo red
stripe"
SWPR000900006.jpg,SWPR000900006,"Prada slip-on black red stripe silver
logo"
SWPR000900007.jpg,SWPR000900007,prada Slip On WHITE translucent sole
SWPR001000001.jpg,SWPR001000001,برادا Monolith loafers تربيل بلك
SWPR001100002.jpg,SWPR001100002,برادا Monolith Ankle Boots Black
SWPR001100003.jpg,SWPR001100003,Prada Monolith SOCK Boot black
SWPR001100004.jpg,SWPR001100004,"Prada Monolith Brushed Leather
Lace-Up Derby black"
SWPR001100005.jpg,SWPR001100005,"Prada Monolith brushed leather
Chelsea boot black"
SWPR001200001.jpg,SWPR001200001,"برادا Monolith 55mm Black Brushed
Leather"
SWPR001200002.jpg,SWPR001200002,Prada Monolith 55mm Bulk Black glos
SWPR001200003.jpg,SWPR001200003,Prada Monolith  Black glosS
SWPR001300001.jpg,SWPR001300001,"برادا Macro Re-nylon And Brushed
Leather Sneakers"
SWPR001300002.jpg,SWPR001300002,"PRADA  Macro Re-nylon And Brushed
triple black"
SWPR001300003.jpg,SWPR001300003,"PRADA Macro Re-nylon Brushed
black white black laces"
SWPR001400001.jpg,SWPR001400001,"Leather Logo Plaque Loafers Black
برادا"
SWPR001400002.jpg,SWPR001400002,"Leather Logo Plaque Loafers Brown
برادا"
SWPR001500001.jpg,SWPR001500001,Prada Padded Nappa Leather Black
SWPR001500002.jpg,SWPR001500002,"Prada Padded Nappa Leather WHITE
CREAMY MONGRAM"
SWPR001500003.jpg,SWPR001500003,"Prada Padded Nappa Leather TRIBLE
BLACK MONGRAM"
SWPR001900001.jpg,SWPR001900001,"Prada PRAX 01 Sneakers navy gray
white"
SWPR001900002.jpg,SWPR001900002,"Prada PRAX 01 Sneakers Beige
Recycled Nylon"
SWPR001900003.jpg,SWPR001900003,Prada PRAX 01 Sneakers WHITE
SWPR001900004.jpg,SWPR001900004,Prada PRAX 01 Sneakers BLACK
SWPR001900005.jpg,SWPR001900005,"Prada PRAX 01 Sneakers TRIPLE
BLACK BIG SOLE"
SWPR001900006.jpg,SWPR001900006,"Prada PRAX 01 Sneakers TRIPLE
WHITE BIG SOLE"
SWPR001900007.jpg,SWPR001900007,"Prada PRAX 01 Sneakers TRIPLE
BLACK MONGRAM"
SWPR001900008.jpg,SWPR001900008,Prada PRAX 01 Sneakers  WHITE BLACK SOLE MONGRAM
SWPR001900009.jpg,SWPR001900009,Prada PRAX 01 Sneakers triple white
SWPR001900010.jpg,SWPR001900010,Prada Prax 01 sneaker triple black
SWPR001900011.jpg,SWPR001900011,Prada Prax 01 sneaker triple white
SWPR002000001.jpg,SWPR002000001,"Prada Cloudbust Air Sneakers White
BLACK GRAY SOLE"
SWPR002000002.jpg,SWPR002000002,Prada Cloudbust Air Sneakers BLACK- BLACK GRAY SOL
SWPR002100001.jpg,SWPR002100001,"Prada America s Cup low-top black
white sole red line"
SWPR002100002.jpg,SWPR002100002,Prada America s Cup white Re-Nylon
SWPR002100003.jpg,SWPR002100003,"Prada America s Cup blue leather and
white chunky rubber sole"
SWPR002100004.jpg,SWPR002100004,"Prada America s Cup low-top triple
black"
SWPR002100005.jpg,SWPR002100005,Prada America s Cup White Grey
SWPR002100006.jpg,SWPR002100006,"Prada America s Cup Royal Blue
Silver white"
SWPR002100007.jpg,SWPR002100007,"Prada America s Cup Burgundy
Silver white"
SWPR002100008.jpg,SWPR002100008,"Prada America s Cup black
Silver white"
SWPR002200001.jpg,SWPR002200001,Prada Suede Mules olive green
SWPR002200002.jpg,SWPR002200002,Prada Suede Mules black
SWPR002300001.jpg,SWPR002300001,Prada Brushed Chelsea Boots black
SWPR002400001.jpg,SWPR002400001,Prada Brushed Leather Lace-Up black
SWPR002500001.jpg,SWPR002500001,Prada Downtown Low Top White/Black logo print tongue&heel
SWPR002500002.jpg,SWPR002500002,"Prada Downtown Low Top Steel Gray
logo print tongue&heel"
SWPR002500003.jpg,SWPR002500003,Prada Downtown Low Top White Black heel&outsole metal triangle logo
SWPR002600001.jpg,SWPR002600001,Prada Montecarlo Re-Edition black
SWPR002600002.jpg,SWPR002600002,Prada Montecarlo Re-Edition brown
SWPR002600003.jpg,SWPR002600003,"Prada Montecarlo Re-Edition triple
white"
SWPR002700001.jpg,SWPR002700001,Prada Cloudbust Thunder kint black
SWPR002700002.jpg,SWPR002700002,Prada Cloudbust Thunder kint beige
SWPU000100001.jpg,SWPU000100001,بوما كالي وايت بيبي بلو
SWPU000100002.jpg,SWPU000100002,بوما كالي وايت
SWPU000100003.jpg,SWPU000100003,بوما كالي وايت ريد
SWPU000200001.jpg,SWPU000200001,بوما ماوس ساتين بيتش بيج
SWPU000300001.jpg,SWPU000300001,وايت ميتاليك سيلفر X‏2 بوما ماوس
SWPU000300002.jpg,SWPU000300002,بلك ميتاليك روز جولد X‏2 بوما ماوس
SWPU000300003.jpg,SWPU000300003,بيج ميتاليك روز جولد X‏2 بوما ماوس
SWPU000400001.jpg,SWPU000400001,بوما ميل رايدر بيج × علمة اسود
SWPU000400002.jpg,SWPU000400002,بوما ميل رايدر رمادي × اسود × علمة اخضر
SWPU000400003.jpg,SWPU000400003,بوما ميل رايدر ابيض × بينك × علمة تركواز
SWPU000400004.jpg,SWPU000400004,MR DOODLE بوما ميل رايدر اكس
SWPU000500001.jpg,SWPU000500001,بوما رالف هاف ابيض × موف
SWPU000500002.jpg,SWPU000500002,بوما رالف هاف ابيض × روز
SWPU000600001.jpg,SWPU000600001,بوما كروز ابيض
SWPU000600002.jpg,SWPU000600002,بوما كروز فيمنينو
SWPU000600003.jpg,SWPU000600003,بوما كروز بينك ليت
SWPU001400001.jpg,SWPU001400001,"بوما Fast-RB Nitro white Fuchsia
orange"
SWPU001400002.jpg,SWPU001400002,بوما Fast-RB Nitro Black orange
SWPU001400003.jpg,SWPU001400003,بوما Fast-RB Nitro Lime Pow
SwPU001400004.jpg,SwPU001400004,بوما Fast-RB Nitro Off white orange
SWPU001500001.jpg,SWPU001500001,Puma Army Trainer white navy Gum
SWPU001600001.jpg,SWPU001600001,بوما SUEDE XL For All Time Red
SWPU001600002.jpg,SWPU001600002,SUEDE XL Rope Frosted Ivory بوما
SWPU001600003.jpg,SWPU001600003,بوما SUEDE XL Black Gum
SWPU001600004.jpg,SWPU001600004,بوما SUEDE XL Beige Sand
SWPU001600005.jpg,SWPU001600005,بوما SUEDE XL HAIRY Dark green
SWPU001600006.jpg,SWPU001600006,بوما SUEDE XL White Green
SWPU001600007.jpg,SWPU001600007,بوما SUEDE XL Black Whisp of Pink
SWPU001600008.jpg,SWPU001600008,بوما SUEDE XL Black White
SWPU001600009.jpg,SWPU001600009,"SUEDE XL SWate Blue SWate
Inspired بوما"
SWPU001600010.jpg,SWPU001600010,SUEDE XL leather White بوما
SWPU001600011.jpg,SWPU001600011,بوما SUEDE XL Sugared Almond
SWPU001600012.jpg,SWPU001600012,بوما SUEDE XL Ocean Tropic
SWPU001600013.jpg,SWPU001600013,بوما SUEDE XL Skate Off White
SWPU001600014.jpg,SWPU001600014,بوما SUEDE XL Team Royal
SWPU001600015.jpg,SWPU001600015,بوما SUEDE XL Grape Mist
SWPU001600016.jpg,SWPU001600016,بوما SUEDE XL Baby Blue
SWPU001600017.jpg,SWPU001600017,بوما SUEDE XL Pink Brown
SWPU001600018.jpg,SWPU001600018,بوما SUEDE XL Pure Green
SWPU001600019.jpg,SWPU001600019,بوما SUEDE XL Low lights
SWPU001600020.jpg,SWPU001600020,بوما SUEDE XL Granola Warm White
SWPU001600021.jpg,SWPU001600021,بوما SUEDE XL Olive Green White
SWPU001600022.jpg,SWPU001600022,SUEDE XL leather White ORG بوما
SWPU001700001.jpg,SWPU001700001,بوما SUEDE Fat Lace Up Green
SWPU001800001.jpg,SWPU001800001,بوما Platform V3 White Black
SWPU001900001.jpg,SWPU001900001,بوما Speedcat OPEN YY Black
SWPU001900002.jpg,SWPU001900002,بوما Speedcat OPEN YY Prairie Tan
SWPU001900003.jpg,SWPU001900003,بوما Speedcat OPEN YY Brown
SWPU001900004.jpg,SWPU001900004,"بوما Speedcat OPEN YY Whisp Of
Pink"
SWPU002000001.jpg,SWPU002000001,بوما Palermo White Vapor Grey Gum
SWPU002000002.jpg,SWPU002000002,بوما Palermo Black Feather Grey Gum
SWPU002000003.jpg,SWPU002000003,بوما Palermo White Gum
SWPU002000004.jpg,SWPU002000004,بوما Palermo Vintage Jade Frost
SWPU002000005.jpg,SWPU002000005,بوما Palermo Vintage Hyperlink Blue
SWPU002000006.jpg,SWPU002000006,بوما Palermo Pink Delight Green
SWPU002000007.jpg,SWPU002000007,بوما Palermo Grape Mist Peach Fizz
SWPU002000008.jpg,SWPU002000008,بوما Palermo Silver Cool Light Grey
SWPU002100001.jpg,SWPU002100001,بوما SUEDE LOW Archive Remastered
SWPU002200001.jpg,SWPU002200001,بوما Scend Pro White Black
SWPU002200002.jpg,SWPU002200002,بوما Scend Pro Black-Ultra Blue
SWPU002200003.jpg,SWPU002200003,"بوما Scend Pro ORANGE BLACK
WHITE"
SWPU002200004.jpg,SWPU002200004,بوما Scend Pro Grey 6
SWPU002300001.jpg,SWPU002300001,بوما Fastroid Nitro Negro
SWPU002300002.jpg,SWPU002300002,"بوما Fastroid Nitro White Silver Cherry
Tomato"
SWPU002300003.jpg,SWPU002300003,بوما Fastroid Nitro Black Castlerock
SWPU002400001.jpg,SWPU002400001,بوما Bella UT Black White
SWPU002400002.jpg,SWPU002400002,بوما Bella UT White Black
SWPU002500001.jpg,SWPU002500001,"بوما دريفت NtrElt White-Glow
Red-Magenta"
SWPU002500002.jpg,SWPU002500002,بوما دريفت NtrElt black-Glow orange
SWPU002500003.jpg,SWPU002500003,بوما دريفت NtrElt White Glow lead
SWPU002500004.jpg,SWPU002500004,بوما دريفت NtrElt black-Glow GRAY
SWPU002600001.jpg,SWPU002600001,بوما Speedcat Ballet Black Mauve Mist
SWPU002600002.jpg,SWPU002600002,بوما Speedcat Ballet Whisp of Pink.
SWPU002600003.jpg,SWPU002600003,بوما Speedcat Ballet Silver
SWPU002600004.jpg,SWPU002600004,بوما Speedcat Ballet White Black
SWPU002600005.jpg,SWPU002600005,بوما Speedcat Ballet Black White
SWPU002600006.jpg,SWPU002600006,بوما Speedcat Ballet For All Time Red
SWPU002600007.jpg,SWPU002600007,"Puma Speedcat Ballet Lace Silver
black"
SWPU002600008.jpg,SWPU002600008,"Puma Speedcat Ballet Lux Silver
Chocolate Gum"
SWPU002600009.jpg,SWPU002600009,"Puma Speedcat Ballet Prairie Tan
white"
SWPU002600010.jpg,SWPU002600010,"Puma Speedcat Ballet Dark Chocolate
white"
SWPU002600011.jpg,SWPU002600011,"Puma Speedcat Ballet Jasmine
Flower Rose"
SWPU002600012.jpg,SWPU002600012,Puma Speedcat Ballet Glossy Black
SWPU002600013.jpg,SWPU002600013,"Puma Speedcat Ballet Lace Frosted
Ivory-Ruby Shimmer"
SWPU002600014.jpg,SWPU002600014,Puma Speedcat Ballet Lace Black White floral lace overlay
SWPU002600015.jpg,SWPU002600015,"Puma Speedcat Ballet Rosé White
Black  LOGO"
SWPU002600016.jpg,SWPU002600016,"Puma Speedcat Ballet Wild Leopard
Pony Hair"
SWPU002600017.jpg,SWPU002600017,Puma Speedcat Ballet Ruby Shimmer cream semi-sheer floral lace
SWPU002600018.jpg,SWPU002600018,"Puma Speedcat Ballet The Powerpuff
Girls Silver Blue Wash"
SWPU002600019.jpg,SWPU002600019,"Puma Speedcat Ballet Alpine Snow
Black"
SWPU002600020.jpg,SWPU002600020,"Puma Speedcat Ballet Snakeskin
Cool Dark Gray Black"
SWPU002600021.jpg,SWPU002600021,Puma Speedcat Ballet pink white Rosy Outlook-Alpine Snow
SWPU002700001.jpg,SWPU002700001,بوما Speedcat OG Red White
SWPU002700002.jpg,SWPU002700002,بوما Speedcat OG Pink White
SWPU002700003.jpg,SWPU002700003,بوما Speedcat OG  Black Mauve Mist
SWPU002700004.jpg,SWPU002700004,بوما Speedcat OG braun White
SWPU002700005.jpg,SWPU002700005,Puma Speedcat OG Black-White
SWPU002700006.jpg,SWPU002700006,Puma Speedcat OG white black
SWPU002700007.jpg,SWPU002700007,"Puma Speedcat OG Cool Mid Grey
black sole"
SWPU002700008.jpg,SWPU002700008,"Puma Speedcat OG Team Light Blue
Club Navy"
SWPU002700009.jpg,SWPU002700009,"PUMA Speedcat OG Dark Myrtle
green white"
SWPU002700010.jpg,SWPU002700010,"Puma Speedcat OG Wild Leopard
Pony Hair brown"
SWPU002700011.jpg,SWPU002700011,Puma Speedcat OG navy blue white
SWPU002700012.jpg,SWPU002700012,Puma Speedcat OG triple white
SWPU002700013.jpg,SWPU002700013,Puma Speedcat OG triple black
SWPU002700014.jpg,SWPU002700014,Puma Speedcat OG gray White
SWPU002700015.jpg,SWPU002700015,Puma Speedcat OG Coffee white
SWPU002700016.jpg,SWPU002700016,"Puma Speedcat OG Nuance Gray
Matte silver ASSENTS"
SWPU002700017.jpg,SWPU002700017,Puma Speedcat OG light brown / taupe wool-like fabric gum SOLE
SWPU002700018.jpg,SWPU002700018,"Puma Speedcat Leather White Silver
logo"
SWPU002800001.jpg,SWPU002800001,Puma Magmax Nitro white black
SWPU002800002.jpg,SWPU002800002,Puma Magmax Nitro triple white
SWPU002800003.jpg,SWPU002800003,Puma Magmax Nitro black White lines
SWPU002800004.jpg,SWPU002800004,"Puma Magmax Nitro White yellow
sole"
SWPU002900001.jpg,SWPU002900001,"Puma x Rosé Speedcat Lea sneakers
BLACK WHITE"
SWPU002900002.jpg,SWPU002900002,Puma x ROSÉ Speedcat Lea sneakers White BLACK
SwPU003000001.jpg,SwPU003000001,Balenciaga x Puma Speedcat SuedeDistressed Red White
SwPU003000002.jpg,SwPU003000002,Balenciaga x Puma Speedcat SuedeDistressed BROWN White
SwPU003000003.jpg,SwPU003000003,Balenciaga x Puma Speedcat SuedeDistressed BLACK White
SwPU003000004.jpg,SwPU003000004,Balenciaga x Puma Speedcat SuedeDistressed White BLACK
SWPU003000005.jpg,SWPU003000005,"Balenciaga x Puma Speedcat Leather
Black White"
SWPU003000006.jpg,SWPU003000006,"Balenciaga x Puma Speedcat Leather
White Black"
SWPU003100001.jpg,SWPU003100001,"Puma Park Lifestyle white/vine/vapor
grey gum sole"
SWPU003100002.jpg,SWPU003100002,"Puma Park Lifestyle black white logo
gum sole"
SWPU003100003.jpg,SWPU003100003,"Puma Park Lifestyle white navy  logo
gum sole"
SWPU003200001.jpg,SWPU003200001,"PUMA X Staple 180 Year Of The
Dragon BLACK ORG"
SWRK000100001.jpg,SWRK000100001,ريبوك زيج دايناميكا وايت نيون منت
SWRK000200004.jpg,SWRK000200004,ريبوك كينيتكا ايدج تريبل وايت
SWRK000600001.jpg,SWRK000600001,"ريبوك FloatZig 1 Core Black Pure Grey
6 Reebok Le"
SWRK000600002.jpg,SWRK000600002,"ريبوك FloatZig 1 Cloud White Pure
Grey 1 Moonstone"
SWRK000600003.jpg,SWRK000600003,"ريبوك FloatZig 1 Core Black Pure Grey
7 Dynamic re"
SWRK000600004.jpg,SWRK000600004,ريبوك FloatZig 1 white grey
SWRK000600005.jpg,SWRK000600005,"ريبوك FloatZig 1 White Digital Lime
Kinetic Blue"
SWRK000600006.jpg,SWRK000600006,"ريبوك FloatZig 1 Pale Blue Ftwr White
Orange Flar"
SWRO000100001.jpg,SWRO000100001,Abstract High Black White ريك اونز
SWSF000100001.jpg,SWSF000100001,Compass Wave beige SMFK
SWSF000100002.jpg,SWSF000100002,Compass Wave BLACK SMFK
SWSF000100003.jpg,SWSF000100003,Compass Wave GOLD SMFK
SWSN000100001.jpg,SWSN000100001,SANTONI Dbs1 Sneakers Navy white
SWSN000100002.jpg,SWSN000100002,SANTONI Dbs1 sneakers black white
SWSN000100003.jpg,SWSN000100003,"SANTONI Dbs1 Sneakers black white
Rubber"
SWSN000100004.jpg,SWSN000100004,"SANTONI Dbs1 Sneakers BROWEN
COFEE white Rubber"
SWSN000100005.jpg,SWSN000100005,"SANTONI Dbs1 Sneakers GRAY
white Rubber"
SWSN000200001.jpg,SWSN000200001,"Santoni Leather slip-on white pull tab
heelbrown"
SWSN000200002.jpg,SWSN000200002,"Santoni Leather slip-on black pull tab
heelbrown"
SWSO000100001.jpg,SWSO000100001,سالمون Sneaker White Lunar Rock
SWSO000100002.jpg,SWSO000100002,سالمون Sneaker Black Lunar Rock
SWSO000200002.jpg,SWSO000200002,Salomon XT-6 Gore-Tex Black Silver
SWSR000100001.jpg,SWSR000100001,سمايل ريبابليك هايكي بلك ليد
SWSX000100001.jpg,SWSX000100001,Salax Chunky black whit
SWSX000200001.jpg,SWSX000200001,Salax Genuine dark Leisure White
SWSX000200002.jpg,SWSX000200002,Salax Genuine White
SWSX000200003.jpg,SWSX000200003,Salax Genuine dark Leisure black
SWSX000300001.jpg,SWSX000300001,Salax Moerbai black white
SWSX000300002.jpg,SWSX000300002,Salax Moerbai red black white
SWSX000300003.jpg,SWSX000300003,Salax Moerbai White stone gren
SWSX000400001.jpg,SWSX000400001,"Salax sheepskin Plain Leather white
gray"
SWSX000500001.jpg,SWSX000500001,Salax Silk EVA Cow Leather White
SWSX000600001.jpg,SWSX000600001,Salax Skateboard black gray
SWSX000600002.jpg,SWSX000600002,Salax Skateboard blue
SWSX000600003.jpg,SWSX000600003,"Salax Skateboard Brown Leopard
Print"
SWSX000700001.jpg,SWSX000700001,Salax Leisure black  white stripes
SWSX000700002.jpg,SWSX000700002,Salax Leisure White
SWTL000100001.jpg,SWTL000100001,تمبرلند اصفر هاف وان
SWTL000100002.jpg,SWTL000100002,تمبرلند اسود هاف وان
SWTL000300001.jpg,SWTL000300001,Timberland 6 Inch Basic Boot Black
SWTL000300002.jpg,SWTL000300002,Timberland 6 Inch Basic Boot Wheat
SWTL000300003.jpg,SWTL000300003,"Timberland 6 Inch Basic Boot  Dark
Grey"
SWTL000300004.jpg,SWTL000300004,"Timberland 6 Inch Basic Boot Dark
Green"
SWTL000300005.jpg,SWTL000300005,SWTL000300005
SWTL000300006.jpg,SWTL000300006,Timberland 6 Inch Basic Boot Supreme Diamond Plate
SWTL000300007.jpg,SWTL000300007,"Timberland 6 Inch Basic Boot Louis
Vuitton Wheat M"
SWTL000300008.jpg,SWTL000300008,"Timberland 6 Inch Basic Boot Midnight
Countdown Pi"
SWTN000100001.jpg,SWTN000100001,"ذا نورث فيس Never Stop Lace Trail White
White"
SWTN000100002.jpg,SWTN000100002,"ذا نورث فيس Never Stop Lace Trail
BLACK White"
SWTN000100003.jpg,SWTN000100003,"ذا نورث فيس Never Stop Lace Trail
BLACK BLACK"
SWTN000100004.jpg,SWTN000100004,ذا نورث فيس Never Stop Lace Trail Gris
SWTN000200001.jpg,SWTN000200001,"The North Face Altamesa 500 Smkd
Pearl Lunar Stone"
SWTN000200002.jpg,SWTN000200002,"The North Face Altamesa 500 Tnf
Black Asphalt Grey"
SWTN000200003.jpg,SWTN000200003,"The North Face Altamesa 500\ Black
White Grey"
SWTN000200004.jpg,SWTN000200004,"TheNorthFace Altamesa 500 White
BeigeGum"
SWTN000200005.jpg,SWTN000200005,"TheNorthFace Altamesa 500 LT
GREY BLUE"
SWTN000300001.jpg,SWTN000300001,"The North Face Altamesa 300 White
light Beige"
SWTN000300002.jpg,SWTN000300002,The North Face Altamesa 300 TNF Black/Solar Flare white logo
SWTN000300003.jpg,SWTN000300003,"The North Face Altamesa 300 TNF
BLACK orange"
SWTN000300004.jpg,SWTN000300004,"The North Face Altamesa 300 trail
Fog Gray black"
SWTN000400001.jpg,SWTN000400001,The North Face Glenclyffe Low New Taupe Green / Cavern Grey
SWTN000400002.jpg,SWTN000400002,"The North Face Glenclyffe Low  Navy
Black white logo"
SWTN000400003.jpg,SWTN000400003,The North Face Glenclyffe Low  gray
SWTN000400004.jpg,SWTN000400004,"The North Face Glenclyffe Low black
white logo"
SWTN000500001.jpg,SWTN000500001,The North Face VECTIV Black/Anthracite gray
SWTN000500002.jpg,SWTN000500002,"The North Face VECTIV Enduris 4
white/light gray"
SWTN000500003.jpg,SWTN000500003,"The North Face VECTIV Enduris 4
blue green white"
SWTO000100001.jpg,SWTO000100001,TOMMY HILFIGER WS LOGO White
SWTO000100002.jpg,SWTO000100002,"TOMMY HILFIGER Jeans Cool ESS
white"
SWTO000100003.jpg,SWTO000100003,TOMMY HILFIGER White WT LOGO
SWTO000100004.jpg,SWTO000100004,TOMMY HILFIGER LEATHER GRAIN BLACK WHITE RED LACE
SWTO000100005.jpg,SWTO000100005,"Tommy Hilfiger Leather White dark
blue LACE"
SWTO000100006.jpg,SWTO000100006,"Tommy Hilfiger Brown Court Suede
Trainer WHITE LACE"
SWTO000100007.jpg,SWTO000100007,"Tommy Hilfiger Court Leather black
WHITE SOLE"
SWTO000100008.jpg,SWTO000100008,"Tommy Hilfiger Court Suede black
WHITE LOGO&lace"
SWTO000100009.jpg,SWTO000100009,Tommy Hilfiger Court  Suede gray black lace Antique Silver
SWTO000200001.jpg,SWTO000200001,Tommy Technical Runner triple black
SWTO000200002.jpg,SWTO000200002,"Tommy Technical Runner gray mixed
texture"
SWTO000200003.jpg,SWTO000200003,"Tommy Technical Runner Desert Sky
navy blue red white"
SWTO000200004.jpg,SWTO000200004,"Tommy Technical Runner black white
red"
SWTO000200005.jpg,SWTO000200005,"Tommy Technical Runner white light
gray black heel sole"
SWTO000300001.jpg,SWTO000300001,"Tommy Jeans Runner Casual white
navy red lace"
SWTO000300002.jpg,SWTO000300002,"Tommy Jeans Runner Casual white
blue red black outsole"
SWTO000300003.jpg,SWTO000300003,"Tommy Jeans Runner Casual black
white midsole&lace"
SWUA000100001.jpg,SWUA000100001,مارين  3 U HOVR Phantom اندر ارمور جرين كامو
SWUA000200001.jpg,SWUA000200001,"Under Armour HOVER UA Phantom 4
Storm BLACK SILVER"
SWUA000200002.jpg,SWUA000200002,"Under Armour HOVER UA Phantom 4
Storm BLACK"
SWUA000200003.jpg,SWUA000200003,"Under Armour HOVER UA Phantom 4
Storm BLACK WHITE"
SWUG000100001.jpg,SWUG000100001,UGG Tazz Slipper Chestnut Red
SWUG000100002.jpg,SWUG000100002,UGG Tazz Slipper Black
SWUG000100004.jpg,SWUG000100004,UGG Tazz Slipper Mustard Seed
SWUG000100005.jpg,SWUG000100005,UGG Tazz Slipper Chestnut Brown
SWUG000100006.jpg,SWUG000100006,"UGG Tazz Slipper Burnt Olive high
heel"
SWUG000100007.jpg,SWUG000100007,UGG Tazz Slipper Hickory
SWUG000100008.jpg,SWUG000100008,UGG Tazz Slipper Maxi Curly Sand
SWUG000100009.jpg,SWUG000100009,"UGG Tazz Slipper Maxi Curly
Chestnut"
SWUG000100010.jpg,SWUG000100010,UGG Tazz Slipper Sand upper edgesignature design element
SWUG000100011.jpg,SWUG000100011,UGG Tazz Slipper dark grey color signature UGGbraid collar
SWUG000100012.jpg,SWUG000100012,UGG Tazz Slipper slipper Chestnut
SWUG000100013.jpg,SWUG000100013,UGG Tazz Slipper in the Pink Dawn
SWUG000100014.jpg,SWUG000100014,"UGG Tazz Slipper Caspian leopard
print"
SWUG000100015.jpg,SWUG000100015,"UGG Tazz Slipper Chestnut Red
LIGHT"
SWUG000100016.jpg,SWUG000100016,UGG Tazz Slipper Burnt Olive
SWUG000100017.jpg,SWUG000100017,"UGG Tazz Slipper dark brown high
heel"
SWUG000100018.jpg,SWUG000100018,"UGG Tazz Slipper Sea Foam high
heel"
SWUG000100019.jpg,SWUG000100019,"UGG Tazz Slipper 25 beige Tropical
Pink"
SWUG000100020.jpg,SWUG000100020,UGG Tazz Slipper Sand colorway
SWUG000100021.jpg,SWUG000100021,UGG Tazz slipper color Rocky Oak
SWUG000100022.jpg,SWUG000100022,"UGG Tazz Slipper Caspian leopard
print high heel"
SWUG000100023.jpg,SWUG000100023,UGG Tazz Slipper dark grey color signature UGGbraid collar high heel
SWUG000200001.jpg,SWUG000200001,"UGG Classic Ultra Mini Platform Boot
Chestnut"
SWUG000200002.jpg,SWUG000200002,"UGG Classic Ultra Mini Platform Boot
Black"
SWUG000300001.jpg,SWUG000300001,UGG Brooklyn Chelsea Boot Black
SWUG000300002.jpg,SWUG000300002,UGG Brooklyn Chelsea Boot Hickory
SWUG000300003.jpg,SWUG000300003,"UGG Brooklyn Chelsea Boot Mustard
Seed"
SWUG000400001.jpg,SWUG000400001,"UGG Classic Plus Ultra Boots
CHESTNUT White"
SWUG000400002.jpg,SWUG000400002,"UGG Classic Plus Mini Boots
CHESTNUT White"
SWUG000400003.jpg,SWUG000400003,"UGG Classic Plus Short Boots
CHESTNUT White"
SWUG000500001.jpg,SWUG000500001,UGG Fluffita Slide White
SWUG000600001.jpg,SWUG000600001,UGG Oh Yeah Slipper White
SWUG000700001.jpg,SWUG000700001,UGG ANDERS CHESTNUT SHEARLING LINED
SWUG000800001.jpg,SWUG000800001,UGG Classic Ultra Mini Boot Chestnut
SWUG000800002.jpg,SWUG000800002,UGG Classic Ultra Mini Boot Black
SWUG000800003.jpg,SWUG000800003,"UGG Classic Ultra locked Mini Boot
Beige"
SWUG000800004.jpg,SWUG000800004,"UGG Classic Ultra locked Mini Boot
Camel"
SWUG000800005.jpg,SWUG000800005,"UGG Classic Ultra locked Mini Boot
Chestnut"
SWUG000800006.jpg,SWUG000800006,"UGG Classic Ultra length locked Mini
Boot Chestnut"
SWUG000800007.jpg,SWUG000800007,"UGG Classic Ultra Embroide Mini
Boot Sand"
SWUG000800008.jpg,SWUG000800008,"UGG Classic Ultra Embroide Mini
Boot Chestnut"
SWUG000800009.jpg,SWUG000800009,"UGG Classic Ultra Zipper Mini Boot
Chestnut"
SWUG000800010.jpg,SWUG000800010,"UGG Classic Ultra Printed Mini Boot
Chestnut"
SWUG000800011.jpg,SWUG000800011,"UGG Classic Ultra Printed Mini Boot
Sand"
SWUG000800012.jpg,SWUG000800012,"UGG Classic Ultra Mini Caspian
leopard print"
SWUG000900001.jpg,SWUG000900001,"UGG Neumel Platform Chelsea Boot
Chestnut"
SWUG000900002.jpg,SWUG000900002,"UGG Neumel Platform Chelsea Boot
Black"
SWUG001000001.jpg,SWUG001000001,UGG Lowmel Sand
SWUG001000002.jpg,SWUG001000002,UGG Lowmel Dune
SWUG001000003.jpg,SWUG001000003,UGG Lowmel HAVAN
SWUG001000004.jpg,SWUG001000004,UGG Lowmel black
SWUG001100001.jpg,SWUG001100001,UGG funkette slipper Chestnut
SWUG001100002.jpg,SWUG001100002,UGG funkette slipper Black
SWUG001100003.jpg,SWUG001100003,UGG funkette slipper Black high heels
SWUG001200001.jpg,SWUG001200001,UGG Classic Dipper Boot Black
SWUG001200002.jpg,SWUG001200002,UGG Classic Dipper Boot Chestnut
SWUG001200003.jpg,SWUG001200003,"UGG Classic Dipper Boot Mini
Chestnut"
SWUG001200004.jpg,SWUG001200004,UGG Classic Dipper Boot Mini black
SWUG001300001.jpg,SWUG001300001,"UGG Classic Sweater Letter Boot
Chestnut"
SWUG001300002.jpg,SWUG001300002,"UGG Classic Sweater Letter Boot
Black"
SWUG001400001.jpg,SWUG001400001,"UGG Neumel Weather Hybrid Boot
Chestnut Whiteca"
SWUG001500001.jpg,SWUG001500001,UGG Classic Short II Boot Grey
SWUG001500002.jpg,SWUG001500002,"UGG Classic Short II Boot Mustard
Seed"
SWUG001500003.jpg,SWUG001500003,"UGG Classic Short II Boot PINK
SHEEPSKIN"
SWUG001600001.jpg,SWUG001600001,UGG Disco Cross Slide chestnut
SWUG001600002.jpg,SWUG001600002,UGG Disco Cross Slide Dark Grey
SWUG001700001.jpg,SWUG001700001,"UGG Classic Chillapeak Boot
Chestnut"
SWUG001800001.jpg,SWUG001800001,"UGG TaSWan Weather Hybrid Slipper
Chestnut Whiteca"
SWUG001800002.jpg,SWUG001800002,"UGG TaSWan Weather Hybrid Slipper
BLACK"
SWUG001800003.jpg,SWUG001800003,"UGG TaSWan Weather Hybrid Slipper
HAVAN ORANG"
SWUG001900001.jpg,SWUG001900001,UGG Nita Platform Slipper Chestnut
SWUG002000001.jpg,SWUG002000001,UGG Goldenstar Cozy Clog Chestnut
SWUG002100001.jpg,SWUG002100001,"UGG New Heights Cozy Clog
Chestnut"
SWUG002200001.jpg,SWUG002200001,UGG Tazz Mini Boot Chestnut Brown
SWUG002300001.jpg,SWUG002300001,UGG Hayden Moc Boot Chukka Black
SWUG002300002.jpg,SWUG002300002,"UGG Hayden Moc Boot Chukka
Chestnut"
SWUG002400001.jpg,SWUG002400001,UGG Disquette Slipper Chestnut
SWUG002400002.jpg,SWUG002400002,UGG Disquette Slipper Charcoal
SWUG002500001.jpg,SWUG002500001,UGG Goldenstar Clog Chestnut
SWUG002500002.jpg,SWUG002500002,UGG Goldenstar Clog Black
SWUG002500003.jpg,SWUG002500003,UGG Goldenstar Clog Sand
SWUG002500004.jpg,SWUG002500004,UGG Goldenstar Clog light Sand
SWUG002600001.jpg,SWUG002600001,"UGG Funkarra Cabin Cuff Boot
Chestnut"
SWUG002600002.jpg,SWUG002600002,UGG Funkarra Cabin Cuff Boot Black
SWUG002600003.jpg,SWUG002600003,UGG Funkarra Cabin Cuff Boot Brown
SWUG002600004.jpg,SWUG002600004,UGG Funkarra Cabin Cuff Boot Sand
SWUG002700001.jpg,SWUG002700001,UGG Tazzlita Slipper Chestnut
SWUG002800001.jpg,SWUG002800001,UGG Venture Daze Sand Black
SWUG002800002.jpg,SWUG002800002,UGG Venture Daze Chestnut Ceramic
SWUG002900001.jpg,SWUG002900001,"UGG Erin Platform Scuff Shearling
Slipper Mustard"
SWUG002900002.jpg,SWUG002900002,"""UGG Erin Platform Scuff Shearling
Slipper Chestnu"
SWUG003000001.jpg,SWUG003000001,"UGG CLASSIC ULTRA MINI UGG
FLUFF CHESTNUT"
SWUG003000002.jpg,SWUG003000002,"UGG CLASSIC ULTRA MINI UGG
FLUFF Black Grey"
SWUG003100001.jpg,SWUG003100001,"UGG ESKIMO BUCKLED MINI BOOT
Chestnut"
SWUG003100002.jpg,SWUG003100002,"UGG ESKIMO BUCKLED MINI BOOT
Sand"
SWUG003200001.jpg,SWUG003200001,UGG Pumped Slide Mustard Seed
SWUG003300001.jpg,SWUG003300001,UGG Uncle Winter 2025 Dark Brown
SWUG003300002.jpg,SWUG003300002,UGG Uncle Winter 2025 Chestnut
SWUG003300003.jpg,SWUG003300003,UGG Uncle Winter 2025 Sand
SWUG003400001.jpg,SWUG003400001,UGG Classic Micro boot brown Sand
SWUG003400002.jpg,SWUG003400002,"UGG Classic Micro boot beige Rocky
Oak"
SWUG003500001.jpg,SWUG003500001,UGG Mini Bailey Bow II Rocky Oak
SWUG003500002.jpg,SWUG003500002,UGG Mini Bailey Bow II sand
SWUG003600001.jpg,SWUG003600001,UGG Disquette Alpine Slipper Hickory
SWUG003700001.jpg,SWUG003700001,"UGG Elea Slip-On slipper Chestnut
suede"
SWUG003700002.jpg,SWUG003700002,UGG Elea Slip-On slipper black
SWVA000400001.jpg,SWVA000400001,بلك وايت Knu Skool فانس
SWVA000400002.jpg,SWVA000400002,فانس Knu Skool Triple Black
SWVA000400003.jpg,SWVA000400003,فانس Knu Skool Navy true White
SWVA000400004.jpg,SWVA000400004,vans Knu Skool olive white sole
SWVA000400005.jpg,SWVA000400005,"vans Knu Skool Marshmallow Classic
Gum"
SWVA000400006.jpg,SWVA000400006,Vans Knu Skool Pink
SWVA000400007.jpg,SWVA000400007,"Vans Knu Skool Black white
Sidestripe ORG"
SWVA000400008.jpg,SWVA000400008,"Vans Knu Skool black white grey
accent stripe ORG"
SWVA000400009.jpg,SWVA000400009,"Vans Knu Skool black white sole red
inner lining"
SWVA000500001.jpg,SWVA000500001,فانس Chukka Push Black White
SWVA000500002.jpg,SWVA000500002,فانس Chukka Push Black White White
SWVA000600001.jpg,SWVA000600001,"Vans SK8-Low black white dark grey
Sidestripe ORG"
SWVN000100001.jpg,SWVN000100001,باندز بلك وايت VL7N فلنتينو كالفسكين
SWVN000100002.jpg,SWVN000100002,باندز وايت ايس VL7N فلنتينو كالفسكين
SWVN000100003.jpg,SWVN000100003,White Black باندز VL7N فلنتينو كالفسكين
SWVN000100004.jpg,SWVN000100004,White باندز VL7N فلنتينو كالفسكين
SWVN000100005.jpg,SWVN000100005,GREY باندز VL7N فلنتينو كالفسكين
SWVN000100006.jpg,SWVN000100006,White Black باندز VL7N فلنتينو كالفسكين لوجو
SWVN000100007.jpg,SWVN000100007,panelled باندز VL7N فلنتينو كالفسكين
SWVN000100009.jpg,SWVN000100009,Basketball باندز VL7N فلنتينو كالفسكين
SWVN000100010.jpg,SWVN000100010,"فلنتينو كالفسكين VL7N باندز Black Black
White"
SWVN000100011.jpg,SWVN000100011,"فلنتينو كالفسكين VL7N باندز Black White
Negro"
SWVN000100012.jpg,SWVN000100012,Black White باندز VL7N فلنتينو كالفسكين
SWVN000100013.jpg,SWVN000100013,Low Denim باندز VL7N فلنتينو كالفسكين
SWVN000100014.jpg,SWVN000100014,"Valentino كالفسكين VL7N باندز White
Black"
SWVN000100015.jpg,SWVN000100015,"Valentino Garavani VL7N white and
gold"
SWVN000300001.jpg,SWVN000300001,"فلنتينو Garavani ONE STUD XL LOW
تريبل بلك"
SWVN000300003.jpg,SWVN000300003,فلنتينو Garavani one stud xl low وايت
SWVN000300004.jpg,SWVN000300004,"فلنتينوGlitter Garavani ONE STUD XL
LOW تريبل بل"
SWVN000300005.jpg,SWVN000300005,فلنتينو Garavani one stud xl low بلك
SWVN000300007.jpg,SWVN000300007,"Garavani ONE STUD XL LOW White
Brown black"
SWVN000300008.jpg,SWVN000300008,Garavani ONE STUD XL LOW White metallic silver-tone accents
SWVN000400001.jpg,SWVN000400001,بلك trimmed فلنتينو
SWVN000500004.jpg,SWVN000500004,فلنتينو rockstud low وايت بلك Glitter
SWVN000500005.jpg,SWVN000500005,بلك وايت rockstud low فلنتينو
SWVN000500006.jpg,SWVN000500006,Valentino Garavani Rockstud low white black stripe lacquered studs
SWVN001000001.jpg,SWVN001000001,فلنتينو Garavani Netrunner Multicolor
SWVN001000002.jpg,SWVN001000002,فلنتينو Garavani Netrunner Black White
SWVN001000003.jpg,SWVN001000003,فلنتينو Garavani Netrunner Olive
SWVN001000004.jpg,SWVN001000004,فلنتينو Garavani Netrunner Light Grey
SWVN001000005.jpg,SWVN001000005,فلنتينو Garavani Netrunner Grey blue
SWVN001000006.jpg,SWVN001000006,فلنتينو Garavani Dark back
SWVN001000007.jpg,SWVN001000007,فلنتينو Garavani Netrunner Black
SWVN001000008.jpg,SWVN001000008,"فلنتينو Garavani Netrunner Olive
SHINY SOLE"
SWVN001100001.jpg,SWVN001100001,"فلنتينو Lace and Mesh Lacerunner
Silver White"
SWVN001200001.jpg,SWVN001200001,فلنتينو One Stud XL White grey black
SWVN001200002.jpg,SWVN001200002,فلنتينو One Stud XL White black
SWVN001200003.jpg,SWVN001200003,فلنتينو One Stud XL Black
SWVN001200004.jpg,SWVN001200004,"WHITE/NUAGE Garavani One Stud
XL فلنتينو"
SWVN001200005.jpg,SWVN001200005,"White Navy Garavani One Stud XL
فلنتينو"
SWVN001200006.jpg,SWVN001200006,"فلنتينو One Stud XL Nappa Leather
White"
SWVN001200007.jpg,SWVN001200007,فلنتينو One Stud XL BLACK White
SWVN001200008.jpg,SWVN001200008,"VALENTINO One Stud XL white Black
outsole gold back heel"
SWVN001300001.jpg,SWVN001300001,"فلنتينو Calf Leather Loafers Black
Patent Leather"
SWVN001500001.jpg,SWVN001500001,فلنتينو Garavani Rkrunne Black
SWVN001500002.jpg,SWVN001500002,Garavani Rkrunne Black counterYellow فلنتينو
SWVN001500003.jpg,SWVN001500003,"فلنتينو Garavani Rkrunne Cmflag White
Grey"
SWVN001500004.jpg,SWVN001500004,"فلنتينو Garavani Rkrunne Grey Black
Camo"
SWVN001500005.jpg,SWVN001500005,"VALENTINO Garavani Rkrunne Black
Camouflage"
SWVN001600001.jpg,SWVN001600001,"فلنتينو Garavani True Act Sneakers
Green KAKI"
SWVN001600002.jpg,SWVN001600002,"فلنتينو Garavani  True Act Sneakers
BLACK"
SWVN001600003.jpg,SWVN001600003,"فلنتينو Garavani  True Act Sneakers
WHITE BLACK"
SWVN001700001.jpg,SWVN001700001,"فلنتينو Garavani VLogo Easyjog Chinos
black"
SWVN001800001.jpg,SWVN001800001,"فلنتينو Garavani Open sneaker a01
bianco nero-bia"
SWVN001800002.jpg,SWVN001800002,"Valentino Garavani Open white green
band speckled sole"
SWVN001800003.jpg,SWVN001800003,"Valentino Garavani VLTN Open white
black VLTN logo"
SWVN001800004.jpg,SWVN001800004,"Valentino Garavani VLTN Open white
black VLTN logo&heel tab"
SWVN001800005.jpg,SWVN001800005,"Valentino Garavani Open white pink
stripe detail"
SWVN001800006.jpg,SWVN001800006,"Valentino Open Sneaker Black White
Rockstud"
SWVN001800007.jpg,SWVN001800007,"Valentino Open Sneaker White Navy
blue"
SWVN001900001.jpg,SWVN001900001,"valentino gravani Leisure Flows
espadrilles black"
SWVN001900002.jpg,SWVN001900002,"valentino gravani Leisure Flows
espadrilles Green"
SWVN001900003.jpg,SWVN001900003,"valentino gravani Leisure Flows
espadrilles Beige"
SWVN002000001.jpg,SWVN002000001,"Valentino Garavani Rockstud Untitled
low-top sneaker white"
SWVN002000002.jpg,SWVN002000002,Valentino Garavani Rockstud Untitled black platinum-finish studs
SWVN002100001.jpg,SWVN002100001,Valentino Garavani VLogo Signature leather brown gold-tone VLogo
SWVN002100002.jpg,SWVN002100002,Valentino Garavani VLogo Signature leather black silver-tone Vlogo
SWVN002200001.jpg,SWVN002200001,"Valentino Garavani Royco black white
VLogo Signature"
SWVN002300001.jpg,SWVN002300001,"Valentino Garavani Open Skate white
navy blue gray outsole"
SWVN002300002.jpg,SWVN002300002,Valentino Garavani Open Skate Calfskin/Fabric White Black
SWVO000100001.jpg,SWVO000100001,Veja Volley White Emeraude green
SWVO000100002.jpg,SWVO000100002,Veja Volley White Natural beige
SWVO000100003.jpg,SWVO000100003,Veja Volley White Black black V logo
SWVR000100001.jpg,SWVR000100001,Versace Jeans Couture Black Spyke
1.jpg,1,Warrior SalaxMickey black stras
2.jpg,2,"Warrior SalaxMickey synthetic White
black"
3.jpg,3,"Warrior Salax Mickey Silver stras
ORG"
4.jpg,4,"Warrior Salax Mickey TRIBLE black
stras ORG"
SWWR000100005.jpg,SWWR000100005,"Warrior Salax Mickey White stras
ORG"
6.jpg,6,Warrior SalaxMickey black stras ORG
SWYK000100001.jpg,SWYK000100001,"y2k metal fittings beige black fantasy
silver"
SWYK000100002.jpg,SWYK000100002,y2k metal fittings black fantasy
SWZG000100001.jpg,SWZG000100001,"Zegna Ermenegildo Triple Stitch
White"
SWZG000100002.jpg,SWZG000100002,Zegna Ermenegildo TripleStitch Black
SWZG000100003.jpg,SWZG000100003,Zegna Ermenegildo Triple Stitch Grey
SWZG000100004.jpg,SWZG000100004,"Zegna Ermenegildo Triple Stitch
brown orange  Sude"
SWZG000100005.jpg,SWZG000100005,"Zegna Ermenegildo Triple Stitch
brown&white"
SWZG000100006.jpg,SWZG000100006,"Zegna Ermenegildo Triple Stitch
Black&WHITE"
SWZG000100007.jpg,SWZG000100007,"Zegna Ermenegildo Triple Stitch navy
&brown jans"
SWZG000100008.jpg,SWZG000100008,"Zegna Ermenegildo Triple Stitch
Black&brown"
SWZG000100009.jpg,SWZG000100009,"Zegna Ermenegildo Triple Stitch grey
mid Sude"
SWZG000100010.jpg,SWZG000100010,"Zegna Ermenegildo Triple Stitch
navyBrown Sude"
SWZG000100011.jpg,SWZG000100011,"Zegna Ermenegildo Triple Stitch OFF
WHITE"
SWZG000100012.jpg,SWZG000100012,"Zegna Ermenegildo Triple Stitch
Green"
SWZG000100013.jpg,SWZG000100013,"Zegna Ermenegildo Triple Stitch
Green Crocodile"
SWZG000100014.jpg,SWZG000100014,"Zegna Ermenegildo Triple Stitch Blue
Crocodile"
SWZG000100015.jpg,SWZG000100015,"Zegna Ermenegildo Triple Stitch light
gray"
SWZG000100016.jpg,SWZG000100016,"Zegna Ermenegildo Triple dark gray
brown"
SWZG000100017.jpg,SWZG000100017,"Zegna Ermenegildo Triple Stitch
BEIGE"
SWZG000100018.jpg,SWZG000100018,"Zegna Ermenegildo Suede+ Leather
Triple Stitch Bro"
SWZG000100019.jpg,SWZG000100019,"Zegna Ermenegildo Suede+ Leath
Triple Stitch BLACK"
SWZG000100020.jpg,SWZG000100020,"Zegna Ermenegildo Triple Stitch
WHITE BLACK"
SWZG000100021.jpg,SWZG000100021,"Zegna Ermenegildo Triple Stitch
Off-White Brown"
SWZG000100022.jpg,SWZG000100022,"Zegna Ermenegildo Triple Stitch navy
blue calf leather"
SWZG000100023.jpg,SWZG000100023,"Zegna Ermenegildo Triple Stitch
brown leather"
SWZG000100024.jpg,SWZG000100024,"Zegna Ermenegildo Triple Stitch
Black/Tan Brown"
SWZG000100025.jpg,SWZG000100025,"Zegna Ermenegildo Triple Stitch black
embossed crocodile effect"
SWZG000100026.jpg,SWZG000100026,"Zegna Ermenegildo Triple Stitch
brown suede white"
SWZG000100027.jpg,SWZG000100027,"Zegna Ermenegildo Triple Stitch Blue
Denim white"
SWZG000100028.jpg,SWZG000100028,"Zegna Ermenegildo Triple Stitch OFF
WHITE GRAME"
SWZG000100029.jpg,SWZG000100029,"Zegna Ermenegildo TripleStitch Black
Lighting"
SWZG000100030.jpg,SWZG000100030,Zegna Ermenegildo Triple Stitch brown suede offwhite sole
SWZG000100031.jpg,SWZG000100031,"Zegna Ermenegildo Triple Stitch
lighter brown leather"
SWZG000100032.jpg,SWZG000100032,"Zegna Ermenegildo TripleStitch
Monte GRAY"
SWZG000100033.jpg,SWZG000100033,"Zegna Ermenegildo Triple Stitch Avio
blue deerskin leather"
SWZG000100034.jpg,SWZG000100034,Zegna Triple Stitch Light Beige white
SWZG000100035.jpg,SWZG000100035,"Zegna Ermenegildo Triple Stitch
BEIGE LEATHER"
SWZG000200001.jpg,SWZG000200001,"Zegna Ermenegildo RUNNER Triple
Stitch White"
SWZG000200002.jpg,SWZG000200002,"Zegna Ermenegildo RUNNER Triple
Stitch black"
PMPI0002000001.jpg,PMPI0002000001,"Brunello Cucinelli beige suede
sandals"
PMPI0002000002.jpg,PMPI0002000002,"Brunello Cucinelli BROWN suede
sandals"
PMPI0002000003.jpg,PMPI0002000003,"Brunello Cucinelli BLACK suede
sandals"
PMPI0002000004.jpg,PMPI0002000004,"Brunello Cucinelli LIGHT BROWN
suede sandals"
PMPI0002000005.jpg,PMPI0002000005,"Brunello Cucinelli BLACK suede
sandals wide strap"
PWPI0002000001.jpg,PWPI0002000001,"Brunello Cucinelli beige suede
sandals"
PWPI0002000002.jpg,PWPI0002000002,"Brunello Cucinelli BROWN suede
sandals"
PWPI0002000003.jpg,PWPI0002000003,"Brunello Cucinelli BLACK suede
sandals"
PWPI0002000004.jpg,PWPI0002000004,"Brunello Cucinelli LIGHT BROWN
suede sandals"
PWPI0002000005.jpg,PWPI0002000005,"Brunello Cucinelli BLACK suede
sandals wide strap"
SMAI0001000001.jpg,SMAI0001000001,Alaïa Fishnet Ballerina Flats BLACK
SMAI0001000002.jpg,SMAI0001000002,"Alaïa Fishnet Ballerina Flats WHITE
SELIVER"
SMAI0001000003.jpg,SMAI0001000003,"Alaïa Fishnet Ballerina Flats SELIVER
WHITE"
SMAI0001000004.jpg,SMAI0001000004,"Alaïa Fishnet Ballerina Flats SELIVER
BLACK"
SMAI0001000005.jpg,SMAI0001000005,"Alaïa Fishnet Ballerina Flats laser-cut
pattern BLACK"
SMAI0001000006.jpg,SMAI0001000006,"Alaïa Fishnet Ballerina Flats  laser-cut
pattern WHITE"
SMAI0001000007.jpg,SMAI0001000007,Alaïa Fishnet Ballerina Flats Crystal-embellished BLACK
SMAI0001000008.jpg,SMAI0001000008,Alaïa Fishnet Ballerina Flats Crystal-embellished WHITE
SMNR0001000001.jpg,SMNR0001000001,New Rock M-TANK106-C1 black platform Metallic Collection
SMPI0001000001.jpg,SMPI0001000001,"Brunello Cucinelli loafer chunky
BLACK"
SMPI0001000002.jpg,SMPI0001000002,"Brunello Cucinelli loafer chunky
BROWN"
SMPI0001000003.jpg,SMPI0001000003,"Brunello Cucinelli loafer chunky
BLACK LACES"
SMPI0001000004.jpg,SMPI0001000004,"Brunello Cucinelli loafer chunky
BROWN LACES"
SWAI0001000001.jpg,SWAI0001000001,Alaïa Fishnet Ballerina Flats BLACK
SWAI0001000002.jpg,SWAI0001000002,"Alaïa Fishnet Ballerina Flats WHITE
SELIVER"
SWAI0001000003.jpg,SWAI0001000003,"Alaïa Fishnet Ballerina Flats SELIVER
WHITE"
SWAI0001000004.jpg,SWAI0001000004,"Alaïa Fishnet Ballerina Flats SELIVER
BLACK"
SWAI0001000005.jpg,SWAI0001000005,"Alaïa Fishnet Ballerina Flats laser-cut
pattern BLACK"
SWAI0001000006.jpg,SWAI0001000006,"Alaïa Fishnet Ballerina Flats  laser-cut
pattern WHITE"
SWAI0001000007.jpg,SWAI0001000007,Alaïa Fishnet Ballerina Flats Crystal-embellished BLACK
SWAI0001000008.jpg,SWAI0001000008,Alaïa Fishnet Ballerina Flats Crystal-embellished WHITE
1.jpg,1,New Rock M-TANK106-C1 black platform Metallic Collection
SWPI0001000001.jpg,SWPI0001000001,"Brunello Cucinelli loafer chunky
BLACK"
SWPI0001000002.jpg,SWPI0001000002,"Brunello Cucinelli loafer chunky
BROWN"
SWPI0001000003.jpg,SWPI0001000003,"Brunello Cucinelli loafer chunky
BLACK LACES"
SWPI0001000004.jpg,SWPI0001000004,"Brunello Cucinelli loafer chunky
BROWN LACES"
TRAVEL BAG 0104.jpg,TRAVEL BAG 0104,gray طقم شنط سفر 3 قطع
TRAVEL BAG 0105.jpg,TRAVEL BAG 0105,purple طقم شنط سفر 3 قطع
TRAVEL BAG 0106.jpg,TRAVEL BAG 0106,blue  طقم شنط سفر 3 قطع
TRAVEL BAG 0107.jpg,TRAVEL BAG 0107,black  طقم شنط سفر 3 قطع
TRAVEL BAG 0108.jpg,TRAVEL BAG 0108,طقم شنط سفر 3 قطع  silver gray
TRAVEL BAG 0109.jpg,TRAVEL BAG 0109,rose gold  طقم شنط سفر 3 قطع
TRAVEL BAG 0110.jpg,TRAVEL BAG 0110,winy  طقم شنط سفر 3 قطع
TRAVEL BAG 0111.jpg,TRAVEL BAG 0111,winy شنطة سفر ميديم
TRAVEL BAG 0112.jpg,TRAVEL BAG 0112,winy شنطة سفر لرج
TRAVEL BAG 0113.jpg,TRAVEL BAG 0113,rose gold شنطة سفر ميديم
TRAVEL BAG 0114.jpg,TRAVEL BAG 0114,rose gold شنطة سفر لرج
TRAVEL BAG 0115.jpg,TRAVEL BAG 0115,silver gray  شنطة سفر ميديم
TRAVEL BAG 0116.jpg,TRAVEL BAG 0116,شنطة سفر لرج silver gray
TRAVEL BAG 0119.jpg,TRAVEL BAG 0119,black شنطة سفر لرج
TRAVEL BAG 0120.jpg,TRAVEL BAG 0120,blue  شنطة سفر ميديم
TRAVEL BAG 0121.jpg,TRAVEL BAG 0121,blue شنطة سفر لرج
TRAVEL BAG 0122.jpg,TRAVEL BAG 0122,purple شنطة سفر ميديم
TRAVEL BAG 0123.jpg,TRAVEL BAG 0123,purple شنطة سفر لرج
TRAVEL BAG 0124.jpg,TRAVEL BAG 0124,GRAY شنطة سفر ميديم
TRAVEL BAG 0125.jpg,TRAVEL BAG 0125,GRAYشنطة سفر لرج
